{"data":{"metadata":{"distractor_rationale_response_level":["","","",""],"correct_feedback":"Your answer is correct.","incorrect_feedback":"Your answer is incorrect.","partially_correct_feedback":"Your answer is partially correct.","penalty_percent":"33.33333"},"stimulus":"Which of the two\nchemicals, CO<sub>2</sub> or CF<sub>3</sub>CCl<sub>3</sub><sub></sub>, is a more potent green house gas (per single molecule)?<br>","is_math":false,"instantfeedback":true,"type":"mcq","multiple_responses":false,"ui_style":{"type":"horizontal"},"shuffle_options":true,"options":[{"label":"CO<sub>2</sub><br>","value":"0"},{"label":"CF<sub>3</sub><sub></sub>CCl<sub>3</sub><br>","value":"1"},{"label":"Equal contributions<br>","value":"2"},{"label":"None of them is a green house gas<br>","value":"3"}],"validation":{"alt_responses":[],"scoring_type":"exactMatch","valid_response":{"score":1.0,"value":["1"]}},"feedback_attempts":1,"instant_feedback":true,"instructor_stimulus":"\n<h4>EX1Q8</h4>\n<p>This question was automatically converted from Moodle</p>\n<p>Moodle source: <a href='https://quizzeslti.wiris.net/njit.edu/question/question.php?id=319572&courseid=200' target='_blank'>Edit</a> <a href='https://quizzeslti.wiris.net/njit.edu/question/preview.php?id=319572&courseid=200&behaviour=immediatefeedback' target='_blank'>Preview</a></p>\n\n"},"reference":"00b9031b-f7db-aee9-b929-205d3f5d43bf","type":"mcq"}