{"data":{"metadata":{"distractor_rationale_response_level":["","","","",""],"correct_feedback":"Your answer is correct.","incorrect_feedback":"Your answer is incorrect.","partially_correct_feedback":"Your answer is partially correct.","penalty_percent":"33.33333"},"stimulus":"Which factor contributes the largest uncertainty in the evaluation of net radiative forcing?<br>","is_math":false,"instantfeedback":true,"type":"mcq","multiple_responses":false,"ui_style":{"type":"horizontal"},"shuffle_options":true,"options":[{"label":"aerosols and clouds<br>","value":"0"},{"label":"carbon dioxide<br>","value":"1"},{"label":"methane<br>","value":"2"},{"label":"ozone<br>","value":"3"},{"label":"solar irradiance <br>","value":"4"}],"validation":{"alt_responses":[],"scoring_type":"exactMatch","valid_response":{"score":1.0,"value":["0"]}},"feedback_attempts":1,"instant_feedback":true,"instructor_stimulus":"\n<h4>HW4Q7</h4>\n<p>This question was automatically converted from Moodle</p>\n<p>Moodle source: <a href='https://quizzeslti.wiris.net/njit.edu/question/question.php?id=319545&courseid=200' target='_blank'>Edit</a> <a href='https://quizzeslti.wiris.net/njit.edu/question/preview.php?id=319545&courseid=200&behaviour=immediatefeedback' target='_blank'>Preview</a></p>\n\n"},"reference":"01558e94-1fd6-7da0-cc7d-cc4ee3db2b0d","type":"mcq"}