{"data":{"metadata":{"penalty_percent":"33.33333"},"type":"clozetext","stimulus":"Match the following aerosol components with correct aerosol type (primary or secondary):\n<p>* Soot: {#1}<br>* Mineral dust: {#2} <br>* Sulfate associated with combustion of fossil fuels: {#3}\n<br>* Sodium chloride: {#4}<br>* Smog in the ozone + lemon peel demo: {#5}<br>* Nitrate: {#6}<br>* Metal oxides: {#7}<br>* Ammonium: {#8}<br>* Lubricating oil: {#9}<br>* Oxidized organics: {#10}<br></p><p></p>\n<br/><br/><strong>This question is a stub, as there is currently no conversion from <em>multianswerwiris</em> to Learnosity.</strong><br/> Source: <a href=\"https://quizzeslti.wiris.net/njit.edu/question/question.php?id=319607&courseid=200\" target=\"_blank\">https://quizzeslti.wiris.net/njit.edu/question/question.php?id=319607&courseid=200</a>","template":"","validation":{"scoring_type":"exactMatch","valid_respnse":{"score":1,"value":[]}},"is_math":false,"feedback_attempts":1,"instant_feedback":true,"instructor_stimulus":"\n<h4>Q3Q4</h4>\n<p>This question was automatically converted from Moodle</p>\n<p>Moodle source: <a href='https://quizzeslti.wiris.net/njit.edu/question/question.php?id=319607&courseid=200' target='_blank'>Edit</a> <a href='https://quizzeslti.wiris.net/njit.edu/question/preview.php?id=319607&courseid=200&behaviour=immediatefeedback' target='_blank'>Preview</a></p>\n\n"},"type":"clozetext","reference":"03d287cf-a085-59ee-9f3c-f3ee92c3b976"}