{"data":{"metadata":{"penalty_percent":"33.33333"},"type":"clozetext","stimulus":"Use the ideal gas law to calculate the number density (molecule cm<sup>-3</sup>)\nof air, if its temperature and pressure are #t <sup>o</sup>C and #p atm,\nrespectively. Calculate the number density of a trace gas, if its mixing ratio in the air\nis #MR ppm.<br>\n<br/><br/><strong>This question is a stub, as there is currently no conversion from <em>shortanswerwiris</em> to Learnosity.</strong><br/> Source: <a href=\"https://quizzeslti.wiris.net/njit.edu/question/question.php?id=319525&courseid=200\" target=\"_blank\">https://quizzeslti.wiris.net/njit.edu/question/question.php?id=319525&courseid=200</a>","template":"","validation":{"scoring_type":"exactMatch","valid_respnse":{"score":1,"value":[]}},"is_math":false,"feedback_attempts":1,"instant_feedback":true,"instructor_stimulus":"\n<h4>Q1Q3</h4>\n<p>This question was automatically converted from Moodle</p>\n<p>Moodle source: <a href='https://quizzeslti.wiris.net/njit.edu/question/question.php?id=319525&courseid=200' target='_blank'>Edit</a> <a href='https://quizzeslti.wiris.net/njit.edu/question/preview.php?id=319525&courseid=200&behaviour=immediatefeedback' target='_blank'>Preview</a></p>\n\n"},"type":"clozetext","reference":"04a9f770-9f49-d920-3bf5-b32ea2a91709"}