{"data":{"metadata":{"penalty_percent":"33.33333"},"type":"clozetext","stimulus":"Calculate the partial pressure of water at #t °C and #RH % relative humidity. Express this partial pressure in units of Torr, atm, and Pa. Convert this partial pressure to number density (molecule cm<sup>-3</sup>). Calculate volumetric mixing ratio (%) of water vapor in air, if the number density of air is #NDair molecule cm<sup>-3</sup>.<br>\n<br/><br/><strong>This question is a stub, as there is currently no conversion from <em>shortanswerwiris</em> to Learnosity.</strong><br/> Source: <a href=\"https://quizzeslti.wiris.net/njit.edu/question/question.php?id=319580&courseid=200\" target=\"_blank\">https://quizzeslti.wiris.net/njit.edu/question/question.php?id=319580&courseid=200</a>","template":"","validation":{"scoring_type":"exactMatch","valid_respnse":{"score":1,"value":[]}},"is_math":false,"feedback_attempts":1,"instant_feedback":true,"instructor_stimulus":"\n<h4>EX1Q14</h4>\n<p>This question was automatically converted from Moodle</p>\n<p>Moodle source: <a href='https://quizzeslti.wiris.net/njit.edu/question/question.php?id=319580&courseid=200' target='_blank'>Edit</a> <a href='https://quizzeslti.wiris.net/njit.edu/question/preview.php?id=319580&courseid=200&behaviour=immediatefeedback' target='_blank'>Preview</a></p>\n\n"},"type":"clozetext","reference":"04ee7b8f-791f-3fd8-9133-d4558dc457b3"}