{"data":{"metadata":{},"stimulus":"<p></p><ul type=\"disc\">\n </ul>Snap pictures of Part 1 and Part 2 pages using your smartphone/tablet, using an app of your choice (GoogleDrive, Microsoft OfficeLens,\nCamScanner, AdobeScan, etc.) that allows to take and process the images, cropping margins,\neliminating distortions, improving contrast and color, and combining several\nimages into a single PDF. <b>All pages must be combined in a single file. </b><b><br></b><p></p><p>Press firmly and write legibly. PDF must be of nearly-photocopier quality. <b>A\nZERO grade will be assigned to poorly legible submissions</b> (if it cannot be\nread, it cannot be graded).<br></p>","max_files":1,"type":"fileupload","allow_pdf":true,"allow_jpg":true,"allow_gif":true,"allow_png":true,"allow_csv":true,"allow_rtf":true,"allow_txt":true,"allow_ms_word":true,"allow_ms_excel":true,"allow_open_office":true,"validation":{"max_score":1},"instructor_stimulus":"\n<h4>Part 3</h4>\n<p>This question was automatically converted from Moodle</p>\n<p>Moodle source: <a href='https://quizzeslti.wiris.net/njit.edu/question/question.php?id=319464&courseid=200' target='_blank'>Edit</a> <a href='https://quizzeslti.wiris.net/njit.edu/question/preview.php?id=319464&courseid=200&behaviour=immediatefeedback' target='_blank'>Preview</a></p>\n\n"},"reference":"0516d93f-4496-ac9f-e82f-450900837dc1","type":"fileupload"}