{"data":{"metadata":{"distractor_rationale_response_level":[""],"penalty_percent":"10.0"},"stimulus":"What is the empirical formula for acetone, C<sub>2</sub>H<sub>4</sub>O<sub>2</sub>? (Keep elements in same order for your answer) <font color=\"#0000ff\"><br><br><span style=\"color: rgb(204, 0, 0);\">Remember to use correct symbols for elements--C for carbon (NOT c), etc.</span><br style=\"color: rgb(204, 0, 0);\"><br></font><div style=\"text-align: right;\">\n<a href=\"https://njit2.mrooms.net/mod/book/view.php?id=776643&amp;chapterid=44687\" target=\"_blank\">Help: Empirical formula explanation</a><br><font color=\"#0000ff\"><sub></sub></font>\n</div>","is_math":false,"case_sensitive":true,"type":"shorttext","validation":{"alt_responses":[],"scoring_type":"exactMatch","valid_response":{"score":1.0,"value":"CH2O"}},"feedback_attempts":1,"instant_feedback":true,"instructor_stimulus":"\n<h4>Empirical formula</h4>\n<p>This question was automatically converted from Moodle</p>\n<p>Moodle source: <a href='https://quizzeslti.wiris.net/njit.edu/question/question.php?id=319723&courseid=200' target='_blank'>Edit</a> <a href='https://quizzeslti.wiris.net/njit.edu/question/preview.php?id=319723&courseid=200&behaviour=immediatefeedback' target='_blank'>Preview</a></p>\n\n"},"reference":"05b6e555-62b8-8b16-0cd6-5b29533abbf1","type":"shorttext"}