{"data":{"metadata":{"penalty_percent":"33.33333"},"type":"clozetext","stimulus":"The extinction and scattering cross-sections of atmospheric aerosol (per particle) are #Ex and #Sc cm<sup>2</sup>, respectively and the number density is #ND particle cm<sup>-3</sup>. Use this information to calculate the aerosol single scattering albedo (SSA) and also light attenuation (%) over a #L km distance. Recall that light attenuation is (1–<i>I/I<sub>0</sub></i>)×100% and I=I<sub>0</sub>exp(-σ<sub>ext</sub>·ND·L).<br>\n<br/><br/><strong>This question is a stub, as there is currently no conversion from <em>shortanswerwiris</em> to Learnosity.</strong><br/> Source: <a href=\"https://quizzeslti.wiris.net/njit.edu/question/question.php?id=319606&courseid=200\" target=\"_blank\">https://quizzeslti.wiris.net/njit.edu/question/question.php?id=319606&courseid=200</a>","template":"","validation":{"scoring_type":"exactMatch","valid_respnse":{"score":1,"value":[]}},"is_math":false,"feedback_attempts":1,"instant_feedback":true,"instructor_stimulus":"\n<h4>Q3Q3</h4>\n<p>This question was automatically converted from Moodle</p>\n<p>Moodle source: <a href='https://quizzeslti.wiris.net/njit.edu/question/question.php?id=319606&courseid=200' target='_blank'>Edit</a> <a href='https://quizzeslti.wiris.net/njit.edu/question/preview.php?id=319606&courseid=200&behaviour=immediatefeedback' target='_blank'>Preview</a></p>\n\n"},"type":"clozetext","reference":"067dcd08-6748-77d3-047e-e2d684f86ad6"}