{"data":{"metadata":{"penalty_percent":"33.33333"},"type":"clozetext","stimulus":"<p style=\"text-align: left;\">Calculate the equilibrium molar concentration of carbon dioxide in cloud droplets, if its mixing ratio in air is #MR ppm and its Henry's law constant is 3.4×10<sup>-2</sup> M atm<sup>-1</sup>. Assume that the air pressure is #p atm. What would be the pH of cloud droplets, if <b>one quarter</b> of the dissolved CO<sub>2</sub> dissociates (CO<sub>2</sub> + H<sub>2</sub>O → H<sup>+</sup> + HCO<sub>3</sub><sup>-</sup>)?<br></p>\n<br/><br/><strong>This question is a stub, as there is currently no conversion from <em>shortanswerwiris</em> to Learnosity.</strong><br/> Source: <a href=\"https://quizzeslti.wiris.net/njit.edu/question/question.php?id=319652&courseid=200\" target=\"_blank\">https://quizzeslti.wiris.net/njit.edu/question/question.php?id=319652&courseid=200</a>","template":"","validation":{"scoring_type":"exactMatch","valid_respnse":{"score":1,"value":[]}},"is_math":false,"feedback_attempts":1,"instant_feedback":true,"instructor_stimulus":"\n<h4>EX2Q8</h4>\n<p>This question was automatically converted from Moodle</p>\n<p>Moodle source: <a href='https://quizzeslti.wiris.net/njit.edu/question/question.php?id=319652&courseid=200' target='_blank'>Edit</a> <a href='https://quizzeslti.wiris.net/njit.edu/question/preview.php?id=319652&courseid=200&behaviour=immediatefeedback' target='_blank'>Preview</a></p>\n\n"},"type":"clozetext","reference":"06a83141-149c-5bb3-d571-93f7e9d88ced"}