{"data":{"metadata":{"penalty_percent":"33.33333"},"type":"clozetext","stimulus":"In\nChina, the urban air is considered polluted if the average sulfur dioxide\n(SO<sub>2</sub>) concentration exceeds 150 μg/m<sup>3</sup>. Convert this mass concentration to\nnumber density (molecule cm<sup>-3</sup>) and volume mixing ratio (ppbv). How\ndoes this mixing ratio compare to the EPA standard (75 ppbv)? Enter <b>0</b><b> </b>or <b>1</b>, respectively, if it is in or out of compliance. In your\ncalculation, assume that the temperature and pressure are #T K and #P kPa,\nrespectively. Atomic masses of O and S are 16 and 32 g mol<sup>-1</sup>, respectively.<br>\n<br/><br/><strong>This question is a stub, as there is currently no conversion from <em>shortanswerwiris</em> to Learnosity.</strong><br/> Source: <a href=\"https://quizzeslti.wiris.net/njit.edu/question/question.php?id=319645&courseid=200\" target=\"_blank\">https://quizzeslti.wiris.net/njit.edu/question/question.php?id=319645&courseid=200</a>","template":"","validation":{"scoring_type":"exactMatch","valid_respnse":{"score":1,"value":[]}},"is_math":false,"feedback_attempts":1,"instant_feedback":true,"instructor_stimulus":"\n<h4>EX2Q1</h4>\n<p>This question was automatically converted from Moodle</p>\n<p>Moodle source: <a href='https://quizzeslti.wiris.net/njit.edu/question/question.php?id=319645&courseid=200' target='_blank'>Edit</a> <a href='https://quizzeslti.wiris.net/njit.edu/question/preview.php?id=319645&courseid=200&behaviour=immediatefeedback' target='_blank'>Preview</a></p>\n\n"},"type":"clozetext","reference":"0829f27d-7ac8-0d55-e805-453e022444a2"}