{"data":{"metadata":{"penalty_percent":"33.33333"},"type":"clozetext","stimulus":"<p></p><p></p><p></p><p><!--[if !supportLists]--><!--[endif]-->You are on board of a Concorde airplane at its cruising\naltitude of 57,000 feet. The mixing ratio of ozone at this altitude is #MR1 ppm.\nConvert this mixing ratio to {#1} ppb and decide whether you would have been exposed\nto a dangerous level of ozone during the flight, if the ozone was not destroyed\nin the aircraft’s high temperature compressor (type <b>safe</b> or <b>unsafe</b>) {#2}. The EPA standard for ozone is 70\nppb.</p><p></p><p></p>\n<br/><br/><strong>This question is a stub, as there is currently no conversion from <em>multianswerwiris</em> to Learnosity.</strong><br/> Source: <a href=\"https://quizzeslti.wiris.net/njit.edu/question/question.php?id=319576&courseid=200\" target=\"_blank\">https://quizzeslti.wiris.net/njit.edu/question/question.php?id=319576&courseid=200</a>","template":"","validation":{"scoring_type":"exactMatch","valid_respnse":{"score":1,"value":[]}},"is_math":false,"feedback_attempts":1,"instant_feedback":true,"instructor_stimulus":"\n<h4>EX1Q12</h4>\n<p>This question was automatically converted from Moodle</p>\n<p>Moodle source: <a href='https://quizzeslti.wiris.net/njit.edu/question/question.php?id=319576&courseid=200' target='_blank'>Edit</a> <a href='https://quizzeslti.wiris.net/njit.edu/question/preview.php?id=319576&courseid=200&behaviour=immediatefeedback' target='_blank'>Preview</a></p>\n\n"},"type":"clozetext","reference":"083a4a02-21f4-dbb7-f262-9a5206235aa5"}