{"data":{"metadata":{},"stimulus":"What is the mass of {{var:x1}} molecules of nitrogen dioxide, NO<sub>2</sub>, in g? USE 3 SIG. FIG. </p><p align=\"right\"><a href=\"https://njit2.mrooms.net/mod/book/view.php?id=776643&amp;chapterid=44683\" target=\"_blank\">Help: Conversion Factor</a>","instantfeedback":true,"type":"formulaV2","ui_style":{"type":"no-input-ui"},"is_math":true,"validation":{"scoring_type":"exactMatch","alt_responses":[],"valid_response":{"score":2.0,"value":[{"method":"equivValue","value":"{{var:ans2}} \\pm 0.02*({{var:ans2}})","options":{"decimalPlaces":10}}]}},"instructor_stimulus":"\n<h4>PT 1d basic mole defined</h4>\n<p>This question was automatically converted from Moodle</p>\n<p>Moodle source: <a href='https://quizzeslti.wiris.net/njit.edu/question/question.php?id=319727&courseid=200' target='_blank'>Edit</a> <a href='https://quizzeslti.wiris.net/njit.edu/question/preview.php?id=319727&courseid=200&behaviour=immediatefeedback' target='_blank'>Preview</a></p>\n<br />\n<p>Expressions converted from Moodle:</p><pre>\n ans0 := {x}+5*1.0079+14\n ans1 := 32/{x}*100\n ans2 := {x}/6.02e23*(14+32)\n</pre>\n\n"},"reference":"08aca1d2-b167-170b-018d-12d0efcc602e","type":"formulaV2"}