{"data":{"metadata":{"penalty_percent":"33.33333"},"type":"clozetext","stimulus":"<p></p><p></p><p></p><p>The\nmass concentration of particles in ambient air is regulated by the National\nAmbient Air Quality Standards (NAAQS) set by the Environmental Protection\nAgency (EPA). The current standard for particles smaller than 2.5 um (PM2.5) is\n35 ug m<sup>-3</sup> (a 24-hour average). One way to\nmeasure the mass concentration of PM2.5 is by collecting particles on a filter.\nA known volume of air is pumped thought the filter and the mass increase due to\nthe deposited particles is measured with an analytical balance.</p>\n\n<p>(a) Calculate the mass concentration of PM2.5 {#1} ug m<sup>-3</sup> and determine whether the NAAQS has been violated or not (type <b>1</b><b></b> or <b>0</b><b></b>, respectively) {#2},\nif during 24-hour collection at a flow rate of #f m<sup>3</sup> min<sup>‑1</sup>\nthe balance registered a filter mass increase of #m mg. </p>\n\n(b) Assuming that the\nparticles have a uniform <b>diameter</b> of #d um and material density of #rho g cm<sup>-3</sup>, calculate the number density (number concentration) of\naerosol in the air {#3} particles cm<sup>-3</sup>.<br><p></p><p></p><br><p></p>\n<br/><br/><strong>This question is a stub, as there is currently no conversion from <em>multianswerwiris</em> to Learnosity.</strong><br/> Source: <a href=\"https://quizzeslti.wiris.net/njit.edu/question/question.php?id=319584&courseid=200\" target=\"_blank\">https://quizzeslti.wiris.net/njit.edu/question/question.php?id=319584&courseid=200</a>","template":"","validation":{"scoring_type":"exactMatch","valid_respnse":{"score":1,"value":[]}},"is_math":false,"feedback_attempts":1,"instant_feedback":true,"instructor_stimulus":"\n<h4>HW5Q1</h4>\n<p>This question was automatically converted from Moodle</p>\n<p>Moodle source: <a href='https://quizzeslti.wiris.net/njit.edu/question/question.php?id=319584&courseid=200' target='_blank'>Edit</a> <a href='https://quizzeslti.wiris.net/njit.edu/question/preview.php?id=319584&courseid=200&behaviour=immediatefeedback' target='_blank'>Preview</a></p>\n\n"},"type":"clozetext","reference":"0924d785-3b43-d0b8-a0f5-4e2e47c09be5"}