{"data":{"metadata":{"distractor_rationale_response_level":["","","","","",""],"penalty_percent":"10.0"},"stimulus":"Which of the following ionic compounds has the lowest melting point?","is_math":false,"instantfeedback":true,"type":"mcq","multiple_responses":false,"ui_style":{"type":"horizontal"},"shuffle_options":false,"options":[{"label":"Cs<sub>2</sub>O","value":"0"},{"label":"K<sub>2</sub>O","value":"1"},{"label":"BeO","value":"2"},{"label":"SrO","value":"3"},{"label":"LiF","value":"4"},{"label":"CsI","value":"5"}],"validation":{"alt_responses":[],"scoring_type":"exactMatch","valid_response":{"score":1.0,"value":["5"]}},"feedback_attempts":1,"instant_feedback":true,"instructor_stimulus":"\n<h4>CB 4d Ionic compounds 1</h4>\n<p>This question was automatically converted from Moodle</p>\n<p>Moodle source: <a href='https://quizzeslti.wiris.net/njit.edu/question/question.php?id=319802&courseid=200' target='_blank'>Edit</a> <a href='https://quizzeslti.wiris.net/njit.edu/question/preview.php?id=319802&courseid=200&behaviour=immediatefeedback' target='_blank'>Preview</a></p>\n\n"},"reference":"096c7588-f92f-0667-55cb-6e7c0444b384","type":"mcq"}