{"definition":{"widgets":[{"reference":"9169c606-2bee-5e6b-09bd-42e62298ae01"}],"template":"dynamic"},"questions":[{"type":"mcq","reference":"9169c606-2bee-5e6b-09bd-42e62298ae01"}],"features":[],"tags":{"Migration status":["Not started"],"Import status":["Complete"],"Moodle question type":["multichoicewiris"],"Moodle flag":["Used in a quiz explicitely","Duplicate, already included in a bundled item and not a random variant"],"category":["top/Default for CHEM 360 Master Course"]},"reference":"002314a2-13f2-9d14-4233-c942f18c99b5","status":"published","title":"HW5Q5","note":"","source":"https://quizzeslti.wiris.net/njit.edu/question/question.php?id=319592&courseid=200","dynamic_content_data":[]}