{"definition":{"widgets":[{"reference":"496282e1-fd13-a6c5-0b54-a5f7abc98aa7"}],"template":"dynamic"},"questions":[{"type":"clozetext","reference":"496282e1-fd13-a6c5-0b54-a5f7abc98aa7"}],"features":[],"tags":{"Migration status":["Not started"],"Import status":["Incomplete"],"Moodle question type":["matchwiris"],"Moodle flag":["Used in a quiz explicitely","Duplicate, already included in a bundled item and not a random variant"],"category":["top/Default for CHEM 360 Master Course"]},"reference":"00a6f9e7-0c4b-76a5-0832-3edcde75a26f","status":"published","title":"EX2Q15 (INCOMPLETE)","note":"","source":"https://quizzeslti.wiris.net/njit.edu/question/question.php?id=319664&courseid=200","dynamic_content_data":[]}