{"definition":{"widgets":[{"reference":"162709f9-5d6a-cdb3-fdb4-f7d6daca688a"}],"template":"dynamic"},"questions":[{"type":"clozetext","reference":"162709f9-5d6a-cdb3-fdb4-f7d6daca688a"}],"features":[],"tags":{"Migration status":["Not started"],"Import status":["Incomplete"],"Moodle question type":["shortanswerwiris"],"Moodle flag":["Used in a quiz explicitely","Duplicate, already included in a bundled item and not a random variant"],"category":["top/Default for CHEM 360 Master Course"]},"reference":"00e808bf-97c5-d6fb-f716-233e71a5e81d","status":"published","title":"HW3Q2 (INCOMPLETE)","note":"","source":"https://quizzeslti.wiris.net/njit.edu/question/question.php?id=319517&courseid=200","dynamic_content_data":[]}