{"definition":{"widgets":[{"reference":"b2370b4d-7afa-1ed1-d8a4-51c5151483a2"},{"reference":"55fdafa5-d877-8351-1faa-ee2db92dfcda"},{"reference":"5e8aa12c-9cf8-54ea-a2cb-62127ccc2da3"},{"reference":"03d287cf-a085-59ee-9f3c-f3ee92c3b976"},{"reference":"5f02b08d-45a3-37c4-dc90-7e98c76d96f0"},{"reference":"2a6b4a45-0807-ba63-029f-63a9b8ca48a8"}],"template":"dynamic"},"questions":[{"type":"longtextV2","reference":"b2370b4d-7afa-1ed1-d8a4-51c5151483a2"},{"type":"clozetext","reference":"55fdafa5-d877-8351-1faa-ee2db92dfcda"},{"type":"clozetext","reference":"5e8aa12c-9cf8-54ea-a2cb-62127ccc2da3"},{"type":"clozetext","reference":"03d287cf-a085-59ee-9f3c-f3ee92c3b976"},{"type":"clozetext","reference":"5f02b08d-45a3-37c4-dc90-7e98c76d96f0"},{"type":"mcq","reference":"2a6b4a45-0807-ba63-029f-63a9b8ca48a8"}],"features":[],"tags":{"Migration status":["Not started"],"Import status":["Incomplete"],"Moodle question type":["quizpage","essaywiris","shortanswerwiris","multianswerwiris","multichoicewiris"],"Moodle flag":["Used in a quiz explicitely"],"category":["Quiz 4 - aerosols"]},"reference":"01f10a27-2bbc-1458-be47-a3f2c60d5371","status":"published","title":"Quiz 4 - aerosols - page 1","note":"","source":"https://quizzeslti.wiris.net/njit.edu/question/question.php?id=319604&courseid=200,https://quizzeslti.wiris.net/njit.edu/question/question.php?id=319605&courseid=200,https://quizzeslti.wiris.net/njit.edu/question/question.php?id=319606&courseid=200,https://quizzeslti.wiris.net/njit.edu/question/question.php?id=319607&courseid=200,https://quizzeslti.wiris.net/njit.edu/question/question.php?id=319618&courseid=200,https://quizzeslti.wiris.net/njit.edu/question/question.php?id=319624&courseid=200","dynamic_content_data":""}