{"definition":{"widgets":[{"reference":"4487cef1-54dc-a6ba-bd36-e01c24d8fafb"}],"template":"dynamic"},"questions":[{"type":"mcq","reference":"4487cef1-54dc-a6ba-bd36-e01c24d8fafb"}],"features":[],"tags":{"Migration status":["Not started"],"Import status":["Complete"],"Moodle question type":["multichoicewiris"],"Moodle flag":["Used in a quiz explicitely","Duplicate, already included in a bundled item and not a random variant"],"category":["top/Default for CHEM 360 Master Course"]},"reference":"023fdc29-e152-89d7-6648-7461fed42820","status":"published","title":"HW1Q1","note":"","source":"https://quizzeslti.wiris.net/njit.edu/question/question.php?id=319475&courseid=200","dynamic_content_data":[]}