{"definition":{"widgets":[{"reference":"a522fa5f-ac52-bb75-1198-53b7b2e97b8d"}],"template":"dynamic"},"questions":[{"type":"clozetext","reference":"a522fa5f-ac52-bb75-1198-53b7b2e97b8d"}],"features":[],"tags":{"Migration status":["Not started"],"Import status":["Incomplete"],"Moodle question type":["shortanswerwiris"],"Moodle flag":["Not used in any quiz"],"category":["top/Default for CHEM 360 Master Course"]},"reference":"02d14540-8df8-029c-84d2-c4c027332fb2","status":"published","title":"EX2Q9b (INCOMPLETE)","note":"","source":"https://quizzeslti.wiris.net/njit.edu/question/question.php?id=356438&courseid=200","dynamic_content_data":[]}