{"definition":{"widgets":[{"reference":"e67b4af0-ad96-5b4b-8fe8-ec688960ba7a"}],"template":"dynamic"},"questions":[{"type":"clozetext","reference":"e67b4af0-ad96-5b4b-8fe8-ec688960ba7a"}],"features":[],"tags":{"Migration status":["Not started"],"Import status":["Incomplete"],"Moodle question type":["shortanswerwiris"],"Moodle flag":["Not used in any quiz"],"category":["top/Default for CHEM 360 Master Course"]},"reference":"034dff31-76c6-93a6-8db2-5edcd61ac33a","status":"published","title":"EX1Q12 (INCOMPLETE)","note":"","source":"https://quizzeslti.wiris.net/njit.edu/question/question.php?id=319578&courseid=200","dynamic_content_data":[]}