{"definition":{"widgets":[{"reference":"b69dd2c1-c932-af95-79bc-8938b4283f40"}],"template":"dynamic"},"questions":[{"type":"clozetext","reference":"b69dd2c1-c932-af95-79bc-8938b4283f40"}],"features":[],"tags":{"Migration status":["Not started"],"Import status":["Incomplete"],"Moodle question type":["shortanswerwiris"],"Moodle flag":["Used in a quiz explicitely","Duplicate, already included in a bundled item and not a random variant"],"category":["top/Default for CHEM 360 Master Course"]},"reference":"03802fd6-f4fe-fff6-0fb2-a6a36f131fa1","status":"published","title":"EX1Q13 (INCOMPLETE)","note":"","source":"https://quizzeslti.wiris.net/njit.edu/question/question.php?id=319579&courseid=200","dynamic_content_data":[]}