{"definition":{"widgets":[{"reference":"f0ab0a07-9ad4-1c3e-e973-17d8d7057a2a"}],"template":"dynamic"},"questions":[{"type":"longtextV2","reference":"f0ab0a07-9ad4-1c3e-e973-17d8d7057a2a"}],"features":[],"tags":{"Migration status":["Not started"],"Import status":["Complete"],"Moodle question type":["essaywiris"],"Moodle flag":["Used in a quiz explicitely","Duplicate, already included in a bundled item and not a random variant"],"category":["top/Default for CHEM 360 Master Course"]},"reference":"03ae7094-864a-843c-e2f1-ff5c1721cd42","status":"published","title":"Balancing chemical reactions","note":"","source":"https://quizzeslti.wiris.net/njit.edu/question/question.php?id=319461&courseid=200","dynamic_content_data":[]}