{"definition":{"widgets":[{"reference":"65f5bc88-4dd1-13ad-2887-04dc8d0968d4"}],"template":"dynamic"},"questions":[{"type":"formulaV2","reference":"65f5bc88-4dd1-13ad-2887-04dc8d0968d4"}],"features":[],"tags":{"Migration status":["Not started"],"Import status":["Complete"],"Moodle question type":["calculated"],"Moodle flag":["Not used in any quiz"],"category":["top/BH 4 Molarity"]},"reference":"03e31fa2-a689-3238-391e-470c3c7ec455","status":"published","title":"Molarity definition 2","note":"","source":"https://quizzeslti.wiris.net/njit.edu/question/question.php?id=319766&courseid=200","dynamic_content_data":{"cols":["x","y","ans0"],"rows":{"45841793-2bec-d3f2-13b1-785fb6d63f7b":{"index":0,"values":["0.20","2","0.2"]},"7b98fd4d-e141-3ce2-7a66-b9f9d5c18c39":{"index":1,"values":["0.46","3","0.30666667"]},"13dc0cf2-e621-ea12-cf3a-f2dcf538d4aa":{"index":2,"values":["0.56","4","0.28"]},"7f99d5c9-3d8e-768d-3098-0c3bca684c6a":{"index":3,"values":["0.34","3","0.22666667"]},"34986c86-259f-b3b6-0543-21b790960d8e":{"index":4,"values":["0.53","2","0.53"]},"970b23f8-efdb-bf95-1daa-e76207508978":{"index":5,"values":["0.22","4","0.11"]},"e5e2252e-4877-7b77-b8bc-63c33f06ce66":{"index":6,"values":["0.69","3","0.46"]},"7aac6540-25a7-c48d-b0e7-e901fc6bf249":{"index":7,"values":["0.67","4","0.335"]},"19ab3abb-c5a2-d1fd-c778-9c06dcc037c7":{"index":8,"values":["0.56","4","0.28"]},"737941f0-55b3-6ab0-2575-2c3bf4cc36d7":{"index":9,"values":["0.49","4","0.245"]},"449c97c6-74a8-db8c-1ad5-82fb700812b6":{"index":10,"values":["0.59","3","0.39333333"]},"5dc71030-a9d8-383b-5b11-d49523b9c6da":{"index":11,"values":["0.52","3","0.34666667"]},"aacf4296-2ce2-1df7-3112-f92bad3e9099":{"index":12,"values":["0.27","2","0.27"]},"11d56f62-e31c-4523-a888-3a63287e41a2":{"index":13,"values":["0.45","4","0.225"]},"925dd94c-bbdb-aa72-3dd8-f35e221b0ec4":{"index":14,"values":["0.50","3","0.33333333"]},"74d9d39c-3bed-2fd9-1bda-a4b2f338845d":{"index":15,"values":["0.55","5","0.22"]},"6fdd333c-8742-e23d-bd50-93b028721fee":{"index":16,"values":["0.65","5","0.26"]},"452f5a4e-7db0-4ff7-812a-efb35b937229":{"index":17,"values":["0.74","3","0.49333333"]},"0d9a2e40-a309-5b7a-7b2a-5b61ff3d280c":{"index":18,"values":["0.60","4","0.3"]},"b8554175-0cc8-95f2-cf5e-6e81702efb46":{"index":19,"values":["0.29","3","0.19333333"]},"2467f6c1-cbee-34fa-124d-752e4ae58ea5":{"index":20,"values":["0.63","4","0.315"]},"15316ab5-eb37-48c9-7e24-369fba03d5c4":{"index":21,"values":["0.59","3","0.39333333"]},"5f7cecc1-6098-e53e-6b1a-afd68a1f8394":{"index":22,"values":["0.77","5","0.308"]},"e159def1-ccdc-640f-f508-67916bce4372":{"index":23,"values":["0.64","3","0.42666667"]},"23709234-ebdd-7ef9-9aea-ce394e188a46":{"index":24,"values":["0.55","4","0.275"]},"64bb773d-4e52-61cb-2b9f-f81bbf75840b":{"index":25,"values":["0.37","5","0.148"]},"f1cb127e-ca27-ae20-b84e-1298e86c9119":{"index":26,"values":["0.49","3","0.32666667"]},"7bc9ac74-6d7e-7266-2701-303e0a7c02ab":{"index":27,"values":["0.52","3","0.34666667"]},"6ff25fe1-861f-58e3-2731-b6943093215a":{"index":28,"values":["0.35","3","0.23333333"]},"e43d342e-0f49-998f-caed-a20f93a40e6b":{"index":29,"values":["0.70","4","0.35"]},"048e9250-1fd8-4e57-3a4e-ab7ca33e687d":{"index":30,"values":["0.76","3","0.50666667"]},"58a417f7-adfa-98da-95bc-15399f0f871f":{"index":31,"values":["0.47","3","0.31333333"]},"f7ec3d4e-e519-05e3-c5b6-18f6e9ee481c":{"index":32,"values":["0.70","2","0.7"]},"a312e58b-4dd7-7553-8967-2c770676b036":{"index":33,"values":["0.54","5","0.216"]},"be852d09-952b-b8e6-0426-8ed09b1ed785":{"index":34,"values":["0.59","3","0.39333333"]},"7aff9dd2-74a0-c810-2d3a-1ac3876a90f4":{"index":35,"values":["0.42","5","0.168"]},"f2129cf6-e77a-ec8e-59f4-bd0ddc499c19":{"index":36,"values":["0.61","2","0.61"]},"640f79b6-9884-ceb8-4ebd-48253c5bc9a9":{"index":37,"values":["0.53","5","0.212"]},"3336fc82-b3a1-adc3-d7ea-8e387e34db64":{"index":38,"values":["0.69","4","0.345"]},"ac4e0813-cc85-c639-0a94-120a7b47b2cd":{"index":39,"values":["0.60","2","0.6"]},"7040fcb1-bbee-602f-1040-4edd96ead940":{"index":40,"values":["0.34","3","0.22666667"]},"9a1ef858-699d-d1d5-65a8-0dd5ebc86e57":{"index":41,"values":["0.34","4","0.17"]},"b2191755-67e0-335e-2af7-51a66a007c86":{"index":42,"values":["0.61","2","0.61"]},"8d437f18-0acd-8200-1ece-96764f290971":{"index":43,"values":["0.56","4","0.28"]},"b48d3ec0-768c-8610-4f72-35377017135a":{"index":44,"values":["0.43","2","0.43"]},"60b4b452-090f-37bc-eb21-53049bd08bd3":{"index":45,"values":["0.71","3","0.47333333"]},"4a1c25cf-ce8c-b05b-4242-1a43930c1d3f":{"index":46,"values":["0.69","4","0.345"]},"72ffaf51-14f0-a35d-7a76-e02f0954864e":{"index":47,"values":["0.24","2","0.24"]},"d0aeebfa-4880-067d-3d35-5cc3ad052a7d":{"index":48,"values":["0.47","3","0.31333333"]},"3b379005-d024-fabd-4c0d-ebaec2f4dc88":{"index":49,"values":["0.30","3","0.2"]},"8df49692-74a0-cdfa-63e6-a4983b1fa819":{"index":50,"values":["0.61","5","0.244"]},"5a0540c3-f463-fdc6-e4ce-5ce7f638bc73":{"index":51,"values":["0.45","5","0.18"]},"3b3d44ef-4e1d-2570-ded1-34e87e2f76f6":{"index":52,"values":["0.70","5","0.28"]},"33349d18-8765-d88d-b1ef-c56815a0acb1":{"index":53,"values":["0.54","3","0.36"]},"dd2c29f2-6ddc-5c30-ecd8-5fbff128f42b":{"index":54,"values":["0.71","5","0.284"]},"e90601c5-d86e-74b5-59fb-80430eb5aaf1":{"index":55,"values":["0.73","2","0.73"]},"cf556dd9-b6bf-3212-734c-eccea79588c6":{"index":56,"values":["0.34","2","0.34"]},"e3474853-0517-0f39-b7af-f2f9baef5af0":{"index":57,"values":["0.41","3","0.27333333"]},"45db6fa4-08ba-5040-b043-81a194aed33e":{"index":58,"values":["0.48","3","0.32"]},"934e64a9-4cb2-f9ed-d10f-f9d75d219f0f":{"index":59,"values":["0.70","5","0.28"]}}}}