{"definition":{"widgets":[{"reference":"6bb758f9-ec16-46d4-d027-202edc0a8ca1"}],"template":"dynamic"},"questions":[{"type":"clozetext","reference":"6bb758f9-ec16-46d4-d027-202edc0a8ca1"}],"features":[],"tags":{"Migration status":["Not started"],"Import status":["Incomplete"],"Moodle question type":["truefalsewiris"],"Moodle flag":["Used in a quiz explicitely","Duplicate, already included in a bundled item and not a random variant"],"category":["top/Default for CHEM 360 Master Course"]},"reference":"04ca11e2-4afa-9c0e-e76d-e14f31ba7355","status":"published","title":"EX1Q0 (INCOMPLETE)","note":"","source":"https://quizzeslti.wiris.net/njit.edu/question/question.php?id=319570&courseid=200","dynamic_content_data":[]}