{"definition":{"widgets":[{"reference":"c4acd58b-eb99-dfa5-02e4-da57c12562e3"},{"reference":"0829f27d-7ac8-0d55-e805-453e022444a2"},{"reference":"3ddb74e3-26fd-6601-4988-fa0308b93c66"},{"reference":"a5311e26-6625-4839-edf5-827891bb9fb2"},{"reference":"60d4233d-04f4-1172-7a04-120bff141bb1"},{"reference":"f6e4a5e5-1eb0-c903-8cf6-f7aede366f6e"},{"reference":"b8a944f1-2be2-6bb8-fcde-ee45941b9ed5"},{"reference":"4e2e6f99-9c83-8a88-ff9b-d6219f45f6ac"},{"reference":"be8bebc3-a9ba-3bae-5ee0-d916a88f77da"},{"reference":"468b959d-1014-e2f9-298c-aa57f4075dba"},{"reference":"221f3abb-e62e-89f0-7e72-bad5590a0b6a"},{"reference":"6deed4c5-4ee8-e80c-189f-6cc961bddb67"},{"reference":"43555300-4edc-913c-0c96-235543fde7e3"},{"reference":"685df679-5415-b90c-1d68-de68ff3ff522"},{"reference":"e73145ef-d061-6800-6220-202d4541b35c"},{"reference":"ceb171ea-ccd7-af91-ddec-19d0306b3825"},{"reference":"d96c1952-1919-b964-e766-4e49e5f590b2"},{"reference":"f5624e59-49dc-904b-82e5-a1a93d5b2536"},{"reference":"cf7a5419-b791-7f38-208c-c56fbcc44479"},{"reference":"859088a3-2f12-4dbc-53b3-0920d11c11cf"},{"reference":"24921919-2e9b-5981-3488-d178f3f1ad0e"}],"template":"dynamic"},"questions":[{"type":"mcq","reference":"c4acd58b-eb99-dfa5-02e4-da57c12562e3"},{"type":"clozetext","reference":"0829f27d-7ac8-0d55-e805-453e022444a2"},{"type":"mcq","reference":"3ddb74e3-26fd-6601-4988-fa0308b93c66"},{"type":"mcq","reference":"a5311e26-6625-4839-edf5-827891bb9fb2"},{"type":"mcq","reference":"60d4233d-04f4-1172-7a04-120bff141bb1"},{"type":"mcq","reference":"f6e4a5e5-1eb0-c903-8cf6-f7aede366f6e"},{"type":"longtextV2","reference":"b8a944f1-2be2-6bb8-fcde-ee45941b9ed5"},{"type":"clozetext","reference":"4e2e6f99-9c83-8a88-ff9b-d6219f45f6ac"},{"type":"clozetext","reference":"be8bebc3-a9ba-3bae-5ee0-d916a88f77da"},{"type":"clozetext","reference":"468b959d-1014-e2f9-298c-aa57f4075dba"},{"type":"clozetext","reference":"221f3abb-e62e-89f0-7e72-bad5590a0b6a"},{"type":"association","reference":"6deed4c5-4ee8-e80c-189f-6cc961bddb67"},{"type":"association","reference":"43555300-4edc-913c-0c96-235543fde7e3"},{"type":"mcq","reference":"685df679-5415-b90c-1d68-de68ff3ff522"},{"type":"clozetext","reference":"e73145ef-d061-6800-6220-202d4541b35c"},{"type":"mcq","reference":"ceb171ea-ccd7-af91-ddec-19d0306b3825"},{"type":"association","reference":"d96c1952-1919-b964-e766-4e49e5f590b2"},{"type":"clozetext","reference":"f5624e59-49dc-904b-82e5-a1a93d5b2536"},{"type":"association","reference":"cf7a5419-b791-7f38-208c-c56fbcc44479"},{"type":"clozetext","reference":"859088a3-2f12-4dbc-53b3-0920d11c11cf"},{"type":"clozetext","reference":"24921919-2e9b-5981-3488-d178f3f1ad0e"}],"features":[],"tags":{"Migration status":["Not started"],"Import status":["Incomplete"],"Moodle question type":["quizpage","truefalsewiris","shortanswerwiris","multichoicewiris","essaywiris","matchwiris","multianswerwiris"],"Moodle flag":["Used in a quiz explicitely"],"category":["Final exam - extra time"]},"reference":"056b581a-2c35-0228-bb89-5c0b1eefa6f1","status":"published","title":"Final exam - extra time - page 1","note":"","source":"https://quizzeslti.wiris.net/njit.edu/question/question.php?id=319675&courseid=200,https://quizzeslti.wiris.net/njit.edu/question/question.php?id=319645&courseid=200,https://quizzeslti.wiris.net/njit.edu/question/question.php?id=319646&courseid=200,https://quizzeslti.wiris.net/njit.edu/question/question.php?id=319647&courseid=200,https://quizzeslti.wiris.net/njit.edu/question/question.php?id=319648&courseid=200,https://quizzeslti.wiris.net/njit.edu/question/question.php?id=319649&courseid=200,https://quizzeslti.wiris.net/njit.edu/question/question.php?id=319650&courseid=200,https://quizzeslti.wiris.net/njit.edu/question/question.php?id=319651&courseid=200,https://quizzeslti.wiris.net/njit.edu/question/question.php?id=319652&courseid=200,https://quizzeslti.wiris.net/njit.edu/question/question.php?id=319653&courseid=200,https://quizzeslti.wiris.net/njit.edu/question/question.php?id=319654&courseid=200,https://quizzeslti.wiris.net/njit.edu/question/question.php?id=319655&courseid=200,https://quizzeslti.wiris.net/njit.edu/question/question.php?id=319656&courseid=200,https://quizzeslti.wiris.net/njit.edu/question/question.php?id=319657&courseid=200,https://quizzeslti.wiris.net/njit.edu/question/question.php?id=319658&courseid=200,https://quizzeslti.wiris.net/njit.edu/question/question.php?id=319528&courseid=200,https://quizzeslti.wiris.net/njit.edu/question/question.php?id=319664&courseid=200,https://quizzeslti.wiris.net/njit.edu/question/question.php?id=319665&courseid=200,https://quizzeslti.wiris.net/njit.edu/question/question.php?id=319666&courseid=200,https://quizzeslti.wiris.net/njit.edu/question/question.php?id=319667&courseid=200,https://quizzeslti.wiris.net/njit.edu/question/question.php?id=319668&courseid=200","dynamic_content_data":""}