{"definition":{"widgets":[{"reference":"277790ca-04f1-2f3b-0933-1c97eb58364b"}],"template":"dynamic"},"questions":[{"type":"association","reference":"277790ca-04f1-2f3b-0933-1c97eb58364b"}],"features":[],"tags":{"Migration status":["Not started"],"Import status":["Complete"],"Moodle question type":["matchwiris"],"Moodle flag":["Used in a quiz explicitely","Duplicate, already included in a bundled item and not a random variant"],"category":["top/Default for CHEM 360 Master Course"]},"reference":"060e994f-e64e-2311-52da-974e74f7d351","status":"published","title":"HW2Q3","note":"","source":"https://quizzeslti.wiris.net/njit.edu/question/question.php?id=319508&courseid=200","dynamic_content_data":[]}