{"definition":{"widgets":[{"reference":"4bcc93a7-e617-a2bd-24ed-9cbafbbe8a2f"}],"template":"dynamic"},"questions":[{"type":"formulaV2","reference":"4bcc93a7-e617-a2bd-24ed-9cbafbbe8a2f"}],"features":[],"tags":{"Migration status":["Not started"],"Import status":["Complete"],"Moodle question type":["calculated"],"Moodle flag":["Not used in any quiz"],"category":["top/BH 3 Balance Equations"]},"reference":"07270e81-2463-6ede-16cf-c9744cd528b2","status":"published","title":"Balanced equation, meaning","note":"","source":"https://quizzeslti.wiris.net/njit.edu/question/question.php?id=319728&courseid=200","dynamic_content_data":{"cols":["b","a","c","d","ans0"],"rows":{"b070eb46-5cd4-48da-52c9-f55c2e95f055":{"index":0,"values":["4","1","2","2","4"]},"d2922ed6-e9fa-15d9-10fa-5f591cde102e":{"index":1,"values":["5","3","5","3","5"]},"8c3ba516-79a8-7b90-c179-2aff0cfd87b7":{"index":2,"values":["7","4","3","4","7"]},"2a597822-5d95-4f7b-232c-774e4097f3f8":{"index":3,"values":["5","6","9","4","5"]},"b238c390-5d85-e653-a6aa-ce930231874a":{"index":4,"values":["5","2","3","5","5"]},"1c0cd2ea-469f-8687-8128-1181bcc0f628":{"index":5,"values":["4","2","8","4","4"]},"7bbcad96-90ad-84dd-65bb-fc6889e528bc":{"index":6,"values":["5","6","3","3","5"]},"4adf1f04-dee4-9f76-9d34-b42b5e4f346a":{"index":7,"values":["8","4","9","4","8"]},"c149d3c5-da53-5110-14d4-97719ddeb568":{"index":8,"values":["5","2","9","3","5"]},"21c8370c-55cf-9fad-3b5e-1b1d8a80ceef":{"index":9,"values":["6","1","4","3","6"]},"3c309915-6144-189e-f0f0-ec726bedd014":{"index":10,"values":["6","5","4","2","6"]},"9462bc49-56e4-8fc1-4fea-8a74e42e4496":{"index":11,"values":["8","2","6","6","8"]},"d9b2b0cc-fad4-56cf-1cff-3dcf86f68d6e":{"index":12,"values":["8","5","4","3","8"]},"6a9c87bb-500c-d49c-9981-67244b399b39":{"index":13,"values":["6","1","8","4","6"]},"d691f76b-82ff-7f77-40b7-319499fa40fe":{"index":14,"values":["4","5","8","5","4"]},"303fb861-c14b-151b-0510-d773befa6f6e":{"index":15,"values":["5","6","5","5","5"]},"1faa6471-6db4-838a-e808-0ca2fa50740b":{"index":16,"values":["9","5","4","6","9"]},"9c58ba7b-8d6a-4354-10aa-52398d0d91ef":{"index":17,"values":["7","2","9","5","7"]},"d51f20dd-236c-ae0e-0db8-34b01633a3e4":{"index":18,"values":["7","1","8","2","7"]},"942df548-1b70-ead9-1bf8-26d704280c52":{"index":19,"values":["8","4","9","6","8"]},"ca3f9c91-28ce-86bf-3d74-5efcf0121266":{"index":20,"values":["5","3","8","6","5"]},"3e68d863-e4f9-2767-b533-d74c1dcbfceb":{"index":21,"values":["9","1","6","5","9"]},"daa80d63-26d0-7665-5b0e-6f7299b9a800":{"index":22,"values":["7","5","6","6","7"]},"755f3a23-7570-a350-745f-0bb8ec1cceb4":{"index":23,"values":["5","4","6","2","5"]},"2995d987-2448-4752-a918-b36fd8c49edb":{"index":24,"values":["9","2","9","4","9"]},"5103e10a-b394-7a36-bb96-bc3f89742ac1":{"index":25,"values":["7","4","4","5","7"]},"9af6d496-467f-6c6f-90b4-cfab232d0eaa":{"index":26,"values":["8","1","3","5","8"]},"395c09e2-fe67-7fc1-b9c4-f671c1e2c81e":{"index":27,"values":["5","2","2","5","5"]},"02312347-df4e-38a0-b5d5-d9359f128179":{"index":28,"values":["5","5","9","3","5"]},"4cc7ee4b-be14-f42a-d474-d19d5f236c8e":{"index":29,"values":["5","2","5","3","5"]},"1be3699f-9ec5-1662-e61f-27e24a0e0c16":{"index":30,"values":["8","5","8","4","8"]},"94582335-f8d3-bda9-dc07-1aae5a4a7b9e":{"index":31,"values":["4","6","3","3","4"]},"e6f9b095-c442-4c69-dee3-e3c827cbaba9":{"index":32,"values":["6","4","9","2","6"]},"74b0c716-d7c7-d5c6-35ad-92e7a463be8e":{"index":33,"values":["7","5","9","2","7"]},"0246f608-8634-9799-621b-01b80dda16e6":{"index":34,"values":["5","2","8","2","5"]},"04f889f0-b5f4-6c90-d993-9cf1b19e7833":{"index":35,"values":["7","4","3","3","7"]},"8f531864-a04d-e56a-2222-56ab9b39d8e0":{"index":36,"values":["7","5","7","6","7"]},"fd727843-dcd6-184e-a0b0-7edcdb4f25b1":{"index":37,"values":["9","3","7","3","9"]},"59ceff16-b010-51bf-3c79-578f1b760e67":{"index":38,"values":["8","1","3","3","8"]},"48e6e58c-efd5-2966-979a-ac15343f9b37":{"index":39,"values":["9","4","6","3","9"]},"207dd3a5-e65f-1cf4-8df5-c42be48a2ae1":{"index":40,"values":["8","5","5","6","8"]},"fda4c60a-fa85-fb6c-4a02-ac6306516935":{"index":41,"values":["9","1","3","5","9"]},"145691fa-2257-35ad-dba7-ca68b1df2111":{"index":42,"values":["7","3","2","3","7"]},"f8d0e7b9-aae3-1611-ee7e-7962ee839edc":{"index":43,"values":["8","4","3","3","8"]},"e134eb4f-f7ac-0086-8500-17d98baac679":{"index":44,"values":["7","3","3","3","7"]},"cd16bb60-d2df-e07d-c958-2f51bbe4b399":{"index":45,"values":["9","3","8","5","9"]},"e25a5720-f810-bc1e-5d6d-3142f1c47c83":{"index":46,"values":["7","7","9","2","7"]},"90dd0244-a4a6-d487-2b1e-87564ffd287e":{"index":47,"values":["6","3","5","4","6"]},"bc0bf212-3146-817c-8e57-aeac20aa2b12":{"index":48,"values":["6","2","5","4","6"]},"84b8063c-4ae6-865c-d40c-c403745410c2":{"index":49,"values":["4","1","9","4","4"]},"6d67581d-9c32-47ac-75d5-271bd1bf35a6":{"index":50,"values":["5","2","8","5","5"]},"631d9b06-36bf-151c-54cc-0d53c0f3f8af":{"index":51,"values":["8","3","9","2","8"]},"78ee9209-cfb4-a746-f97c-91f794a0eb8a":{"index":52,"values":["7","5","6","3","7"]},"284cc166-8a1d-ced9-28bd-0cdab3079ad7":{"index":53,"values":["8","4","7","4","8"]},"35069401-cf5c-78af-749f-9e73d240bfdc":{"index":54,"values":["6","1","9","4","6"]},"87e91252-08a0-bb65-4afe-de5047d4347c":{"index":55,"values":["5","5","7","5","5"]},"d5c004c8-5389-9b1d-c277-19741594504a":{"index":56,"values":["9","5","7","4","9"]},"e9eb8ec5-0f09-7c15-535d-a8a1513c6d8b":{"index":57,"values":["5","2","8","4","5"]},"21f97390-943d-acad-0085-4cca291e4e16":{"index":58,"values":["5","5","4","5","5"]},"e975e705-c54c-368e-2c8a-bd0ec1a9fabe":{"index":59,"values":["5","6","9","3","5"]}}}}