{"definition":{"widgets":[{"reference":"b4dd3415-4e1b-ae56-ad8e-7c779590b31f"}],"template":"dynamic"},"questions":[{"type":"shorttext","reference":"b4dd3415-4e1b-ae56-ad8e-7c779590b31f"}],"features":[],"tags":{"Migration status":["Not started"],"Import status":["Complete"],"Moodle question type":["shortanswer"],"Moodle flag":["Used in a quiz explicitely","Duplicate, already included in a bundled item and not a random variant"],"category":["top/BH 4 Electrolytes"]},"reference":"07ff2fc8-d5a0-3696-1d62-16cd0c26b38a","status":"published","title":"Electrolytes 5 HCl(g)","note":"","source":"https://quizzeslti.wiris.net/njit.edu/question/question.php?id=319756&courseid=200","dynamic_content_data":[]}