{"definition":{"widgets":[{"reference":"c54b081d-5319-9490-78d1-5010cbfe312a"}],"template":"dynamic"},"questions":[{"type":"shorttext","reference":"c54b081d-5319-9490-78d1-5010cbfe312a"}],"features":[],"tags":{"Migration status":["Not started"],"Import status":["Complete"],"Moodle question type":["shortanswer"],"Moodle flag":["Used in a quiz explicitely","Duplicate, already included in a bundled item and not a random variant"],"category":["top/BH 9 Chemical Bonds"]},"reference":"08b87086-46af-4442-d03b-5c30cdbf23fc","status":"published","title":"Lewis structure beginning","note":"","source":"https://quizzeslti.wiris.net/njit.edu/question/question.php?id=319809&courseid=200","dynamic_content_data":[]}