{"definition":{"widgets":[{"reference":"493b2324-ff45-3bb5-1a62-9dfc638d2c66"}],"template":"dynamic"},"questions":[{"type":"clozetext","reference":"493b2324-ff45-3bb5-1a62-9dfc638d2c66"}],"features":[],"tags":{"Migration status":["Not started"],"Import status":["Incomplete"],"Moodle question type":["shortanswerwiris"],"Moodle flag":["Used in a quiz explicitely","Duplicate, already included in a bundled item and not a random variant"],"category":["top/Default for CHEM 360 Master Course"]},"reference":"09e652fe-0bfb-e333-b95b-3fabb6d2e180","status":"published","title":"Q3Q2 (INCOMPLETE)","note":"","source":"https://quizzeslti.wiris.net/njit.edu/question/question.php?id=319605&courseid=200","dynamic_content_data":[]}