{"definition":{"widgets":[{"reference":"47fdf045-a4e1-510a-4fe9-2eeec2b0bfba"}],"template":"dynamic"},"questions":[{"type":"formulaV2","reference":"47fdf045-a4e1-510a-4fe9-2eeec2b0bfba"}],"features":[],"tags":{"Migration status":["Not started"],"Import status":["Complete"],"Moodle question type":["calculated"],"Moodle flag":["Used in a quiz explicitely","Duplicate, already included in a bundled item and not a random variant"],"category":["top/BH 3 Balance Equations"]},"reference":"0b6f42a2-42d1-e4b3-3ed9-5d57662d8e7d","status":"published","title":"balancing equation 1a","note":"","source":"https://quizzeslti.wiris.net/njit.edu/question/question.php?id=319739&courseid=200","dynamic_content_data":{"cols":["x"],"rows":{"accab5e4-2847-5bf7-b7ad-d51d591b2814":{"index":0,"values":["4"]}}}}