{"definition":{"widgets":[{"reference":"42348b27-185c-b8d0-3975-2c4c19c134eb"}],"template":"dynamic"},"questions":[{"type":"clozetext","reference":"42348b27-185c-b8d0-3975-2c4c19c134eb"}],"features":[],"tags":{"Migration status":["Not started"],"Import status":["Incomplete"],"Moodle question type":["shortanswerwiris"],"Moodle flag":["Not used in any quiz"],"category":["top/Default for CHEM 360 Master Course"]},"reference":"0b73ba04-9a01-02c3-cc35-452413597ca4","status":"published","title":"EX1Q12 (INCOMPLETE)","note":"","source":"https://quizzeslti.wiris.net/njit.edu/question/question.php?id=319577&courseid=200","dynamic_content_data":[]}