{"definition":{"widgets":[{"reference":"33a5cd63-ac9c-af38-a6d5-79f9fb0e5640"},{"reference":"1afabdcb-b220-9db0-a4db-eecda185de94"},{"reference":"d8346a0b-40c9-7de0-0414-4a064341e050"},{"reference":"e111c50f-6467-92f4-567f-dfc76846c82a"}],"template":"dynamic"},"questions":[{"type":"clozetext","reference":"33a5cd63-ac9c-af38-a6d5-79f9fb0e5640"},{"type":"clozetext","reference":"1afabdcb-b220-9db0-a4db-eecda185de94"},{"type":"association","reference":"d8346a0b-40c9-7de0-0414-4a064341e050"},{"type":"association","reference":"e111c50f-6467-92f4-567f-dfc76846c82a"}],"features":[],"tags":{"Migration status":["Not started"],"Import status":["Incomplete"],"Moodle question type":["quizpage","shortanswerwiris","matchwiris"],"Moodle flag":["Used in a quiz explicitely"],"category":["HW7 - chemical pathways"]},"reference":"0b8b8066-8b14-fc27-3d1b-dbb911fd53a7","status":"published","title":"HW7 - chemical pathways - page 1","note":"","source":"https://quizzeslti.wiris.net/njit.edu/question/question.php?id=319625&courseid=200,https://quizzeslti.wiris.net/njit.edu/question/question.php?id=319626&courseid=200,https://quizzeslti.wiris.net/njit.edu/question/question.php?id=319627&courseid=200,https://quizzeslti.wiris.net/njit.edu/question/question.php?id=319628&courseid=200","dynamic_content_data":""}