{"definition":{"widgets":[{"reference":"bc7167ba-be42-5f73-7e92-a128874b4103"}],"template":"dynamic"},"questions":[{"type":"clozetext","reference":"bc7167ba-be42-5f73-7e92-a128874b4103"}],"features":[],"tags":{"Migration status":["Not started"],"Import status":["Incomplete"],"Moodle question type":["quizpage","shortanswerwiris"],"Moodle flag":["Used in a quiz explicitely"],"category":["Closing test"]},"reference":"0baab898-fd04-6788-1a11-1931f00983b0","status":"published","title":"Closing test - page 1","note":"","source":"https://quizzeslti.wiris.net/njit.edu/question/question.php?id=319693&courseid=200","dynamic_content_data":""}