{"definition":{"widgets":[{"reference":"37a1d441-f819-5da4-afaf-f0a5f6157114"}],"template":"dynamic"},"questions":[{"type":"mcq","reference":"37a1d441-f819-5da4-afaf-f0a5f6157114"}],"features":[],"tags":{"Migration status":["Not started"],"Import status":["Complete"],"Moodle question type":["multichoicewiris"],"Moodle flag":["Not used in any quiz"],"category":["top/Default for CHEM 360 Master Course"]},"reference":"0be09dce-17e9-758a-eec9-a233643202ab","status":"published","title":"Q3Q4","note":"","source":"https://quizzeslti.wiris.net/njit.edu/question/question.php?id=319610&courseid=200","dynamic_content_data":[]}