{"definition":{"widgets":[{"reference":"3c2d4f67-ccd6-9593-987f-286edc51434c"}],"template":"dynamic"},"questions":[{"type":"clozetext","reference":"3c2d4f67-ccd6-9593-987f-286edc51434c"}],"features":[],"tags":{"Migration status":["Not started"],"Import status":["Incomplete"],"Moodle question type":["matchwiris"],"Moodle flag":["Used in a quiz explicitely","Duplicate, already included in a bundled item and not a random variant"],"category":["top/Default for CHEM 360 Master Course"]},"reference":"0bfca9b4-00b0-2e6c-02a0-4c14b751beed","status":"published","title":"matching (INCOMPLETE)","note":"","source":"https://quizzeslti.wiris.net/njit.edu/question/question.php?id=319642&courseid=200","dynamic_content_data":[]}