{"definition":{"widgets":[{"reference":"2cecf1cf-9f8c-9427-8cbc-a48be00753de"}],"template":"dynamic"},"questions":[{"type":"clozetext","reference":"2cecf1cf-9f8c-9427-8cbc-a48be00753de"}],"features":[],"tags":{"Migration status":["Not started"],"Import status":["Incomplete"],"Moodle question type":["shortanswerwiris"],"Moodle flag":["Not used in any quiz"],"category":["top/Default for CHEM 360 Master Course"]},"reference":"0c00353c-85e1-b9c8-9825-28df17d7fb88","status":"published","title":"Area (INCOMPLETE)","note":"","source":"https://quizzeslti.wiris.net/njit.edu/question/question.php?id=319449&courseid=200","dynamic_content_data":[]}