{"definition":{"widgets":[{"reference":"05b6e555-62b8-8b16-0cd6-5b29533abbf1"}],"template":"dynamic"},"questions":[{"type":"shorttext","reference":"05b6e555-62b8-8b16-0cd6-5b29533abbf1"}],"features":[],"tags":{"Migration status":["Not started"],"Import status":["Complete"],"Moodle question type":["shortanswer"],"Moodle flag":["Not used in any quiz"],"category":["top/BH 3 Basics"]},"reference":"0c7afb56-695c-d18f-b42e-0b7610674636","status":"published","title":"Empirical formula","note":"","source":"https://quizzeslti.wiris.net/njit.edu/question/question.php?id=319723&courseid=200","dynamic_content_data":[]}