{"definition":{"widgets":[{"reference":"294991eb-84e8-81af-26de-7aaa505bba1d"}],"template":"dynamic"},"questions":[{"type":"mcq","reference":"294991eb-84e8-81af-26de-7aaa505bba1d"}],"features":[],"tags":{"Migration status":["Not started"],"Import status":["Complete"],"Moodle question type":["multichoicewiris"],"Moodle flag":["Not used in any quiz"],"category":["top/Default for CHEM 360 Master Course"]},"reference":"0ccc1011-7ee4-720a-d24e-bc384d7d0666","status":"published","title":"Q3Q4","note":"","source":"https://quizzeslti.wiris.net/njit.edu/question/question.php?id=319613&courseid=200","dynamic_content_data":[]}