{"definition":{"widgets":[{"reference":"5eb8068c-1bb3-4da9-c3b3-09e2add4d74a"}],"template":"dynamic"},"questions":[{"type":"clozetext","reference":"5eb8068c-1bb3-4da9-c3b3-09e2add4d74a"}],"features":[],"tags":{"Migration status":["Not started"],"Import status":["Incomplete"],"Moodle question type":["matchwiris"],"Moodle flag":["Used in a quiz explicitely","Duplicate, already included in a bundled item and not a random variant"],"category":["top/Default for CHEM 360 Master Course"]},"reference":"0cce6fd1-4cb7-5eca-9c5f-9dbbbe1c977f","status":"published","title":"Q2Q1 (INCOMPLETE)","note":"","source":"https://quizzeslti.wiris.net/njit.edu/question/question.php?id=319548&courseid=200","dynamic_content_data":[]}