{"definition":{"widgets":[{"reference":"3164a2ea-58da-d353-8fee-907d5fb3fc0c"}],"template":"dynamic"},"questions":[{"type":"mcq","reference":"3164a2ea-58da-d353-8fee-907d5fb3fc0c"}],"features":[],"tags":{"Migration status":["Not started"],"Import status":["Complete"],"Moodle question type":["multichoicewiris"],"Moodle flag":["Not used in any quiz"],"category":["top/Default for CHEM 360 Master Course"]},"reference":"0ea5ecd5-b2e0-8cb0-6ff8-7730ab14041a","status":"published","title":"EX1Q2","note":"","source":"https://quizzeslti.wiris.net/njit.edu/question/question.php?id=319564&courseid=200","dynamic_content_data":[]}