{"definition":{"widgets":[{"reference":"4ea4ced9-0d0f-bdbf-89ca-e45b6cb3e423"}],"template":"dynamic"},"questions":[{"type":"clozetext","reference":"4ea4ced9-0d0f-bdbf-89ca-e45b6cb3e423"}],"features":[],"tags":{"Migration status":["Not started"],"Import status":["Incomplete"],"Moodle question type":["quizpage","matchwiris"],"Moodle flag":["Used in a quiz explicitely"],"category":["Oct 3 vertical transport"]},"reference":"0fd58db0-43c1-fd05-2c3a-920f78deb997","status":"published","title":"Oct 3 vertical transport - page 1","note":"","source":"https://quizzeslti.wiris.net/njit.edu/question/question.php?id=319700&courseid=200","dynamic_content_data":""}