{"definition":{"widgets":[{"reference":"226a86be-ec88-9220-5d2b-1aba7a3a81f1"}],"template":"dynamic"},"questions":[{"type":"mcq","reference":"226a86be-ec88-9220-5d2b-1aba7a3a81f1"}],"features":[],"tags":{"Migration status":["Not started"],"Import status":["Complete"],"Moodle question type":["multichoicewiris"],"Moodle flag":["Used in a quiz explicitely","Duplicate, already included in a bundled item and not a random variant"],"category":["top/Default for CHEM 360 Master Course"]},"reference":"10046455-ca49-daad-d414-f9ad11a859e4","status":"published","title":"EX2Q4","note":"","source":"https://quizzeslti.wiris.net/njit.edu/question/question.php?id=319648&courseid=200","dynamic_content_data":[]}