{"definition":{"widgets":[{"reference":"52dec6f0-7b8a-0727-c5fc-cbb68411b578"}],"template":"dynamic"},"questions":[{"type":"clozetext","reference":"52dec6f0-7b8a-0727-c5fc-cbb68411b578"}],"features":[],"tags":{"Migration status":["Not started"],"Import status":["Incomplete"],"Moodle question type":["shortanswerwiris"],"Moodle flag":["Used in a quiz explicitely","Duplicate, already included in a bundled item and not a random variant"],"category":["top/Default for CHEM 360 Master Course"]},"reference":"105b0e2e-249a-b263-3881-9295598349af","status":"published","title":"Square root (INCOMPLETE)","note":"","source":"https://quizzeslti.wiris.net/njit.edu/question/question.php?id=319695&courseid=200","dynamic_content_data":[]}