{"definition":{"widgets":[{"reference":"14e39c23-6659-8778-06fa-39526a0d847e"}],"template":"dynamic"},"questions":[{"type":"mcq","reference":"14e39c23-6659-8778-06fa-39526a0d847e"}],"features":[],"tags":{"Migration status":["Not started"],"Import status":["Complete"],"Moodle question type":["multichoicewiris"],"Moodle flag":["Used in a quiz explicitely","Duplicate, already included in a bundled item and not a random variant"],"category":["top/Default for CHEM 360 Master Course"]},"reference":"107c70e2-ed41-ebc4-b99a-bcb9e9008f7a","status":"published","title":"Oct 13 - IR active molecules","note":"","source":"https://quizzeslti.wiris.net/njit.edu/question/question.php?id=319688&courseid=200","dynamic_content_data":[]}