{"definition":{"widgets":[{"reference":"7e7fea76-5113-fe30-71c7-28ab84b3912f"}],"template":"dynamic"},"questions":[{"type":"clozetext","reference":"7e7fea76-5113-fe30-71c7-28ab84b3912f"}],"features":[],"tags":{"Migration status":["Not started"],"Import status":["Incomplete"],"Moodle question type":["essaywiris"],"Moodle flag":["Not used in any quiz"],"category":["top/Default for CHEM 360 Master Course"]},"reference":"11023b1c-33f3-bb8a-0865-445d9edaf728","status":"published","title":"Q1Q3-t (INCOMPLETE)","note":"","source":"https://quizzeslti.wiris.net/njit.edu/question/question.php?id=319477&courseid=200","dynamic_content_data":[]}