{"definition":{"widgets":[{"reference":"8d10d2d4-a8a8-5e7f-908d-4d21bc809026"}],"template":"dynamic"},"questions":[{"type":"formulaV2","reference":"8d10d2d4-a8a8-5e7f-908d-4d21bc809026"}],"features":[],"tags":{"Migration status":["Not started"],"Import status":["Complete"],"Moodle question type":["calculated"],"Moodle flag":["Used in a quiz explicitely","Duplicate, already included in a bundled item and not a random variant"],"category":["top/BH 3 Balance Equations"]},"reference":"125a92f1-cd74-3d11-1cb6-6be996cbcead","status":"published","title":"balancing equation 2b","note":"","source":"https://quizzeslti.wiris.net/njit.edu/question/question.php?id=319743&courseid=200","dynamic_content_data":{"cols":["x"],"rows":{"c93a9467-9aca-6ad2-d522-ad439f3e9d77":{"index":0,"values":["3"]}}}}