{"definition":{"widgets":[{"reference":"ad0601ac-9724-f806-b513-bdb1890f9161"}],"template":"dynamic"},"questions":[{"type":"mcq","reference":"ad0601ac-9724-f806-b513-bdb1890f9161"}],"features":[],"tags":{"Migration status":["Not started"],"Import status":["Complete"],"Moodle question type":["multichoice"],"Moodle flag":["Not used in any quiz"],"category":["top/BH 1 Multiplication by 1"]},"reference":"127d28b7-2820-a4cd-9bd8-ac27d142eac4","status":"published","title":"Introduction to Multiplication by 1","note":"","source":"https://quizzeslti.wiris.net/njit.edu/question/question.php?id=319715&courseid=200","dynamic_content_data":[]}