{"definition":{"widgets":[{"reference":"c019e709-63cf-99f0-1cf5-43a471751349"}],"template":"dynamic"},"questions":[{"type":"clozetext","reference":"c019e709-63cf-99f0-1cf5-43a471751349"}],"features":[],"tags":{"Migration status":["Not started"],"Import status":["Incomplete"],"Moodle question type":["shortanswerwiris"],"Moodle flag":["Used in a quiz explicitely","Duplicate, already included in a bundled item and not a random variant"],"category":["top/Default for CHEM 360 Master Course"]},"reference":"135e5d9c-1f9c-e750-d663-77fb9efd6a1a","status":"published","title":"HW2Q4 (INCOMPLETE)","note":"","source":"https://quizzeslti.wiris.net/njit.edu/question/question.php?id=319509&courseid=200","dynamic_content_data":[]}