{"definition":{"widgets":[{"reference":"4f0f327d-ab8c-7c65-6f50-2ffb8b444c34"}],"template":"dynamic"},"questions":[{"type":"longtextV2","reference":"4f0f327d-ab8c-7c65-6f50-2ffb8b444c34"}],"features":[],"tags":{"Migration status":["Not started"],"Import status":["Complete"],"Moodle question type":["essaywiris"],"Moodle flag":["Not used in any quiz"],"category":["top/Default for CHEM 360 Master Course"]},"reference":"14a15b01-7cdf-60b5-cc7b-0b00f7565738","status":"published","title":"Q4 (Essay)","note":"","source":"https://quizzeslti.wiris.net/njit.edu/question/question.php?id=319468&courseid=200","dynamic_content_data":[]}