{"definition":{"widgets":[{"reference":"d9bb00dd-8d9e-c0b4-00da-6fb031516be4"}],"template":"dynamic"},"questions":[{"type":"shorttext","reference":"d9bb00dd-8d9e-c0b4-00da-6fb031516be4"}],"features":[],"tags":{"Migration status":["Not started"],"Import status":["Complete"],"Moodle question type":["shortanswer"],"Moodle flag":["Used in a quiz explicitely","Duplicate, already included in a bundled item and not a random variant"],"category":["top/BH 9 Chemical Bonds"]},"reference":"14aafa15-0177-cecc-e76c-088df6838926","status":"published","title":"CB 1 valence electrons","note":"","source":"https://quizzeslti.wiris.net/njit.edu/question/question.php?id=319804&courseid=200","dynamic_content_data":[]}