{"definition":{"widgets":[{"reference":"56ec52a4-7c98-b32e-30ff-7c4d99f7de02"}],"template":"dynamic"},"questions":[{"type":"association","reference":"56ec52a4-7c98-b32e-30ff-7c4d99f7de02"}],"features":[],"tags":{"Migration status":["Not started"],"Import status":["Complete"],"Moodle question type":["match"],"Moodle flag":["Used in a quiz explicitely","Duplicate, already included in a bundled item and not a random variant"],"category":["top/BH 9 Chemical Bonds"]},"reference":"1598918b-2626-8fd2-5778-17fef63daba1","status":"published","title":"types of bonds","note":"","source":"https://quizzeslti.wiris.net/njit.edu/question/question.php?id=319788&courseid=200","dynamic_content_data":[]}