{"definition":{"widgets":[{"reference":"7acf5905-709b-1c35-cbde-adecdfab28c1"},{"reference":"a2a41350-786d-15d1-4fbe-7b6e85e48e91"},{"reference":"c6999698-5bff-d197-038f-8181f7dcf34f"},{"reference":"e2b35e14-9f15-5f88-b138-e95d6fdab6c7"},{"reference":"5846178e-4768-2e45-ce55-39ca9ea36a42"},{"reference":"78c19972-0b8c-3afd-1e87-eba8684dd9c3"},{"reference":"01558e94-1fd6-7da0-cc7d-cc4ee3db2b0d"},{"reference":"8526af3d-5a1c-7c46-7695-b9620a362114"},{"reference":"9e220b33-5573-64c8-356c-bd614ac312b4"}],"template":"dynamic"},"questions":[{"type":"association","reference":"7acf5905-709b-1c35-cbde-adecdfab28c1"},{"type":"association","reference":"a2a41350-786d-15d1-4fbe-7b6e85e48e91"},{"type":"mcq","reference":"c6999698-5bff-d197-038f-8181f7dcf34f"},{"type":"mcq","reference":"e2b35e14-9f15-5f88-b138-e95d6fdab6c7"},{"type":"association","reference":"5846178e-4768-2e45-ce55-39ca9ea36a42"},{"type":"association","reference":"78c19972-0b8c-3afd-1e87-eba8684dd9c3"},{"type":"mcq","reference":"01558e94-1fd6-7da0-cc7d-cc4ee3db2b0d"},{"type":"mcq","reference":"8526af3d-5a1c-7c46-7695-b9620a362114"},{"type":"association","reference":"9e220b33-5573-64c8-356c-bd614ac312b4"}],"features":[],"tags":{"Migration status":["Not started"],"Import status":["Complete"],"Moodle question type":["quizpage","matchwiris","multichoicewiris"],"Moodle flag":["Used in a quiz explicitely"],"category":["HW4 - climate change"]},"reference":"15d9437f-d0b2-72f7-2231-559351a4e5c8","status":"published","title":"HW4 - climate change - page 1","note":"","source":"https://quizzeslti.wiris.net/njit.edu/question/question.php?id=319539&courseid=200,https://quizzeslti.wiris.net/njit.edu/question/question.php?id=319540&courseid=200,https://quizzeslti.wiris.net/njit.edu/question/question.php?id=319541&courseid=200,https://quizzeslti.wiris.net/njit.edu/question/question.php?id=319542&courseid=200,https://quizzeslti.wiris.net/njit.edu/question/question.php?id=319543&courseid=200,https://quizzeslti.wiris.net/njit.edu/question/question.php?id=319544&courseid=200,https://quizzeslti.wiris.net/njit.edu/question/question.php?id=319545&courseid=200,https://quizzeslti.wiris.net/njit.edu/question/question.php?id=319546&courseid=200,https://quizzeslti.wiris.net/njit.edu/question/question.php?id=319547&courseid=200","dynamic_content_data":""}