{"definition":{"widgets":[{"reference":"69ed40e0-e33f-5ea3-3763-e6724b392518"}],"template":"dynamic"},"questions":[{"type":"mcq","reference":"69ed40e0-e33f-5ea3-3763-e6724b392518"}],"features":[],"tags":{"Migration status":["Not started"],"Import status":["Complete"],"Moodle question type":["multichoicewiris"],"Moodle flag":["Used in a quiz explicitely","Duplicate, already included in a bundled item and not a random variant"],"category":["top/Default for CHEM 360 Master Course"]},"reference":"16327513-9c1e-1726-1d20-f409ea850947","status":"published","title":"EX1Q4","note":"","source":"https://quizzeslti.wiris.net/njit.edu/question/question.php?id=319566&courseid=200","dynamic_content_data":[]}