{"definition":{"widgets":[{"reference":"f81c46a3-9280-d36a-2c8a-34133c2d9c41"}],"template":"dynamic"},"questions":[{"type":"formulaV2","reference":"f81c46a3-9280-d36a-2c8a-34133c2d9c41"}],"features":[],"tags":{"Migration status":["Not started"],"Import status":["Complete"],"Moodle question type":["calculated"],"Moodle flag":["Used in a quiz explicitely","Duplicate, already included in a bundled item and not a random variant"],"category":["top/BH 9 Chemical Bonds"]},"reference":"1752a47a-78cf-6679-069a-09c5522eeac4","status":"published","title":"polar bonds","note":"","source":"https://quizzeslti.wiris.net/njit.edu/question/question.php?id=319787&courseid=200","dynamic_content_data":{"cols":["x","ans0"],"rows":{"64b111e7-3fea-86fc-7257-ec52d3ee753c":{"index":0,"values":["0","0.4"]}}}}