{"definition":{"widgets":[{"reference":"6091f476-d3e2-0989-c303-341daa15bbe4"}],"template":"dynamic"},"questions":[{"type":"mcq","reference":"6091f476-d3e2-0989-c303-341daa15bbe4"}],"features":[],"tags":{"Migration status":["Not started"],"Import status":["Complete"],"Moodle question type":["multichoice"],"Moodle flag":["Used in a quiz explicitely","Duplicate, already included in a bundled item and not a random variant"],"category":["top/BH 9 Chemical Bonds"]},"reference":"175d71ca-a2b8-0efe-c60a-971c168e2c41","status":"published","title":"CB 1d Lewis Structures introduction","note":"","source":"https://quizzeslti.wiris.net/njit.edu/question/question.php?id=319789&courseid=200","dynamic_content_data":[]}