{"definition":{"widgets":[{"reference":"298908b6-1d65-5e6b-a367-9d4661ed1a69"}],"template":"dynamic"},"questions":[{"type":"shorttext","reference":"298908b6-1d65-5e6b-a367-9d4661ed1a69"}],"features":[],"tags":{"Migration status":["Not started"],"Import status":["Complete"],"Moodle question type":["shortanswer"],"Moodle flag":["Not used in any quiz"],"category":["top/BH 9 Chemical Bonds"]},"reference":"17b2ea04-0275-38f4-c4bb-1bc8a9c013b3","status":"published","title":"Lewis structure beginning 3","note":"","source":"https://quizzeslti.wiris.net/njit.edu/question/question.php?id=319812&courseid=200","dynamic_content_data":[]}