{"definition":{"widgets":[{"reference":"b077e4ef-035c-a03a-12b8-d91fa822064c"}],"template":"dynamic"},"questions":[{"type":"mcq","reference":"b077e4ef-035c-a03a-12b8-d91fa822064c"}],"features":[],"tags":{"Migration status":["Not started"],"Import status":["Complete"],"Moodle question type":["multichoicewiris"],"Moodle flag":["Used in a quiz explicitely","Duplicate, already included in a bundled item and not a random variant"],"category":["top/Default for CHEM 360 Master Course"]},"reference":"1849d193-2875-6411-4cd3-3ba6f868970f","status":"published","title":"EX1Q1","note":"","source":"https://quizzeslti.wiris.net/njit.edu/question/question.php?id=319559&courseid=200","dynamic_content_data":[]}