{"definition":{"widgets":[{"reference":"79d88b8c-a191-22e6-84c7-6c49ed612d35"}],"template":"dynamic"},"questions":[{"type":"clozetext","reference":"79d88b8c-a191-22e6-84c7-6c49ed612d35"}],"features":[],"tags":{"Migration status":["Not started"],"Import status":["Incomplete"],"Moodle question type":["shortanswerwiris"],"Moodle flag":["Used in a quiz explicitely","Duplicate, already included in a bundled item and not a random variant"],"category":["top/Default for CHEM 360 Master Course"]},"reference":"185d86e5-4979-4718-66b0-796ee60d5159","status":"published","title":"Unit conversion (INCOMPLETE)","note":"","source":"https://quizzeslti.wiris.net/njit.edu/question/question.php?id=319458&courseid=200","dynamic_content_data":[]}