{"definition":{"widgets":[{"reference":"5dfb0733-6501-042b-2c39-2e5fe6fee318"}],"template":"dynamic"},"questions":[{"type":"shorttext","reference":"5dfb0733-6501-042b-2c39-2e5fe6fee318"}],"features":[],"tags":{"Migration status":["Not started"],"Import status":["Complete"],"Moodle question type":["shortanswer"],"Moodle flag":["Not used in any quiz"],"category":["top/BH 9 Chemical Bonds"]},"reference":"18851dd5-a602-12b3-3d02-23d5f5d3bcd4","status":"published","title":"CB 1c valence electrons","note":"","source":"https://quizzeslti.wiris.net/njit.edu/question/question.php?id=319807&courseid=200","dynamic_content_data":[]}