{"definition":{"widgets":[{"reference":"68692bf8-6f4a-103a-a4a8-8cb27f0f619b"}],"template":"dynamic"},"questions":[{"type":"clozetext","reference":"68692bf8-6f4a-103a-a4a8-8cb27f0f619b"}],"features":[],"tags":{"Migration status":["Not started"],"Import status":["Incomplete"],"Moodle question type":["shortanswerwiris"],"Moodle flag":["Not used in any quiz"],"category":["top/Default for CHEM 360 Master Course"]},"reference":"18b8ec66-0cb4-f35a-090d-20cf421d4f3d","status":"published","title":"HW1Q9 (INCOMPLETE)","note":"","source":"https://quizzeslti.wiris.net/njit.edu/question/question.php?id=319493&courseid=200","dynamic_content_data":[]}