{"definition":{"widgets":[{"reference":"cb2a50e7-6a2f-21b1-da1a-4b0bc634072f"}],"template":"dynamic"},"questions":[{"type":"mcq","reference":"cb2a50e7-6a2f-21b1-da1a-4b0bc634072f"}],"features":[],"tags":{"Migration status":["Not started"],"Import status":["Complete"],"Moodle question type":["multichoice"],"Moodle flag":["Not used in any quiz"],"category":["top/BH 9 Chemical Bonds"]},"reference":"18eb5670-52bd-f8db-2701-f26f8fe15662","status":"published","title":"CB 3b LS octet rule violate 2","note":"","source":"https://quizzeslti.wiris.net/njit.edu/question/question.php?id=319800&courseid=200","dynamic_content_data":[]}