{"definition":{"widgets":[{"reference":"5a3c8b8b-7fee-2cc2-2a84-0ea336ab34d8"}],"template":"dynamic"},"questions":[{"type":"clozetext","reference":"5a3c8b8b-7fee-2cc2-2a84-0ea336ab34d8"}],"features":[],"tags":{"Migration status":["Not started"],"Import status":["Incomplete"],"Moodle question type":["shortanswerwiris"],"Moodle flag":["Used in a quiz explicitely","Duplicate, already included in a bundled item and not a random variant"],"category":["top/Default for CHEM 360 Master Course"]},"reference":"18f4599d-28e1-5f69-35e3-e24b0a244a14","status":"published","title":"EX1Q14 (INCOMPLETE)","note":"","source":"https://quizzeslti.wiris.net/njit.edu/question/question.php?id=319580&courseid=200","dynamic_content_data":[]}