{"definition":{"widgets":[{"reference":"29959783-394b-2ed7-5cb4-500cbbc7f304"}],"template":"dynamic"},"questions":[{"type":"mcq","reference":"29959783-394b-2ed7-5cb4-500cbbc7f304"}],"features":[],"tags":{"Migration status":["Not started"],"Import status":["Complete"],"Moodle question type":["multichoice"],"Moodle flag":["Not used in any quiz"],"category":["top/BH 4 Electrolytes"]},"reference":"1c0cc9d9-2fb1-7ff2-a69f-c065412c4ceb","status":"published","title":"Electrolytes for ch 5  -2-","note":"","source":"https://quizzeslti.wiris.net/njit.edu/question/question.php?id=319747&courseid=200","dynamic_content_data":[]}