{"definition":{"widgets":[{"reference":"4927335b-4c20-77e7-f80c-210d4e0f3d75"}],"template":"dynamic"},"questions":[{"type":"formulaV2","reference":"4927335b-4c20-77e7-f80c-210d4e0f3d75"}],"features":[],"tags":{"Migration status":["Not started"],"Import status":["Complete"],"Moodle question type":["calculated"],"Moodle flag":["Not used in any quiz"],"category":["top/BH 9 Chemical Bonds"]},"reference":"1c1130b4-abac-6884-ada1-f57aa64b32a2","status":"published","title":"Bond energies 2","note":"","source":"https://quizzeslti.wiris.net/njit.edu/question/question.php?id=319785&courseid=200","dynamic_content_data":{"cols":["x","ans0"],"rows":{"a5d039f3-8348-73fd-8098-d5d1d289c855":{"index":0,"values":["1.00","1167"]},"2efcf792-fd9d-6706-61c4-7f17e2554474":{"index":1,"values":["2.75","3209.25"]},"35a4e610-3a33-e28a-f0f8-a196410fe803":{"index":2,"values":["2.84","3314.28"]},"ae6a7d4a-30aa-51a6-09f8-4ce92a72aef2":{"index":3,"values":["3.31","3862.77"]},"9c195944-af01-04de-086a-e3382d61c11d":{"index":4,"values":["1.96","2287.32"]},"d6268e1b-5823-33f9-cc99-635f54f35a87":{"index":5,"values":["2.50","2917.5"]},"529bf160-5c46-44fe-c2ff-37d606e92ae0":{"index":6,"values":["1.86","2170.62"]},"0f288445-8518-a172-2c52-726074b6f4f4":{"index":7,"values":["4.15","4843.05"]},"c86bf2f3-710a-27ad-9d23-19900c763de4":{"index":8,"values":["2.09","2439.03"]},"11d638d7-0048-2c97-57d7-ab15a6c25f83":{"index":9,"values":["4.24","4948.08"]}}}}