{"definition":{"widgets":[{"reference":"1072a5c0-99b6-57fa-d02e-7aa74dc29ca2"}],"template":"dynamic"},"questions":[{"type":"clozetext","reference":"1072a5c0-99b6-57fa-d02e-7aa74dc29ca2"}],"features":[],"tags":{"Migration status":["Not started"],"Import status":["Incomplete"],"Moodle question type":["shortanswerwiris"],"Moodle flag":["Used in a quiz explicitely","Duplicate, already included in a bundled item and not a random variant"],"category":["top/Default for CHEM 360 Master Course"]},"reference":"1cede19f-92c6-f87d-8439-232de993c757","status":"published","title":"Volume (INCOMPLETE)","note":"","source":"https://quizzeslti.wiris.net/njit.edu/question/question.php?id=319676&courseid=200","dynamic_content_data":[]}