{"definition":{"widgets":[{"reference":"275493b2-5858-c72a-0e8b-70ca97e88a7a"}],"template":"dynamic"},"questions":[{"type":"clozetext","reference":"275493b2-5858-c72a-0e8b-70ca97e88a7a"}],"features":[],"tags":{"Migration status":["Not started"],"Import status":["Incomplete"],"Moodle question type":["shortanswerwiris"],"Moodle flag":["Not used in any quiz"],"category":["top/Default for CHEM 360 Master Course"]},"reference":"1d7c061e-ee2c-a11c-2df4-a42f0c983d4b","status":"published","title":"Q5 (Cloze) (INCOMPLETE)","note":"","source":"https://quizzeslti.wiris.net/njit.edu/question/question.php?id=319470&courseid=200","dynamic_content_data":[]}