{"definition":{"widgets":[{"reference":"a4fb86af-bbad-2936-3467-91d7ac022194"}],"template":"dynamic"},"questions":[{"type":"formulaV2","reference":"a4fb86af-bbad-2936-3467-91d7ac022194"}],"features":[],"tags":{"Migration status":["Not started"],"Import status":["Complete"],"Moodle question type":["calculated"],"Moodle flag":["Not used in any quiz"],"category":["top/BH 3 Balance Equations"]},"reference":"1d9ee377-974e-e635-12c7-a3512c01ad8e","status":"published","title":"Balanced equation, meaning CHANGE FOR A AND B","note":"","source":"https://quizzeslti.wiris.net/njit.edu/question/question.php?id=319730&courseid=200","dynamic_content_data":{"cols":["b","a","c","d","ans0"],"rows":{"ce083788-570c-7667-94b3-9e6973ea87fa":{"index":0,"values":["4","1","2","2","4"]},"82ff1fa0-6503-8087-6360-5602a08caa9e":{"index":1,"values":["5","3","5","3","5"]},"8bc1f4ff-a294-7910-be40-301fc9dc6a5a":{"index":2,"values":["7","4","3","4","7"]},"bbd47594-b55e-f44f-c3f3-f3e519b3f1fd":{"index":3,"values":["5","6","9","4","5"]},"a089f1a7-9c43-75e3-6111-c9d861718e2f":{"index":4,"values":["5","2","3","5","5"]},"2efcb411-f8da-7454-e5b4-ddbc6ee9cce9":{"index":5,"values":["4","2","8","4","4"]},"0c700b18-124d-1b49-a679-e7b2e0678035":{"index":6,"values":["5","6","3","3","5"]},"fd27e467-04dc-26b8-78b9-ac6a20ea118c":{"index":7,"values":["8","4","9","4","8"]},"9d551469-472b-5d18-3ccd-bc63daee2809":{"index":8,"values":["5","2","9","3","5"]},"701081ce-da18-c235-a954-ed14525ce341":{"index":9,"values":["6","1","4","3","6"]},"ac8af9f5-e189-789c-a6c6-4bb54f0cd9fc":{"index":10,"values":["6","5","4","2","6"]},"e5b4366f-9324-d789-0889-738d1ff23f8f":{"index":11,"values":["8","2","6","6","8"]},"26625517-a327-6022-d6a1-d5f35358b442":{"index":12,"values":["8","5","4","3","8"]},"aaee745b-315f-7cfb-31b3-25538f600c9a":{"index":13,"values":["6","1","8","4","6"]},"225840a2-9b31-e30d-fda3-f5576908688f":{"index":14,"values":["4","5","8","5","4"]},"45ea6562-ebc7-8896-2c2b-5a54eb9d2038":{"index":15,"values":["5","6","5","5","5"]},"56058c50-f077-b7ed-7bc5-b2a8f1a31306":{"index":16,"values":["9","5","4","6","9"]},"6a3966cd-428e-94d9-1d30-05c30f3caf3c":{"index":17,"values":["7","2","9","5","7"]},"c8681e50-a97c-582f-a436-60f16955b890":{"index":18,"values":["7","1","8","2","7"]},"7803df9f-16ce-7f1d-e1b8-a722b554363f":{"index":19,"values":["8","4","9","6","8"]},"bcdeee90-c97a-cbfb-72e7-582981a5ab86":{"index":20,"values":["5","3","8","6","5"]},"7112bfe2-d1be-9a9a-8f46-bdc23ac1b8f2":{"index":21,"values":["9","1","6","5","9"]},"ac197ab3-5a8d-784e-fffe-2217a13644d3":{"index":22,"values":["7","5","6","6","7"]},"81b0e425-d118-d9b4-be7f-fec25bd078e2":{"index":23,"values":["5","4","6","2","5"]},"f32e5b0e-2571-c1e7-6c61-51bb201390f8":{"index":24,"values":["9","2","9","4","9"]},"246f9ee8-d091-121b-fbc3-93a5ef65398a":{"index":25,"values":["7","4","4","5","7"]},"eef17a39-cb3d-7ba6-fe16-d64047f9b773":{"index":26,"values":["8","1","3","5","8"]},"53642996-0157-052c-374d-c7e197352e5e":{"index":27,"values":["5","2","2","5","5"]},"a8aa3873-f472-ef39-eb1d-a6745fe499aa":{"index":28,"values":["5","5","9","3","5"]},"d5321bbb-0771-d6ee-6f2e-db4fbc650104":{"index":29,"values":["5","2","5","3","5"]},"44b5c626-71b5-dc90-5c09-450f36d16f8b":{"index":30,"values":["8","5","8","4","8"]},"4ecffb7a-7411-e9dc-f061-d7f7e216da87":{"index":31,"values":["4","6","3","3","4"]},"69ac0510-4182-7a9f-a759-143bc0034de6":{"index":32,"values":["6","4","9","2","6"]},"245466fa-e09e-9fbb-49fd-54adb2780201":{"index":33,"values":["7","5","9","2","7"]},"289337a6-b6de-9653-a285-9833b307c13b":{"index":34,"values":["5","2","8","2","5"]},"689d7f7e-ceb2-149d-499b-f897174fe3b8":{"index":35,"values":["7","4","3","3","7"]},"2b568e1f-34a2-079c-8969-b01695f7c33b":{"index":36,"values":["7","5","7","6","7"]},"a8619dc1-d1ff-3aa2-ed42-c87345883609":{"index":37,"values":["9","3","7","3","9"]},"334aca6a-b187-764a-e6dd-3a19c0716086":{"index":38,"values":["8","1","3","3","8"]},"af330e77-c688-0c1f-d3cd-d6229582c545":{"index":39,"values":["9","4","6","3","9"]},"8466f5fd-cbd4-41f6-2b7b-7f0848c9c5f4":{"index":40,"values":["8","5","5","6","8"]},"310e557b-5b2e-83cb-0aa4-2914168d47e2":{"index":41,"values":["9","1","3","5","9"]},"7a2daa67-f5fa-1898-6d2c-74077110954e":{"index":42,"values":["7","3","2","3","7"]},"a7fec85f-6e56-5d3f-b58a-3ee60a4d11a1":{"index":43,"values":["8","4","3","3","8"]},"4f651da1-08e1-8794-8b05-12b219552cfd":{"index":44,"values":["7","3","3","3","7"]},"b8615023-941b-05eb-115a-2b7d21aab189":{"index":45,"values":["9","3","8","5","9"]},"e812fd9d-732c-c2cd-c2bf-cf5b263763fd":{"index":46,"values":["7","7","9","2","7"]},"126af78a-bee4-405e-f456-3852c2f66f2a":{"index":47,"values":["6","3","5","4","6"]},"2a4f13e1-75f8-a675-c517-05e7e4d0b8bb":{"index":48,"values":["6","2","5","4","6"]},"c8608b82-ab20-d446-25b0-8b37f93389ba":{"index":49,"values":["4","1","9","4","4"]},"32fedca9-a379-f478-e07c-18beaa12c4c6":{"index":50,"values":["5","2","8","5","5"]},"0129ab35-a911-4402-33d0-a486354d324a":{"index":51,"values":["8","3","9","2","8"]},"c91a8361-294b-44bb-16a6-058ec03160cf":{"index":52,"values":["7","5","6","3","7"]},"981a1807-fca0-6e8f-19ee-99c6dc832088":{"index":53,"values":["8","4","7","4","8"]},"2df8dcf1-a140-7ddf-fe17-2aa695e66942":{"index":54,"values":["6","1","9","4","6"]},"ef9e2031-3d26-98a4-86df-1fadd42dbd56":{"index":55,"values":["5","5","7","5","5"]},"c62f59d5-6170-590c-4cf3-1ccac1d901be":{"index":56,"values":["9","5","7","4","9"]},"1db968d9-09df-5402-81f0-889f27242e1b":{"index":57,"values":["5","2","8","4","5"]},"f1e1da0b-6cf6-b921-3ab2-3e575d7d78e4":{"index":58,"values":["5","5","4","5","5"]},"5f5cdfcd-e800-2f92-938c-efeea19d86d3":{"index":59,"values":["5","6","9","3","5"]}}}}