{"definition":{"widgets":[{"reference":"23b1d9a1-1a59-822b-a7af-fd5d9495b2b5"}],"template":"dynamic"},"questions":[{"type":"clozetext","reference":"23b1d9a1-1a59-822b-a7af-fd5d9495b2b5"}],"features":[],"tags":{"Migration status":["Not started"],"Import status":["Incomplete"],"Moodle question type":["matchwiris"],"Moodle flag":["Used in a quiz explicitely","Duplicate, already included in a bundled item and not a random variant"],"category":["top/Default for CHEM 360 Master Course"]},"reference":"1f04346d-6c91-c5b1-fac6-e43258e3b24a","status":"published","title":"Sept 22 (INCOMPLETE)","note":"","source":"https://quizzeslti.wiris.net/njit.edu/question/question.php?id=319681&courseid=200","dynamic_content_data":[]}