{"definition":{"widgets":[{"reference":"310ff394-101a-c3d7-6ce8-a50ff2a1058b"}],"template":"dynamic"},"questions":[{"type":"clozetext","reference":"310ff394-101a-c3d7-6ce8-a50ff2a1058b"}],"features":[],"tags":{"Migration status":["Not started"],"Import status":["Incomplete"],"Moodle question type":["shortanswerwiris"],"Moodle flag":["Not used in any quiz"],"category":["top/Default for CHEM 360 Master Course"]},"reference":"1f9492e2-4159-eb29-a034-e95738b41d2d","status":"published","title":"Earth surface temperature (INCOMPLETE)","note":"","source":"https://quizzeslti.wiris.net/njit.edu/question/question.php?id=319697&courseid=200","dynamic_content_data":[]}