{"definition":{"widgets":[{"reference":"de339d0a-0f51-09b7-e18e-d14ae93e50b8"}],"template":"dynamic"},"questions":[{"type":"association","reference":"de339d0a-0f51-09b7-e18e-d14ae93e50b8"}],"features":[],"tags":{"Migration status":["Not started"],"Import status":["Complete"],"Moodle question type":["matchwiris"],"Moodle flag":["Used in a quiz explicitely","Duplicate, already included in a bundled item and not a random variant"],"category":["top/Default for CHEM 360 Master Course"]},"reference":"1fd57870-c794-369f-cae8-7185f897208e","status":"published","title":"Oct 3 - vertical transport","note":"","source":"https://quizzeslti.wiris.net/njit.edu/question/question.php?id=319700&courseid=200","dynamic_content_data":[]}