{"definition":{"widgets":[{"reference":"dce42a3d-c1dc-8325-7344-657096fb8197"},{"reference":"446bfe55-52f4-b085-598a-e81254394f20"},{"reference":"56c66733-068c-139b-733c-174b5598f44c"},{"reference":"9a0b2582-5645-eb29-5f15-b2c0f8487ffd"},{"reference":"65171913-53a0-eaa2-70f9-26cf1690bfd3"},{"reference":"c66a2514-604a-8e06-4db4-8d19bcc2cede"},{"reference":"7434949b-7234-50b1-e75b-d2b255488040"},{"reference":"47bcf89d-d754-2cbd-8d02-404a4e9c58de"}],"template":"dynamic"},"questions":[{"type":"mcq","reference":"dce42a3d-c1dc-8325-7344-657096fb8197"},{"type":"clozetext","reference":"446bfe55-52f4-b085-598a-e81254394f20"},{"type":"clozetext","reference":"56c66733-068c-139b-733c-174b5598f44c"},{"type":"mcq","reference":"9a0b2582-5645-eb29-5f15-b2c0f8487ffd"},{"type":"mcq","reference":"65171913-53a0-eaa2-70f9-26cf1690bfd3"},{"type":"mcq","reference":"c66a2514-604a-8e06-4db4-8d19bcc2cede"},{"type":"mcq","reference":"7434949b-7234-50b1-e75b-d2b255488040"},{"type":"mcq","reference":"47bcf89d-d754-2cbd-8d02-404a4e9c58de"}],"features":[],"tags":{"Migration status":["Not started"],"Import status":["Incomplete"],"Moodle question type":["quizpage","truefalsewiris","multianswerwiris","shortanswerwiris","multichoicewiris"],"Moodle flag":["Used in a quiz explicitely"],"category":["HW5 - aerosols"]},"reference":"2038c0c9-8ac7-cc7a-fa50-185d5af45738","status":"published","title":"HW5 - aerosols - page 1","note":"","source":"https://quizzeslti.wiris.net/njit.edu/question/question.php?id=319588&courseid=200,https://quizzeslti.wiris.net/njit.edu/question/question.php?id=319584&courseid=200,https://quizzeslti.wiris.net/njit.edu/question/question.php?id=319589&courseid=200,https://quizzeslti.wiris.net/njit.edu/question/question.php?id=319590&courseid=200,https://quizzeslti.wiris.net/njit.edu/question/question.php?id=319591&courseid=200,https://quizzeslti.wiris.net/njit.edu/question/question.php?id=319592&courseid=200,https://quizzeslti.wiris.net/njit.edu/question/question.php?id=319593&courseid=200,https://quizzeslti.wiris.net/njit.edu/question/question.php?id=319594&courseid=200","dynamic_content_data":""}