{"definition":{"widgets":[{"reference":"e213a6ed-d953-efc8-6c5a-5326edf74d3f"}],"template":"dynamic"},"questions":[{"type":"clozetext","reference":"e213a6ed-d953-efc8-6c5a-5326edf74d3f"}],"features":[],"tags":{"Migration status":["Not started"],"Import status":["Incomplete"],"Moodle question type":["shortanswerwiris"],"Moodle flag":["Not used in any quiz"],"category":["top/Default for CHEM 360 Master Course"]},"reference":"2076ff96-dcad-bd50-f5cc-a6e599f931bd","status":"published","title":"HW1Q3 (INCOMPLETE)","note":"","source":"https://quizzeslti.wiris.net/njit.edu/question/question.php?id=319501&courseid=200","dynamic_content_data":[]}