{"definition":{"widgets":[{"reference":"c5c1e78d-46b8-e8d6-23cf-a286e003db32"}],"template":"dynamic"},"questions":[{"type":"clozetext","reference":"c5c1e78d-46b8-e8d6-23cf-a286e003db32"}],"features":[],"tags":{"Migration status":["Not started"],"Import status":["Incomplete"],"Moodle question type":["shortanswerwiris"],"Moodle flag":["Used in a quiz explicitely","Duplicate, already included in a bundled item and not a random variant"],"category":["top/Default for CHEM 360 Master Course"]},"reference":"210dd66b-910f-d1ab-0e60-0d2ff5cce2c4","status":"published","title":"HW1Q7 (INCOMPLETE)","note":"","source":"https://quizzeslti.wiris.net/njit.edu/question/question.php?id=319481&courseid=200","dynamic_content_data":[]}