{"definition":{"widgets":[{"reference":"0fc9ad38-59f2-e31d-c426-f95643c158fc"}],"template":"dynamic"},"questions":[{"type":"mcq","reference":"0fc9ad38-59f2-e31d-c426-f95643c158fc"}],"features":[],"tags":{"Migration status":["Not started"],"Import status":["Complete"],"Moodle question type":["multichoicewiris"],"Moodle flag":["Not used in any quiz"],"category":["top/Default for CHEM 360 Master Course"]},"reference":"218e20cc-488b-4e65-40af-6fc3deffb7a7","status":"published","title":"Q3Q5","note":"","source":"https://quizzeslti.wiris.net/njit.edu/question/question.php?id=319619&courseid=200","dynamic_content_data":[]}