{"definition":{"widgets":[{"reference":"8f9e22e1-b8fb-ca13-71e7-28b5c650ddd3"}],"template":"dynamic"},"questions":[{"type":"clozetext","reference":"8f9e22e1-b8fb-ca13-71e7-28b5c650ddd3"}],"features":[],"tags":{"Migration status":["Not started"],"Import status":["Incomplete"],"Moodle question type":["shortanswerwiris"],"Moodle flag":["Used in a quiz explicitely","Duplicate, already included in a bundled item and not a random variant"],"category":["top/Default for CHEM 360 Master Course"]},"reference":"22ffa181-85c5-7efc-0ca4-f0bbb7bf8593","status":"published","title":"HW7Q2 (INCOMPLETE)","note":"","source":"https://quizzeslti.wiris.net/njit.edu/question/question.php?id=319626&courseid=200","dynamic_content_data":[]}