{"definition":{"widgets":[{"reference":"3386e644-8420-824f-9c18-850578dcdfd3"}],"template":"dynamic"},"questions":[{"type":"mcq","reference":"3386e644-8420-824f-9c18-850578dcdfd3"}],"features":[],"tags":{"Migration status":["Not started"],"Import status":["Complete"],"Moodle question type":["multichoicewiris"],"Moodle flag":["Not used in any quiz"],"category":["top/Default for CHEM 360 Master Course"]},"reference":"24126271-3d6f-0da2-7252-a8a7b3c0681c","status":"published","title":"EX2Q14","note":"","source":"https://quizzeslti.wiris.net/njit.edu/question/question.php?id=319661&courseid=200","dynamic_content_data":[]}