{"definition":{"widgets":[{"reference":"b60cfb98-d7a0-b58e-778b-66257d25bf27"}],"template":"dynamic"},"questions":[{"type":"mcq","reference":"b60cfb98-d7a0-b58e-778b-66257d25bf27"}],"features":[],"tags":{"Migration status":["Not started"],"Import status":["Complete"],"Moodle question type":["multichoicewiris"],"Moodle flag":["Used in a quiz explicitely","Duplicate, already included in a bundled item and not a random variant"],"category":["top/Default for CHEM 360 Master Course"]},"reference":"24ce5203-1582-be82-c835-5a574148ba07","status":"published","title":"Oct 4 - Hurricanes","note":"","source":"https://quizzeslti.wiris.net/njit.edu/question/question.php?id=319685&courseid=200","dynamic_content_data":[]}