{"definition":{"widgets":[{"reference":"0edbad4a-e5d1-9d89-2e28-973570113d5d"}],"template":"dynamic"},"questions":[{"type":"mcq","reference":"0edbad4a-e5d1-9d89-2e28-973570113d5d"}],"features":[],"tags":{"Migration status":["Not started"],"Import status":["Complete"],"Moodle question type":["multichoicewiris"],"Moodle flag":["Used in a quiz explicitely","Duplicate, already included in a bundled item and not a random variant"],"category":["top/Default for CHEM 360 Master Course"]},"reference":"24d268dd-cbb3-f12d-0860-cbb84eeb1f84","status":"published","title":"Q3Q6","note":"","source":"https://quizzeslti.wiris.net/njit.edu/question/question.php?id=319624&courseid=200","dynamic_content_data":[]}