{"definition":{"widgets":[{"reference":"eb3f248e-941d-56eb-fe4d-5e0da9ddeeba"}],"template":"dynamic"},"questions":[{"type":"mcq","reference":"eb3f248e-941d-56eb-fe4d-5e0da9ddeeba"}],"features":[],"tags":{"Migration status":["Not started"],"Import status":["Complete"],"Moodle question type":["multichoicewiris"],"Moodle flag":["Used in a quiz explicitely","Duplicate, already included in a bundled item and not a random variant"],"category":["top/Default for CHEM 360 Master Course"]},"reference":"25e94def-d0cd-b295-ef3e-91aa833e0510","status":"published","title":"HW1Q2","note":"","source":"https://quizzeslti.wiris.net/njit.edu/question/question.php?id=319476&courseid=200","dynamic_content_data":[]}