{"definition":{"widgets":[{"reference":"ebb964be-11cc-5d5a-7c19-61b83bcd2d53"}],"template":"dynamic"},"questions":[{"type":"association","reference":"ebb964be-11cc-5d5a-7c19-61b83bcd2d53"}],"features":[],"tags":{"Migration status":["Not started"],"Import status":["Complete"],"Moodle question type":["matchwiris"],"Moodle flag":["Used in a quiz explicitely","Duplicate, already included in a bundled item and not a random variant"],"category":["top/Default for CHEM 360 Master Course"]},"reference":"2654905e-2ddc-90ce-7720-99ebc93fb08f","status":"published","title":"HW7Q4","note":"","source":"https://quizzeslti.wiris.net/njit.edu/question/question.php?id=319628&courseid=200","dynamic_content_data":[]}