{"definition":{"widgets":[{"reference":"7a20c4d8-6e7f-9f3b-a2f4-9b50f15db424"}],"template":"dynamic"},"questions":[{"type":"clozetext","reference":"7a20c4d8-6e7f-9f3b-a2f4-9b50f15db424"}],"features":[],"tags":{"Migration status":["Not started"],"Import status":["Incomplete"],"Moodle question type":["essaywiris"],"Moodle flag":["Used in a quiz explicitely","Duplicate, already included in a bundled item and not a random variant"],"category":["top/Default for CHEM 360 Master Course"]},"reference":"2695c84e-4789-efd5-4f29-72bcd7a1855f","status":"published","title":"EX1Q11 (INCOMPLETE)","note":"","source":"https://quizzeslti.wiris.net/njit.edu/question/question.php?id=319575&courseid=200","dynamic_content_data":[]}