{"definition":{"widgets":[{"reference":"9189e038-2dd7-0580-5bec-c7e5a3f54328"}],"template":"dynamic"},"questions":[{"type":"clozetext","reference":"9189e038-2dd7-0580-5bec-c7e5a3f54328"}],"features":[],"tags":{"Migration status":["Not started"],"Import status":["Incomplete"],"Moodle question type":["matchwiris"],"Moodle flag":["Not used in any quiz"],"category":["top/Default for CHEM 360 Master Course"]},"reference":"272414d2-e20d-802f-bd6f-6bd615daf7ae","status":"published","title":"EX2Q11b (INCOMPLETE)","note":"","source":"https://quizzeslti.wiris.net/njit.edu/question/question.php?id=356439&courseid=200","dynamic_content_data":[]}