{"definition":{"widgets":[{"reference":"2aaad597-51df-b64d-d1ea-78731baefaf0"}],"template":"dynamic"},"questions":[{"type":"clozetext","reference":"2aaad597-51df-b64d-d1ea-78731baefaf0"}],"features":[],"tags":{"Migration status":["Not started"],"Import status":["Incomplete"],"Moodle question type":["matchwiris"],"Moodle flag":["Used in a quiz explicitely","Duplicate, already included in a bundled item and not a random variant"],"category":["top/Default for CHEM 360 Master Course"]},"reference":"272c99da-76cf-14cb-60e4-19fd8b758de6","status":"published","title":"HW3Q6 (INCOMPLETE)","note":"","source":"https://quizzeslti.wiris.net/njit.edu/question/question.php?id=319535&courseid=200","dynamic_content_data":[]}