{"definition":{"widgets":[{"reference":"54923155-1422-6bd5-fcef-6b68371f6892"}],"template":"dynamic"},"questions":[{"type":"mcq","reference":"54923155-1422-6bd5-fcef-6b68371f6892"}],"features":[],"tags":{"Migration status":["Not started"],"Import status":["Complete"],"Moodle question type":["truefalsewiris"],"Moodle flag":["Used in a quiz explicitely","Duplicate, already included in a bundled item and not a random variant"],"category":["top/Default for CHEM 360 Master Course"]},"reference":"29499dc4-1286-811f-462a-362e71b3bad9","status":"published","title":"HW5Q0","note":"","source":"https://quizzeslti.wiris.net/njit.edu/question/question.php?id=319588&courseid=200","dynamic_content_data":[]}