{"definition":{"widgets":[{"reference":"4eab02c6-bfcb-ffe5-fd6e-d85cd7ef2abd"}],"template":"dynamic"},"questions":[{"type":"clozetext","reference":"4eab02c6-bfcb-ffe5-fd6e-d85cd7ef2abd"}],"features":[],"tags":{"Migration status":["Not started"],"Import status":["Incomplete"],"Moodle question type":["shortanswerwiris"],"Moodle flag":["Used in a quiz explicitely","Duplicate, already included in a bundled item and not a random variant"],"category":["top/Default for CHEM 360 Master Course"]},"reference":"29de5026-b00e-0158-1310-830ad7d2e1c7","status":"published","title":"Nov 16 (Henry's law) (INCOMPLETE)","note":"","source":"https://quizzeslti.wiris.net/njit.edu/question/question.php?id=319704&courseid=200","dynamic_content_data":[]}