{"definition":{"widgets":[{"reference":"3b045647-1cf9-d28f-7c1e-fde460b32456"}],"template":"dynamic"},"questions":[{"type":"clozetext","reference":"3b045647-1cf9-d28f-7c1e-fde460b32456"}],"features":[],"tags":{"Migration status":["Not started"],"Import status":["Incomplete"],"Moodle question type":["shortanswerwiris"],"Moodle flag":["Not used in any quiz"],"category":["top/Default for CHEM 360 Master Course"]},"reference":"2a500703-c0ab-cc37-bf70-e69c0bb59e4f","status":"published","title":"HW1Q11 (INCOMPLETE)","note":"","source":"https://quizzeslti.wiris.net/njit.edu/question/question.php?id=319498&courseid=200","dynamic_content_data":[]}