{"definition":{"widgets":[{"reference":"142058e6-1910-29c2-45ad-c214eda34060"}],"template":"dynamic"},"questions":[{"type":"mcq","reference":"142058e6-1910-29c2-45ad-c214eda34060"}],"features":[],"tags":{"Migration status":["Not started"],"Import status":["Complete"],"Moodle question type":["truefalsewiris"],"Moodle flag":["Used in a quiz explicitely","Duplicate, already included in a bundled item and not a random variant"],"category":["top/Default for CHEM 360 Master Course"]},"reference":"2a7c8680-a7aa-ca21-4539-0dc3105b182f","status":"published","title":"Q1Q0","note":"","source":"https://quizzeslti.wiris.net/njit.edu/question/question.php?id=319527&courseid=200","dynamic_content_data":[]}