{"definition":{"widgets":[{"reference":"116ec898-ac9c-376f-831e-0849107805fe"}],"template":"dynamic"},"questions":[{"type":"clozetext","reference":"116ec898-ac9c-376f-831e-0849107805fe"}],"features":[],"tags":{"Migration status":["Not started"],"Import status":["Incomplete"],"Moodle question type":["shortanswerwiris"],"Moodle flag":["Used in a quiz explicitely","Duplicate, already included in a bundled item and not a random variant"],"category":["top/Default for CHEM 360 Master Course"]},"reference":"2a804017-60e7-e5a0-096d-575a92ed06ed","status":"published","title":"EX2Q7 (INCOMPLETE)","note":"","source":"https://quizzeslti.wiris.net/njit.edu/question/question.php?id=319651&courseid=200","dynamic_content_data":[]}