{"definition":{"widgets":[{"reference":"c794a9ce-3c13-772e-906f-90698c87e21a"}],"template":"dynamic"},"questions":[{"type":"formulaV2","reference":"c794a9ce-3c13-772e-906f-90698c87e21a"}],"features":[],"tags":{"Migration status":["Not started"],"Import status":["Complete"],"Moodle question type":["calculated"],"Moodle flag":["Not used in any quiz"],"category":["top/BH 3 Balance Equations"]},"reference":"2ad5ba83-82d2-9696-71b8-a2318a92ec79","status":"published","title":"Balanced equation, proportion b","note":"","source":"https://quizzeslti.wiris.net/njit.edu/question/question.php?id=319734&courseid=200","dynamic_content_data":{"cols":["a","dd","b","c","d","ans0"],"rows":{"5f053091-a921-c80f-3213-4ece944710ab":{"index":0,"values":["1","4","2","2","2","2"]},"d5a44334-1fef-cd0f-119c-cf1ccae8051e":{"index":1,"values":["6","5","4","6","3","7.5"]},"2253f53c-b798-d4ac-65a5-a8f0fb227cd0":{"index":2,"values":["6","5","4","9","3","7.5"]},"fda85331-9164-f73a-9b4e-84e92f291757":{"index":3,"values":["3","7","2","7","2","10.5"]},"0d581786-a4ad-ce3b-c034-85982934510b":{"index":4,"values":["8","5","2","8","3","20"]},"d9d434ef-31b0-f04a-3008-87fa5edeb2eb":{"index":5,"values":["4","4","4","7","3","4"]},"ae400a96-5a46-84cb-e500-d54e0d2681b5":{"index":6,"values":["2","8","3","4","3","5.33333333"]},"e59752fa-804d-0955-67fe-92969052efd8":{"index":7,"values":["5","7","5","3","3","7"]},"08dbbd25-225c-ec35-f6aa-e469a4cb9f42":{"index":8,"values":["1","4","3","4","3","1.33333333"]},"4d165436-0410-35db-ca48-19fc6be1e929":{"index":9,"values":["5","8","3","8","3","13.33333333"]},"95b3cd56-c14a-3570-6465-469055f7baee":{"index":10,"values":["9","5","3","3","3","15"]},"eabd9021-f417-0152-ef97-da921f1a366d":{"index":11,"values":["4","6","5","6","3","4.8"]},"4b1a81f6-0c52-85f6-57a6-e8db999a3228":{"index":12,"values":["4","5","2","6","3","10"]},"a7b32ec8-832c-db73-2944-5722fa1e24c9":{"index":13,"values":["6","7","4","7","2","10.5"]},"ed9695a7-3eb2-77e5-dd2d-36557692efc6":{"index":14,"values":["7","4","4","6","2","7"]},"7397ac5a-4e80-bf7b-7ad2-d45fbe05842d":{"index":15,"values":["2","8","3","6","3","5.33333333"]},"1f4fcd51-4202-8933-5b8a-8ed91b567bc3":{"index":16,"values":["7","8","3","6","2","18.66666667"]},"43798b92-fc4e-aa04-cae1-1a89eb66294f":{"index":17,"values":["2","6","5","6","2","2.4"]},"57cf0c89-4e20-390a-8a43-44aba8e8ba8b":{"index":18,"values":["4","6","3","8","2","8"]},"ddfaaabc-8e02-d03d-fe83-bba953111313":{"index":19,"values":["3","8","3","5","2","8"]}}}}