{"definition":{"widgets":[{"reference":"0f871843-83e9-9770-188a-a9895f5b72e2"},{"reference":"509a37b4-654d-315f-6213-e1d119026055"},{"reference":"9a74bfea-df5c-efe5-7232-fcf07a439ff8"},{"reference":"09bd9230-7779-ed54-1b73-2c0eada4045a"},{"reference":"bc5d9248-8f2c-42d4-6ad4-40b386587f4d"},{"reference":"da92f175-730c-b3bf-17cc-b79ef17d7d1c"},{"reference":"4f2b77e5-ea7b-3f71-74f1-2a2154b177f3"},{"reference":"28088a0b-06b4-49d4-8497-ccbc6b93f3e3"},{"reference":"36d47caa-e0fc-2631-1dce-4e8770dc9fde"},{"reference":"f9867731-982a-26ca-ea86-e17a7378bf79"},{"reference":"00b9031b-f7db-aee9-b929-205d3f5d43bf"},{"reference":"357bf7be-0c6d-7521-47e9-ccdbdcd29625"},{"reference":"b057e3dd-3229-e7ff-842d-21389c33ad1c"},{"reference":"915e83ea-ef74-7074-3420-040de649ff10"},{"reference":"d896a1d3-a02e-a805-7b19-13e4771348f7"},{"reference":"4d1e640d-dbc7-2152-1dae-8efc3a5dd41b"},{"reference":"d007be79-d8bc-e14d-418b-0e5680f295f4"}],"template":"dynamic"},"questions":[{"type":"mcq","reference":"0f871843-83e9-9770-188a-a9895f5b72e2"},{"type":"longtextV2","reference":"509a37b4-654d-315f-6213-e1d119026055"},{"type":"longtextV2","reference":"9a74bfea-df5c-efe5-7232-fcf07a439ff8"},{"type":"mcq","reference":"09bd9230-7779-ed54-1b73-2c0eada4045a"},{"type":"clozetext","reference":"bc5d9248-8f2c-42d4-6ad4-40b386587f4d"},{"type":"clozetext","reference":"da92f175-730c-b3bf-17cc-b79ef17d7d1c"},{"type":"mcq","reference":"4f2b77e5-ea7b-3f71-74f1-2a2154b177f3"},{"type":"association","reference":"28088a0b-06b4-49d4-8497-ccbc6b93f3e3"},{"type":"association","reference":"36d47caa-e0fc-2631-1dce-4e8770dc9fde"},{"type":"mcq","reference":"f9867731-982a-26ca-ea86-e17a7378bf79"},{"type":"mcq","reference":"00b9031b-f7db-aee9-b929-205d3f5d43bf"},{"type":"association","reference":"357bf7be-0c6d-7521-47e9-ccdbdcd29625"},{"type":"clozetext","reference":"b057e3dd-3229-e7ff-842d-21389c33ad1c"},{"type":"clozetext","reference":"915e83ea-ef74-7074-3420-040de649ff10"},{"type":"clozetext","reference":"d896a1d3-a02e-a805-7b19-13e4771348f7"},{"type":"clozetext","reference":"4d1e640d-dbc7-2152-1dae-8efc3a5dd41b"},{"type":"association","reference":"d007be79-d8bc-e14d-418b-0e5680f295f4"}],"features":[],"tags":{"Migration status":["Not started"],"Import status":["Incomplete"],"Moodle question type":["quizpage","truefalsewiris","essaywiris","multichoicewiris","multianswerwiris","shortanswerwiris","matchwiris"],"Moodle flag":["Used in a quiz explicitely"],"category":["Midterm exam"]},"reference":"2b009e0b-ad65-0847-f42d-ab5396eeffc8","status":"published","title":"Midterm exam - page 1","note":"","source":"https://quizzeslti.wiris.net/njit.edu/question/question.php?id=319570&courseid=200,https://quizzeslti.wiris.net/njit.edu/question/question.php?id=319567&courseid=200,https://quizzeslti.wiris.net/njit.edu/question/question.php?id=319575&courseid=200,https://quizzeslti.wiris.net/njit.edu/question/question.php?id=319559&courseid=200,https://quizzeslti.wiris.net/njit.edu/question/question.php?id=319560&courseid=200,https://quizzeslti.wiris.net/njit.edu/question/question.php?id=319582&courseid=200,https://quizzeslti.wiris.net/njit.edu/question/question.php?id=319566&courseid=200,https://quizzeslti.wiris.net/njit.edu/question/question.php?id=319568&courseid=200,https://quizzeslti.wiris.net/njit.edu/question/question.php?id=319569&courseid=200,https://quizzeslti.wiris.net/njit.edu/question/question.php?id=319571&courseid=200,https://quizzeslti.wiris.net/njit.edu/question/question.php?id=319572&courseid=200,https://quizzeslti.wiris.net/njit.edu/question/question.php?id=319574&courseid=200,https://quizzeslti.wiris.net/njit.edu/question/question.php?id=319581&courseid=200,https://quizzeslti.wiris.net/njit.edu/question/question.php?id=319576&courseid=200,https://quizzeslti.wiris.net/njit.edu/question/question.php?id=319579&courseid=200,https://quizzeslti.wiris.net/njit.edu/question/question.php?id=319580&courseid=200,https://quizzeslti.wiris.net/njit.edu/question/question.php?id=319573&courseid=200","dynamic_content_data":""}