{"definition":{"widgets":[{"reference":"c3439d6e-2d05-2759-bb61-b7fc289e08c3"}],"template":"dynamic"},"questions":[{"type":"clozetext","reference":"c3439d6e-2d05-2759-bb61-b7fc289e08c3"}],"features":[],"tags":{"Migration status":["Not started"],"Import status":["Incomplete"],"Moodle question type":["shortanswerwiris"],"Moodle flag":["Used in a quiz explicitely","Duplicate, already included in a bundled item and not a random variant"],"category":["top/Default for CHEM 360 Master Course"]},"reference":"2b2f4a8e-825e-80db-faf5-87a31a8706c4","status":"published","title":"HW2Q1 (INCOMPLETE)","note":"","source":"https://quizzeslti.wiris.net/njit.edu/question/question.php?id=319506&courseid=200","dynamic_content_data":[]}