{"definition":{"widgets":[{"reference":"a7dc25da-4a6c-3e25-6209-13a4f7190978"}],"template":"dynamic"},"questions":[{"type":"clozetext","reference":"a7dc25da-4a6c-3e25-6209-13a4f7190978"}],"features":[],"tags":{"Migration status":["Not started"],"Import status":["Incomplete"],"Moodle question type":["shortanswerwiris"],"Moodle flag":["Used in a quiz explicitely","Duplicate, already included in a bundled item and not a random variant"],"category":["top/Default for CHEM 360 Master Course"]},"reference":"2b3d8cda-2a14-d18d-c240-b43f5eb006c0","status":"published","title":"Q1 (INCOMPLETE)","note":"","source":"https://quizzeslti.wiris.net/njit.edu/question/question.php?id=319694&courseid=200","dynamic_content_data":[]}