{"definition":{"widgets":[{"reference":"576b734a-63a7-8f66-5c99-e77239614b44"}],"template":"dynamic"},"questions":[{"type":"clozetext","reference":"576b734a-63a7-8f66-5c99-e77239614b44"}],"features":[],"tags":{"Migration status":["Not started"],"Import status":["Incomplete"],"Moodle question type":["truefalsewiris"],"Moodle flag":["Used in a quiz explicitely","Duplicate, already included in a bundled item and not a random variant"],"category":["top/Default for CHEM 360 Master Course"]},"reference":"2bf14014-662e-2a72-aece-0aa1e781c75e","status":"published","title":"Q2 (true or false) (INCOMPLETE)","note":"","source":"https://quizzeslti.wiris.net/njit.edu/question/question.php?id=319466&courseid=200","dynamic_content_data":[]}