{"definition":{"widgets":[{"reference":"7ae845ab-b8eb-a2db-cae9-1eac997b8334"}],"template":"dynamic"},"questions":[{"type":"mcq","reference":"7ae845ab-b8eb-a2db-cae9-1eac997b8334"}],"features":[],"tags":{"Migration status":["Not started"],"Import status":["Complete"],"Moodle question type":["multichoicewiris"],"Moodle flag":["Used in a quiz explicitely","Duplicate, already included in a bundled item and not a random variant"],"category":["top/Default for CHEM 360 Master Course"]},"reference":"2d681f9c-4bd8-e816-1a39-68225bc5e3c4","status":"published","title":"EX1Q7","note":"","source":"https://quizzeslti.wiris.net/njit.edu/question/question.php?id=319571&courseid=200","dynamic_content_data":[]}