{"definition":{"widgets":[{"reference":"99eea0c2-b805-27af-f07b-260ddfa26bd4"}],"template":"dynamic"},"questions":[{"type":"clozetext","reference":"99eea0c2-b805-27af-f07b-260ddfa26bd4"}],"features":[],"tags":{"Migration status":["Not started"],"Import status":["Incomplete"],"Moodle question type":["shortanswerwiris"],"Moodle flag":["Not used in any quiz"],"category":["top/Default for CHEM 360 Master Course"]},"reference":"2d7eb790-50b4-d94c-ae7b-1bcff0542412","status":"published","title":"HW5Q1 (INCOMPLETE)","note":"","source":"https://quizzeslti.wiris.net/njit.edu/question/question.php?id=319586&courseid=200","dynamic_content_data":[]}