{"definition":{"widgets":[{"reference":"e5a94b83-1364-1a4d-2e47-984684e271ba"}],"template":"dynamic"},"questions":[{"type":"clozetext","reference":"e5a94b83-1364-1a4d-2e47-984684e271ba"}],"features":[],"tags":{"Migration status":["Not started"],"Import status":["Incomplete"],"Moodle question type":["shortanswerwiris"],"Moodle flag":["Not used in any quiz"],"category":["top/Default for CHEM 360 Master Course"]},"reference":"2e4b7c1f-2eff-9f53-44a4-dfd5b14eddf8","status":"published","title":"Mult (INCOMPLETE)","note":"","source":"https://quizzeslti.wiris.net/njit.edu/question/question.php?id=319451&courseid=200","dynamic_content_data":[]}