{"definition":{"widgets":[{"reference":"c3e0c79f-70cd-bec4-fad1-fe6921755ce8"}],"template":"dynamic"},"questions":[{"type":"mcq","reference":"c3e0c79f-70cd-bec4-fad1-fe6921755ce8"}],"features":[],"tags":{"Migration status":["Not started"],"Import status":["Complete"],"Moodle question type":["quizpage","multichoicewiris"],"Moodle flag":["Used in a quiz explicitely"],"category":["Oct 13 IR active molecules"]},"reference":"2e56be23-c448-8a74-6af6-8535a72a770d","status":"published","title":"Oct 13 IR active molecules - page 1","note":"","source":"https://quizzeslti.wiris.net/njit.edu/question/question.php?id=319688&courseid=200","dynamic_content_data":""}