{"definition":{"widgets":[{"reference":"eaf3f23b-0ad0-5eb6-d595-1ccfb610541c"}],"template":"dynamic"},"questions":[{"type":"clozetext","reference":"eaf3f23b-0ad0-5eb6-d595-1ccfb610541c"}],"features":[],"tags":{"Migration status":["Not started"],"Import status":["Incomplete"],"Moodle question type":["shortanswerwiris"],"Moodle flag":["Not used in any quiz"],"category":["top/Default for CHEM 360 Master Course"]},"reference":"2febcb56-6685-aa09-f08f-667f27affb98","status":"published","title":"EX2Q7b (INCOMPLETE)","note":"","source":"https://quizzeslti.wiris.net/njit.edu/question/question.php?id=356436&courseid=200","dynamic_content_data":[]}