{"definition":{"widgets":[{"reference":"ca712476-a92b-8cc1-8899-651553fa0ded"}],"template":"dynamic"},"questions":[{"type":"formulaV2","reference":"ca712476-a92b-8cc1-8899-651553fa0ded"}],"features":[],"tags":{"Migration status":["Not started"],"Import status":["Complete"],"Moodle question type":["calculated"],"Moodle flag":["Not used in any quiz"],"category":["top/BH 3 Basics"]},"reference":"300aa1e6-2f5d-1f12-7559-b83fdd7bc64f","status":"published","title":"composition 1","note":"","source":"https://quizzeslti.wiris.net/njit.edu/question/question.php?id=319718&courseid=200","dynamic_content_data":{"cols":["x","ans0"],"rows":{"c0bdfc6d-3e7e-8e51-8b0f-4ef3ea82f009":{"index":0,"values":["16","16.2425555"]}}}}