{"definition":{"widgets":[{"reference":"d81e9cee-983d-e903-4fe3-fc84aa76e2f6"}],"template":"dynamic"},"questions":[{"type":"mcq","reference":"d81e9cee-983d-e903-4fe3-fc84aa76e2f6"}],"features":[],"tags":{"Migration status":["Not started"],"Import status":["Complete"],"Moodle question type":["multichoice"],"Moodle flag":["Not used in any quiz"],"category":["top/BH 4 Electrolytes"]},"reference":"307003dc-d711-1c52-b69c-a01a11e7ca59","status":"published","title":"Electrolytes for ch 5  -1-","note":"","source":"https://quizzeslti.wiris.net/njit.edu/question/question.php?id=319746&courseid=200","dynamic_content_data":[]}