{"definition":{"widgets":[{"reference":"5cf6598c-a3fa-b3cd-1846-9a05d4e20aa4"}],"template":"dynamic"},"questions":[{"type":"clozetext","reference":"5cf6598c-a3fa-b3cd-1846-9a05d4e20aa4"}],"features":[],"tags":{"Migration status":["Not started"],"Import status":["Incomplete"],"Moodle question type":["shortanswerwiris"],"Moodle flag":["Used in a quiz explicitely","Duplicate, already included in a bundled item and not a random variant"],"category":["top/Default for CHEM 360 Master Course"]},"reference":"3110609b-0db2-2078-892f-10bb1ea77344","status":"published","title":"Q4Q3 (INCOMPLETE)","note":"","source":"https://quizzeslti.wiris.net/njit.edu/question/question.php?id=319632&courseid=200","dynamic_content_data":[]}