{"definition":{"widgets":[{"reference":"28c9e9d6-12d1-c4d4-2188-579d59eb9342"}],"template":"dynamic"},"questions":[{"type":"shorttext","reference":"28c9e9d6-12d1-c4d4-2188-579d59eb9342"}],"features":[],"tags":{"Migration status":["Not started"],"Import status":["Complete"],"Moodle question type":["shortanswer"],"Moodle flag":["Not used in any quiz"],"category":["top/BH 9 Chemical Bonds"]},"reference":"31887b39-1a73-3e03-b6f1-b15bbb43b327","status":"published","title":"Lewis structure beginning 1","note":"","source":"https://quizzeslti.wiris.net/njit.edu/question/question.php?id=319810&courseid=200","dynamic_content_data":[]}