{"definition":{"widgets":[{"reference":"91c54b37-6d19-6649-5192-a894c54058a2"}],"template":"dynamic"},"questions":[{"type":"mcq","reference":"91c54b37-6d19-6649-5192-a894c54058a2"}],"features":[],"tags":{"Migration status":["Not started"],"Import status":["Complete"],"Moodle question type":["truefalsewiris"],"Moodle flag":["Used in a quiz explicitely","Duplicate, already included in a bundled item and not a random variant"],"category":["top/Default for CHEM 360 Master Course"]},"reference":"31d4dc7b-8515-bd52-89ec-e0296fb37185","status":"published","title":"Nov 1 - midterm","note":"","source":"https://quizzeslti.wiris.net/njit.edu/question/question.php?id=319690&courseid=200","dynamic_content_data":[]}