{"definition":{"widgets":[{"reference":"b3be3f65-d595-f583-cb3a-e71026f17ab3"}],"template":"dynamic"},"questions":[{"type":"clozetext","reference":"b3be3f65-d595-f583-cb3a-e71026f17ab3"}],"features":[],"tags":{"Migration status":["Not started"],"Import status":["Incomplete"],"Moodle question type":["shortanswerwiris"],"Moodle flag":["Not used in any quiz"],"category":["top/Default for CHEM 360 Master Course"]},"reference":"320468e5-cf5e-4a07-6b6a-d7a3ea2e50a1","status":"published","title":"WIRIS Random (INCOMPLETE)","note":"","source":"https://quizzeslti.wiris.net/njit.edu/question/question.php?id=319450&courseid=200","dynamic_content_data":[]}