{"definition":{"widgets":[{"reference":"4da5bc94-c2e8-a99f-21ac-11320639b0fb"}],"template":"dynamic"},"questions":[{"type":"shorttext","reference":"4da5bc94-c2e8-a99f-21ac-11320639b0fb"}],"features":[],"tags":{"Migration status":["Not started"],"Import status":["Complete"],"Moodle question type":["shortanswer"],"Moodle flag":["Used in a quiz explicitely","Duplicate, already included in a bundled item and not a random variant"],"category":["top/BH 9 Chemical Bonds"]},"reference":"329df20f-137f-0c6f-a9f7-2c580c742a01","status":"published","title":"CB 1b valence electrons","note":"","source":"https://quizzeslti.wiris.net/njit.edu/question/question.php?id=319806&courseid=200","dynamic_content_data":[]}