{"definition":{"widgets":[{"reference":"68d0628f-41df-5c2e-641b-a6e4dd3b1994"}],"template":"dynamic"},"questions":[{"type":"shorttext","reference":"68d0628f-41df-5c2e-641b-a6e4dd3b1994"}],"features":[],"tags":{"Migration status":["Not started"],"Import status":["Complete"],"Moodle question type":["shortanswer"],"Moodle flag":["Not used in any quiz"],"category":["top/BH 4 Electrolytes"]},"reference":"32f0ec3f-c242-360a-1981-28fcc377892d","status":"published","title":"Electrolytes 2 CaCl2","note":"","source":"https://quizzeslti.wiris.net/njit.edu/question/question.php?id=319753&courseid=200","dynamic_content_data":[]}