{"definition":{"widgets":[{"reference":"472a275d-5baa-2903-56a8-14ea4c9d8b3a"}],"template":"dynamic"},"questions":[{"type":"mcq","reference":"472a275d-5baa-2903-56a8-14ea4c9d8b3a"}],"features":[],"tags":{"Migration status":["Not started"],"Import status":["Complete"],"Moodle question type":["multichoice"],"Moodle flag":["Not used in any quiz"],"category":["top/BH 4 Electrolytes"]},"reference":"33a49582-7d5a-9785-f131-d53f190481cb","status":"published","title":"Electrolytes for ch 5 -4a-","note":"","source":"https://quizzeslti.wiris.net/njit.edu/question/question.php?id=319748&courseid=200","dynamic_content_data":[]}