{"definition":{"widgets":[{"reference":"d9069bf2-c685-100b-87e3-18dd3ab1c935"}],"template":"dynamic"},"questions":[{"type":"mcq","reference":"d9069bf2-c685-100b-87e3-18dd3ab1c935"}],"features":[],"tags":{"Migration status":["Not started"],"Import status":["Complete"],"Moodle question type":["multichoicewiris"],"Moodle flag":["Used in a quiz explicitely","Duplicate, already included in a bundled item and not a random variant"],"category":["top/Default for CHEM 360 Master Course"]},"reference":"33b55a84-b67f-1f1d-11e1-4b5eafeeac75","status":"published","title":"HW5Q3","note":"","source":"https://quizzeslti.wiris.net/njit.edu/question/question.php?id=319590&courseid=200","dynamic_content_data":[]}