{"definition":{"widgets":[{"reference":"b4ef8c8c-a632-95da-fd92-d1933dc36776"}],"template":"dynamic"},"questions":[{"type":"clozetext","reference":"b4ef8c8c-a632-95da-fd92-d1933dc36776"}],"features":[],"tags":{"Migration status":["Not started"],"Import status":["Incomplete"],"Moodle question type":["multianswerwiris"],"Moodle flag":["Used in a quiz explicitely","Duplicate, already included in a bundled item and not a random variant"],"category":["top/Default for CHEM 360 Master Course"]},"reference":"34416b7a-5134-a4e5-c484-cf54c5a5a255","status":"published","title":"EX2Q19 (INCOMPLETE)","note":"","source":"https://quizzeslti.wiris.net/njit.edu/question/question.php?id=319668&courseid=200","dynamic_content_data":[]}