{"definition":{"widgets":[{"reference":"c9fd3f32-064d-183a-944f-075685e8e1a9"}],"template":"dynamic"},"questions":[{"type":"mcq","reference":"c9fd3f32-064d-183a-944f-075685e8e1a9"}],"features":[],"tags":{"Migration status":["Not started"],"Import status":["Complete"],"Moodle question type":["multichoice"],"Moodle flag":["Not used in any quiz"],"category":["top/BH 9 Chemical Bonds"]},"reference":"3721b8af-3893-cd3c-e4fb-0a5736ccc784","status":"published","title":"CB 2b LS H3PO3","note":"","source":"https://quizzeslti.wiris.net/njit.edu/question/question.php?id=319794&courseid=200","dynamic_content_data":[]}