{"definition":{"widgets":[{"reference":"3dfa2431-1883-a604-034a-fbd068eaebbe"},{"reference":"4cf5d734-16e0-03f0-0869-0667636a83ae"},{"reference":"6462ee3a-4d37-2457-f6ff-693f24e98d25"},{"reference":"e3896aa5-a8f8-64c3-d6cf-64d7f4591620"},{"reference":"04a9f770-9f49-d920-3bf5-b32ea2a91709"},{"reference":"c9f2b6f5-8acd-6f24-4d60-ef0ed3f56bec"},{"reference":"d3b061df-fd42-3ac9-58f5-9e416afe955e"},{"reference":"d28bb0d7-a0ba-f903-8a25-db0ea814005d"}],"template":"dynamic"},"questions":[{"type":"mcq","reference":"3dfa2431-1883-a604-034a-fbd068eaebbe"},{"type":"clozetext","reference":"4cf5d734-16e0-03f0-0869-0667636a83ae"},{"type":"clozetext","reference":"6462ee3a-4d37-2457-f6ff-693f24e98d25"},{"type":"clozetext","reference":"e3896aa5-a8f8-64c3-d6cf-64d7f4591620"},{"type":"clozetext","reference":"04a9f770-9f49-d920-3bf5-b32ea2a91709"},{"type":"clozetext","reference":"c9f2b6f5-8acd-6f24-4d60-ef0ed3f56bec"},{"type":"mcq","reference":"d3b061df-fd42-3ac9-58f5-9e416afe955e"},{"type":"mcq","reference":"d28bb0d7-a0ba-f903-8a25-db0ea814005d"}],"features":[],"tags":{"Migration status":["Not started"],"Import status":["Incomplete"],"Moodle question type":["quizpage","truefalsewiris","shortanswerwiris","multianswerwiris","multichoicewiris"],"Moodle flag":["Used in a quiz explicitely"],"category":["Quiz 1 - intro and composition"]},"reference":"375d6226-0da0-b771-1ce8-0e684b5a0454","status":"published","title":"Quiz 1 - intro and composition - page 1","note":"","source":"https://quizzeslti.wiris.net/njit.edu/question/question.php?id=319527&courseid=200,https://quizzeslti.wiris.net/njit.edu/question/question.php?id=319480&courseid=200,https://quizzeslti.wiris.net/njit.edu/question/question.php?id=319507&courseid=200,https://quizzeslti.wiris.net/njit.edu/question/question.php?id=319518&courseid=200,https://quizzeslti.wiris.net/njit.edu/question/question.php?id=319525&courseid=200,https://quizzeslti.wiris.net/njit.edu/question/question.php?id=319526&courseid=200,https://quizzeslti.wiris.net/njit.edu/question/question.php?id=319476&courseid=200,https://quizzeslti.wiris.net/njit.edu/question/question.php?id=319528&courseid=200","dynamic_content_data":""}