{"definition":{"widgets":[{"reference":"b6730489-460a-d09c-4ab6-90491aef6481"},{"reference":"f0c0552c-0dc7-0dfc-1841-3d9881e9b44d"},{"reference":"5560b6ac-13ba-e209-0aaf-312a8ed72ed5"},{"reference":"4ba552b1-cbb9-7352-4577-071f80149ddf"}],"template":"dynamic"},"questions":[{"type":"longtextV2","reference":"b6730489-460a-d09c-4ab6-90491aef6481"},{"type":"clozetext","reference":"f0c0552c-0dc7-0dfc-1841-3d9881e9b44d"},{"type":"clozetext","reference":"5560b6ac-13ba-e209-0aaf-312a8ed72ed5"},{"type":"clozetext","reference":"4ba552b1-cbb9-7352-4577-071f80149ddf"}],"features":[],"tags":{"Migration status":["Not started"],"Import status":["Incomplete"],"Moodle question type":["quizpage","essaywiris","shortanswerwiris"],"Moodle flag":["Used in a quiz explicitely"],"category":["Training quiz"]},"reference":"3852b182-cc09-213e-e587-b88c3e037fb9","status":"published","title":"Training quiz - page 1","note":"","source":"https://quizzeslti.wiris.net/njit.edu/question/question.php?id=319462&courseid=200,https://quizzeslti.wiris.net/njit.edu/question/question.php?id=319463&courseid=200,https://quizzeslti.wiris.net/njit.edu/question/question.php?id=319679&courseid=200,https://quizzeslti.wiris.net/njit.edu/question/question.php?id=319687&courseid=200","dynamic_content_data":""}