{"definition":{"widgets":[{"reference":"e012b162-fb3e-6e50-ae5e-d3c66576e3e0"}],"template":"dynamic"},"questions":[{"type":"clozetext","reference":"e012b162-fb3e-6e50-ae5e-d3c66576e3e0"}],"features":[],"tags":{"Migration status":["Not started"],"Import status":["Incomplete"],"Moodle question type":["shortanswerwiris"],"Moodle flag":["Used in a quiz explicitely","Duplicate, already included in a bundled item and not a random variant"],"category":["top/Default for CHEM 360 Master Course"]},"reference":"39251f11-b67f-81f0-f8e3-ee2c4ea155e2","status":"published","title":"EX2Q1 (INCOMPLETE)","note":"","source":"https://quizzeslti.wiris.net/njit.edu/question/question.php?id=319645&courseid=200","dynamic_content_data":[]}