{"definition":{"widgets":[{"reference":"59f4d9d6-3781-3876-0840-a16071c413c2"}],"template":"dynamic"},"questions":[{"type":"association","reference":"59f4d9d6-3781-3876-0840-a16071c413c2"}],"features":[],"tags":{"Migration status":["Not started"],"Import status":["Complete"],"Moodle question type":["matchwiris"],"Moodle flag":["Used in a quiz explicitely","Duplicate, already included in a bundled item and not a random variant"],"category":["top/Default for CHEM 360 Master Course"]},"reference":"399bafe4-313e-7b42-df6c-85f17ccac7d7","status":"published","title":"Q4Q2","note":"","source":"https://quizzeslti.wiris.net/njit.edu/question/question.php?id=319631&courseid=200","dynamic_content_data":[]}