{"definition":{"widgets":[{"reference":"41fa8e7e-08a1-696d-8635-1486a2a572eb"}],"template":"dynamic"},"questions":[{"type":"formulaV2","reference":"41fa8e7e-08a1-696d-8635-1486a2a572eb"}],"features":[],"tags":{"Migration status":["Not started"],"Import status":["Complete"],"Moodle question type":["calculated"],"Moodle flag":["Not used in any quiz"],"category":["top/BH 3 Balance Equations"]},"reference":"3a314579-083d-33d0-daeb-15052753b440","status":"published","title":"Balanced equation, meaning b","note":"","source":"https://quizzeslti.wiris.net/njit.edu/question/question.php?id=319729&courseid=200","dynamic_content_data":{"cols":["d","a","c","b","ans0"],"rows":{"ed06dd2e-7118-400e-8af8-fbecc2825b6d":{"index":0,"values":["1","1","3","1","1"]},"b6e56194-cdc8-d563-79a8-2407d81b1c9e":{"index":1,"values":["2","3","3","3","2"]},"cdd8bf9f-ed9f-6ab6-d502-aacf7f37fa95":{"index":2,"values":["4","3","5","1","4"]},"6db180e1-39f3-88cc-8898-3e9669897e81":{"index":3,"values":["2","3","7","2","2"]},"fb9c7129-64dc-a75e-06c8-541080d52c8c":{"index":4,"values":["1","5","7","8","1"]},"0d895a12-e148-b42b-b84f-6be33959d6b5":{"index":5,"values":["5","5","6","2","5"]},"96ac92a2-9c0b-6f67-abf1-602ee38afc81":{"index":6,"values":["4","6","4","1","4"]},"71aae3b4-6730-3b0e-ec99-425cc66be843":{"index":7,"values":["2","8","7","8","2"]},"22682586-7c55-9eff-732f-f8a7eed5746d":{"index":8,"values":["3","5","8","4","3"]},"2758cd7d-733b-95e0-2f61-a538a468bbba":{"index":9,"values":["2","3","7","5","2"]},"8b8d2ceb-815d-c85a-3f23-8b6248027998":{"index":10,"values":["3","4","9","2","3"]},"76b0a9e7-b945-3c56-a32b-8f28bca4726b":{"index":11,"values":["4","2","7","8","4"]},"c6a05908-3574-3a78-0e0a-e51d09280b0b":{"index":12,"values":["4","6","4","6","4"]},"4a90e2ca-5a7e-17cc-0ecb-992206413f53":{"index":13,"values":["4","3","6","5","4"]},"1b1eb377-4d28-d38b-cf82-c465f409c95f":{"index":14,"values":["3","4","7","9","3"]},"316a25f7-4467-97ea-770b-a395576c8d47":{"index":15,"values":["3","6","4","3","3"]},"95955ace-ad88-c495-b1b5-3d448cf7c6c9":{"index":16,"values":["1","7","7","2","1"]},"e04a6148-2ace-59d3-83c0-9e75fd1b15ff":{"index":17,"values":["4","6","9","1","4"]},"fe0ec6de-6f81-143b-ac08-558d5123b99c":{"index":18,"values":["3","5","6","2","3"]},"247d8327-77af-7e74-0700-c7ddceec6fb2":{"index":19,"values":["4","1","8","1","4"]},"27dc6fc4-2b9a-c410-4f7b-2514535596b3":{"index":20,"values":["5","8","7","3","5"]},"c20b7f63-63df-d09e-5c08-ffc6f21b9712":{"index":21,"values":["2","2","7","2","2"]},"b580b619-87e8-9be0-dede-662e9e8b7099":{"index":22,"values":["2","6","8","8","2"]},"92e2f9f0-011c-03f6-18a0-a90b81de37fa":{"index":23,"values":["1","5","8","3","1"]},"fa2570a2-03ef-8500-e7db-51ac9b60cf90":{"index":24,"values":["4","7","6","6","4"]},"66e81b07-2abd-1821-92eb-450b4b9623fa":{"index":25,"values":["2","7","8","8","2"]},"1434967b-cbf1-6e69-18df-f39f5d5d8729":{"index":26,"values":["4","3","8","1","4"]},"c04396dc-316b-65b5-f47e-52956837d73c":{"index":27,"values":["4","5","4","3","4"]},"4744f996-341e-6b91-27be-a756a52da8ba":{"index":28,"values":["5","1","4","9","5"]},"1b32fa92-1ec9-f639-a628-2e81fd3d0785":{"index":29,"values":["2","5","3","4","2"]},"485ae9d7-51cc-37f7-add0-183620efe480":{"index":30,"values":["5","2","3","4","5"]},"c880c2d2-84b9-66e0-e774-f901cb6731fb":{"index":31,"values":["1","3","6","7","1"]},"61649f69-385c-9518-edd4-90fe1f08f3cf":{"index":32,"values":["4","8","3","7","4"]},"857a21a7-f575-c6c6-4060-46bfa5583346":{"index":33,"values":["5","1","6","8","5"]},"cac8f6a6-d413-5bb5-1780-5b538ce64613":{"index":34,"values":["1","6","5","1","1"]},"7b541c18-6b56-0cee-d81b-4a4103d54ddc":{"index":35,"values":["1","2","7","1","1"]},"70988d97-3a12-8005-17a4-d373381490f0":{"index":36,"values":["4","2","7","6","4"]},"e2ec5d24-2d46-6239-564b-5eb2f98746b9":{"index":37,"values":["2","5","3","9","2"]},"37a2e428-94a9-a32a-f569-a8944b5519c9":{"index":38,"values":["2","1","5","1","2"]},"f3c15410-f23c-ba61-1538-ec237f3c0699":{"index":39,"values":["2","3","7","6","2"]},"d9f787b1-b29d-16cc-fa21-170541a969cc":{"index":40,"values":["3","5","4","3","3"]},"b570f304-2672-c0ff-4d60-11c5d16d8d28":{"index":41,"values":["2","9","4","6","2"]},"591225dd-15b0-f937-e7e1-c74715fcbf88":{"index":42,"values":["3","3","3","6","3"]},"62f818a7-eda1-1f58-d670-403efa0ce7ce":{"index":43,"values":["3","9","4","6","3"]},"d62f1122-d9d7-3e65-83d4-0c6bfebea27c":{"index":44,"values":["4","1","7","6","4"]},"75bf1bec-bdbe-5807-608a-9a39e066c14f":{"index":45,"values":["3","8","3","4","3"]},"f8dbad31-1550-8106-1592-77ae7a87dd82":{"index":46,"values":["2","6","6","7","2"]},"3ad6a4d1-561c-b2a6-d0d4-1c489acc33e3":{"index":47,"values":["2","6","5","5","2"]},"e086beba-7c78-5c5d-462a-7bc5249aaa92":{"index":48,"values":["5","5","6","3","5"]},"ded04e38-83b1-e7c9-c7d3-0500d16323db":{"index":49,"values":["3","5","6","3","3"]},"5876158b-2cb8-7095-f47f-9d862d9b9a74":{"index":50,"values":["1","2","6","7","1"]},"6bab37f5-6eb1-008b-8812-3577cd7473a6":{"index":51,"values":["4","3","5","7","4"]},"5b1cf9ec-14c5-8e2e-d100-8ca97e44d712":{"index":52,"values":["1","9","8","2","1"]},"f55145a2-ace8-9dc8-4b0f-94fc7daff08f":{"index":53,"values":["2","2","6","2","2"]},"aca617f7-6fd3-bfd6-2305-e7faae621560":{"index":54,"values":["2","2","7","4","2"]},"63cf29b0-f67f-9a10-c055-cd860a6c26d1":{"index":55,"values":["2","4","4","3","2"]},"b0be6526-f0ae-90ff-f8a1-5f5d4c066d09":{"index":56,"values":["4","4","6","6","4"]},"733a6369-f5f8-4c2a-91dc-50c58d8f416e":{"index":57,"values":["3","7","5","2","3"]},"515d00e1-c2d2-c59a-b810-4d8b197c2e3e":{"index":58,"values":["2","3","4","8","2"]},"1ae0d77a-2e06-af4e-cfa8-3c9da626425a":{"index":59,"values":["5","4","6","6","5"]}}}}