{"definition":{"widgets":[{"reference":"30c7f139-e543-2edc-4fbf-92c1b30c1067"}],"template":"dynamic"},"questions":[{"type":"clozetext","reference":"30c7f139-e543-2edc-4fbf-92c1b30c1067"}],"features":[],"tags":{"Migration status":["Not started"],"Import status":["Incomplete"],"Moodle question type":["matchwiris"],"Moodle flag":["Used in a quiz explicitely","Duplicate, already included in a bundled item and not a random variant"],"category":["top/Default for CHEM 360 Master Course"]},"reference":"3a3a2295-ab58-7762-6a13-9c29011091fb","status":"published","title":"HW4Q6 (INCOMPLETE)","note":"","source":"https://quizzeslti.wiris.net/njit.edu/question/question.php?id=319544&courseid=200","dynamic_content_data":[]}