{"definition":{"widgets":[{"reference":"4246ea78-fd1d-9dde-45eb-deeba33d6d5f"}],"template":"dynamic"},"questions":[{"type":"mcq","reference":"4246ea78-fd1d-9dde-45eb-deeba33d6d5f"}],"features":[],"tags":{"Migration status":["Not started"],"Import status":["Complete"],"Moodle question type":["multichoicewiris"],"Moodle flag":["Used in a quiz explicitely","Duplicate, already included in a bundled item and not a random variant"],"category":["top/Default for CHEM 360 Master Course"]},"reference":"3a8be79b-6c89-1476-81a9-76acd588c919","status":"published","title":"Q1Q5","note":"","source":"https://quizzeslti.wiris.net/njit.edu/question/question.php?id=319528&courseid=200","dynamic_content_data":[]}