{"definition":{"widgets":[{"reference":"b7f0103a-2324-e26f-9ec7-1e38ede5fc72"}],"template":"dynamic"},"questions":[{"type":"formulaV2","reference":"b7f0103a-2324-e26f-9ec7-1e38ede5fc72"}],"features":[],"tags":{"Migration status":["Not started"],"Import status":["Complete"],"Moodle question type":["calculated"],"Moodle flag":["Not used in any quiz"],"category":["top/BH 3 Balance Equations"]},"reference":"3a9bfb4b-8d45-628f-1184-307f174b1d58","status":"published","title":"Balanced equation, yield b","note":"","source":"https://quizzeslti.wiris.net/njit.edu/question/question.php?id=319737&courseid=200","dynamic_content_data":{"cols":["a","dd","c","d","b","ans0"],"rows":{"0a745d63-3d00-8589-105e-f4f5abcd09be":{"index":0,"values":["0.30","0.00","2","0.20","1.00","0.45"]},"664157b9-c0e7-0edd-cc63-406d67f64f8c":{"index":1,"values":["0.33","0.04","6","0.29","1.39","0.435"]},"f52d31e6-8f69-dd6c-8595-15cd22d63bb5":{"index":2,"values":["0.36","0.17","8","0.27","1.14","0.285"]},"ff02698c-160d-0571-2418-9f1d8d49c429":{"index":3,"values":["0.33","0.14","8","0.28","1.19","0.285"]},"2f343eae-7fb9-515f-9808-28039d60a934":{"index":4,"values":["0.38","0.23","7","0.25","1.49","0.225"]},"cf0c4be1-4ac4-2b01-0397-5a9d34c7faf0":{"index":5,"values":["0.35","0.08","6","0.25","1.16","0.405"]},"313c8ef6-f6b3-6225-2589-20fefb0c96d3":{"index":6,"values":["0.38","0.00","2","0.26","1.27","0.57"]},"7421f0b8-64c7-5c97-af8f-f1df5d3814bf":{"index":7,"values":["0.32","0.01","4","0.27","1.06","0.465"]},"bb40aea5-c44a-21e9-4838-8cbffedf4516":{"index":8,"values":["0.30","0.17","6","0.27","1.49","0.195"]},"1006ae15-5a2e-8ed0-69c6-880297aa6d9d":{"index":9,"values":["0.38","0.17","7","0.28","1.26","0.315"]},"cc93a4ef-d901-2cee-eae9-f09cb5a5c0b0":{"index":10,"values":["0.30","0.24","8","0.26","1.41","0.09"]},"27306dc7-f108-fdca-ae7a-a826d3fd785a":{"index":11,"values":["0.34","0.10","6","0.26","1.38","0.36"]},"572ac448-6985-023a-0355-b28e7ddbfc38":{"index":12,"values":["0.38","0.05","9","0.24","1.44","0.495"]},"17295a17-143f-0ced-07a8-e84ac8a46fc7":{"index":13,"values":["0.35","0.24","8","0.25","1.10","0.165"]},"a2268f8e-d66c-a4af-cc15-1f5ab2f4cacc":{"index":14,"values":["0.33","0.03","9","0.25","1.36","0.45"]},"c151306a-fda9-e89b-84bb-76f216bb8fee":{"index":15,"values":["0.36","0.15","6","0.26","1.28","0.315"]},"c7cbfccb-d3e6-cf2f-4e79-580d207d883d":{"index":16,"values":["0.35","0.16","7","0.25","1.12","0.285"]},"7978d1e6-464d-b53d-df9d-a4b57643accf":{"index":17,"values":["0.32","0.20","5","0.29","1.35","0.18"]},"6461aa3a-40ff-cc07-0252-f4daf9d997f2":{"index":18,"values":["0.36","0.25","4","0.22","1.46","0.165"]},"d771ca11-9cc0-528e-e571-3f5bae4fd054":{"index":19,"values":["0.39","0.28","7","0.25","1.44","0.165"]},"1ac1ad55-9519-392b-21e5-b6dfe0374f92":{"index":20,"values":["0.34","0.22","4","0.27","1.47","0.18"]},"3c7eeb7d-532e-c7cd-438b-f2629d332962":{"index":21,"values":["0.35","0.17","8","0.29","1.10","0.27"]},"b674b08c-126f-2073-4f8a-9a48386fb9f0":{"index":22,"values":["0.34","0.21","6","0.23","1.04","0.195"]},"92b8e2fb-98dc-da4a-ebe1-dd41e14f6116":{"index":23,"values":["0.36","0.01","8","0.28","1.25","0.525"]},"b9019349-adb0-53b9-46f9-9b22d5cd517d":{"index":24,"values":["0.32","0.30","8","0.24","1.41","0.03"]},"53aa14b8-7d52-4935-0462-0dbff304614c":{"index":25,"values":["0.34","0.13","5","0.22","1.12","0.315"]},"d4705949-dd48-6c5f-55a8-b101fb70084e":{"index":26,"values":["0.37","0.18","8","0.27","1.35","0.285"]},"3bd0ba7a-efac-2134-1d3f-00de890b7aa4":{"index":27,"values":["0.40","0.05","7","0.25","1.49","0.525"]},"452af72d-847c-5eeb-7878-767ba6b32c73":{"index":28,"values":["0.36","0.28","6","0.29","1.15","0.12"]},"7b5bf0fe-2f0f-ef4b-94af-ce0c54be2016":{"index":29,"values":["0.34","0.25","8","0.23","1.03","0.135"]},"77a7de27-d692-d4ef-3d52-e59e1a228992":{"index":30,"values":["0.34","0.21","3","0.26","1.29","0.195"]},"e9bb7c0c-1e49-4247-f7a4-1f9310488f01":{"index":31,"values":["0.37","0.10","4","0.29","1.19","0.405"]},"b1d50733-f757-53a5-0a8c-db38d5e34980":{"index":32,"values":["0.32","0.21","5","0.21","1.03","0.165"]},"9d3bbcdd-01ad-761f-faa6-30d7820937e5":{"index":33,"values":["0.31","0.19","2","0.22","1.21","0.18"]},"f0165545-f1a9-c3af-eb57-28a35766cedf":{"index":34,"values":["0.40","0.09","8","0.23","1.28","0.465"]},"c8027ca0-1003-9678-335c-bbb6b2e51732":{"index":35,"values":["0.36","0.25","7","0.24","1.28","0.165"]},"3f831cc6-a57d-60a5-06d4-576def38747f":{"index":36,"values":["0.39","0.22","3","0.23","1.07","0.255"]},"eab68f82-6165-5035-0137-dc66f30ef7ec":{"index":37,"values":["0.36","0.04","3","0.21","1.27","0.48"]},"c8b1ff80-fc84-1470-8fcb-79977b0b949c":{"index":38,"values":["0.40","0.23","5","0.23","1.19","0.255"]},"79becadf-dce6-fb09-91f9-8fa06ecb4e96":{"index":39,"values":["0.36","0.02","8","0.27","1.33","0.51"]},"2669fa05-b047-f310-ec14-4d3744c4b8b7":{"index":40,"values":["0.38","0.26","5","0.25","1.05","0.18"]},"c025801c-0f78-5dca-7b18-a4ac2160195a":{"index":41,"values":["0.37","0.05","4","0.27","1.15","0.48"]},"f3f6b87b-7908-9f39-4c36-6728abbb1acb":{"index":42,"values":["0.39","0.16","4","0.28","1.33","0.345"]},"c0fdd36d-1800-ec8c-c104-c4775dc245f5":{"index":43,"values":["0.31","0.19","5","0.27","1.41","0.18"]},"a96b34a6-45b4-2201-508a-6addf19db745":{"index":44,"values":["0.37","0.26","5","0.21","1.20","0.165"]},"68246873-050b-5bc6-9357-2ec76290f24d":{"index":45,"values":["0.35","0.14","4","0.28","1.43","0.315"]},"38d88711-836b-b789-14cb-65528ed744f1":{"index":46,"values":["0.32","0.03","6","0.21","1.12","0.435"]},"4dc6bb8b-3e10-c433-2915-af39d497dca5":{"index":47,"values":["0.31","0.28","4","0.26","1.42","0.045"]},"9b8decd6-ab46-874f-b676-24f2ca4ca55e":{"index":48,"values":["0.39","0.05","7","0.22","1.25","0.51"]},"7e24d0b6-6826-6466-620d-95677a6d7846":{"index":49,"values":["0.35","0.20","3","0.25","1.39","0.225"]},"897b9ca0-5d7d-d81b-6c5f-07c6bde9283d":{"index":50,"values":["0.37","0.10","9","0.23","1.48","0.405"]},"21a99b05-e5ae-ff68-c517-09efec220db7":{"index":51,"values":["0.35","0.16","7","0.29","1.22","0.285"]},"8de53152-51da-7e0e-20fc-5906c54b4461":{"index":52,"values":["0.40","0.28","2","0.23","1.27","0.18"]},"a3487f53-de27-9e24-1c3d-2e84f0bee28d":{"index":53,"values":["0.40","0.12","7","0.23","1.43","0.42"]},"cdf7a910-1526-967d-38c6-4bdd6995e17a":{"index":54,"values":["0.39","0.22","8","0.22","1.39","0.255"]},"0731a7a2-8a0d-b864-fb8c-093c32353858":{"index":55,"values":["0.35","0.09","6","0.29","1.27","0.39"]},"1db45db9-a089-1269-c64a-5e37e41ac9b3":{"index":56,"values":["0.39","0.07","3","0.25","1.44","0.48"]},"ebee0e63-7481-34c8-893e-ec8ad3346967":{"index":57,"values":["0.39","0.14","8","0.20","1.31","0.375"]},"6d2a2254-a0c8-2a21-6490-11bacfeb1ce7":{"index":58,"values":["0.37","0.23","3","0.25","1.22","0.21"]},"c09e083e-38c4-73c6-dc0b-fc3551d76a89":{"index":59,"values":["0.40","0.09","8","0.27","1.03","0.465"]}}}}