{"definition":{"widgets":[{"reference":"ef5b5c42-34c2-f9c5-a490-8951bef13220"}],"template":"dynamic"},"questions":[{"type":"mcq","reference":"ef5b5c42-34c2-f9c5-a490-8951bef13220"}],"features":[],"tags":{"Migration status":["Not started"],"Import status":["Complete"],"Moodle question type":["multichoicewiris"],"Moodle flag":["Used in a quiz explicitely","Duplicate, already included in a bundled item and not a random variant"],"category":["top/Default for CHEM 360 Master Course"]},"reference":"3c07c0b1-ded0-3437-e153-494833e99da7","status":"published","title":"HW8Q4","note":"","source":"https://quizzeslti.wiris.net/njit.edu/question/question.php?id=319638&courseid=200","dynamic_content_data":[]}