{"definition":{"widgets":[{"reference":"d46b7d7f-6297-ddf0-c353-8eba6794f7cb"}],"template":"dynamic"},"questions":[{"type":"mcq","reference":"d46b7d7f-6297-ddf0-c353-8eba6794f7cb"}],"features":[],"tags":{"Migration status":["Not started"],"Import status":["Complete"],"Moodle question type":["multichoicewiris"],"Moodle flag":["Not used in any quiz"],"category":["top/Default for CHEM 360 Master Course"]},"reference":"3c8da42b-1346-0e0e-621e-6b707c54f425","status":"published","title":"EX1Q2","note":"","source":"https://quizzeslti.wiris.net/njit.edu/question/question.php?id=319563&courseid=200","dynamic_content_data":[]}