{"definition":{"widgets":[{"reference":"d0daaadc-04a2-84b8-7b27-b8ffe3d2180c"}],"template":"dynamic"},"questions":[{"type":"clozetext","reference":"d0daaadc-04a2-84b8-7b27-b8ffe3d2180c"}],"features":[],"tags":{"Migration status":["Not started"],"Import status":["Incomplete"],"Moodle question type":["multianswerwiris"],"Moodle flag":["Used in a quiz explicitely","Duplicate, already included in a bundled item and not a random variant"],"category":["top/Default for CHEM 360 Master Course"]},"reference":"3d4f670a-e550-b4c4-e1e4-3ee427a82efc","status":"published","title":"EX2Q14 (INCOMPLETE)","note":"","source":"https://quizzeslti.wiris.net/njit.edu/question/question.php?id=319658&courseid=200","dynamic_content_data":[]}