{"definition":{"widgets":[{"reference":"7bc096c3-11f9-30be-d234-8352390ee9dd"},{"reference":"6c9e7cbb-8306-13e3-809a-56997fe436d4"},{"reference":"08aca1d2-b167-170b-018d-12d0efcc602e"},{"reference":"3484197b-1129-6b77-73ac-d857243ed489"},{"reference":"2fb374e5-9b2f-19ee-e7b2-c2188c0ec98b"},{"reference":"e90da033-d806-f8e0-eb2c-4b27e086586d"},{"reference":"fdf02d7c-7f1b-86ed-63fa-0b8ef3c52467"},{"reference":"0eae1616-4cf1-a6e5-6703-7fa7a93f4e53"},{"reference":"bca427e5-ef41-d26f-08e8-61df0ff5b6d5"},{"reference":"3c529213-709a-1915-5173-46caadba5ab5"},{"reference":"85aaa680-1848-a907-9147-03a216e47331"}],"template":"dynamic"},"questions":[{"type":"formulaV2","reference":"7bc096c3-11f9-30be-d234-8352390ee9dd"},{"type":"formulaV2","reference":"6c9e7cbb-8306-13e3-809a-56997fe436d4"},{"type":"formulaV2","reference":"08aca1d2-b167-170b-018d-12d0efcc602e"},{"type":"formulaV2","reference":"3484197b-1129-6b77-73ac-d857243ed489"},{"type":"formulaV2","reference":"2fb374e5-9b2f-19ee-e7b2-c2188c0ec98b"},{"type":"formulaV2","reference":"e90da033-d806-f8e0-eb2c-4b27e086586d"},{"type":"formulaV2","reference":"fdf02d7c-7f1b-86ed-63fa-0b8ef3c52467"},{"type":"formulaV2","reference":"0eae1616-4cf1-a6e5-6703-7fa7a93f4e53"},{"type":"formulaV2","reference":"bca427e5-ef41-d26f-08e8-61df0ff5b6d5"},{"type":"formulaV2","reference":"3c529213-709a-1915-5173-46caadba5ab5"},{"type":"formulaV2","reference":"85aaa680-1848-a907-9147-03a216e47331"}],"features":[],"tags":{"Migration status":["Not started"],"Import status":["Complete"],"Moodle question type":["quizpage","calculated"],"TODO":["Check merged datatable"],"Moodle flag":["Used in a quiz explicitely"],"category":["(2) Home QUIZ on molecular compounds"]},"reference":"3dece241-f2ea-25dc-4b35-4498c60ce701","status":"published","title":"(2) Home QUIZ on molecular compounds - page 1","note":"","source":"https://quizzeslti.wiris.net/njit.edu/question/question.php?id=319726&courseid=200,https://quizzeslti.wiris.net/njit.edu/question/question.php?id=319717&courseid=200,https://quizzeslti.wiris.net/njit.edu/question/question.php?id=319727&courseid=200,https://quizzeslti.wiris.net/njit.edu/question/question.php?id=319719&courseid=200,https://quizzeslti.wiris.net/njit.edu/question/question.php?id=319721&courseid=200,https://quizzeslti.wiris.net/njit.edu/question/question.php?id=319738&courseid=200,https://quizzeslti.wiris.net/njit.edu/question/question.php?id=319739&courseid=200,https://quizzeslti.wiris.net/njit.edu/question/question.php?id=319740&courseid=200,https://quizzeslti.wiris.net/njit.edu/question/question.php?id=319741&courseid=200,https://quizzeslti.wiris.net/njit.edu/question/question.php?id=319742&courseid=200,https://quizzeslti.wiris.net/njit.edu/question/question.php?id=319743&courseid=200","dynamic_content_data":{"cols":["x","x0","x1","x2","x3","x4","x5","x6","x7","x8","x9","ans0","ans1","ans2","ans3","ans4"],"rows":{"4d64e828-6f13-2582-e962-18278e8be89f":{"index":0,"values":["12.01","44","8","3.12","309.6","3","4","5","3","1","3","31.0495","72.72727273","6.1129568e-22","182.3328","3.09321611"]},"5b122bff-d359-3302-eef2-a91dfc6063a7":{"index":1,"values":["12.01","44","22","1.77","98.1","3","4","5","3","1","3","31.0495","72.72727273","1.6810631e-21","103.4388","0.98011789"]},"05bd8c3e-73d5-3555-57b2-e43bf71d511a":{"index":2,"values":["12.01","44","47","0.97","175.8","3","4","5","3","1","3","31.0495","72.72727273","3.5913621e-21","56.6868","1.75641922"]},"a1e2899d-5a8e-fd6c-31b5-db2c693ec30c":{"index":3,"values":["12.01","44","50","2.82","286.6","3","4","5","3","1","3","31.0495","72.72727273","3.820598e-21","164.8008","2.86342292"]},"6d6a92de-ba5b-67a7-f75b-6fdbb1edbab2":{"index":4,"values":["12.01","44","30","2.65","130.7","3","4","5","3","1","3","31.0495","72.72727273","2.2923588e-21","154.866","1.30582476"]},"c28ffa04-6c0c-995f-9b59-560a1d92b79d":{"index":5,"values":["12.01","44","29","0.51","143.7","3","4","5","3","1","3","31.0495","72.72727273","2.2159468e-21","29.8044","1.43570786"]},"b01a00f7-0cc2-6fc2-2923-04c47d8b7a74":{"index":6,"values":["12.01","44","10","2.12","54.0","3","4","5","3","1","3","31.0495","72.72727273","7.641196e-22","123.8928","0.53951444"]},"a356244e-3b4e-801b-3206-c70f9d906748":{"index":7,"values":["12.01","44","43","4.55","265.8","3","4","5","3","1","3","31.0495","72.72727273","3.2857143e-21","265.902","2.65560995"]},"531f725b-2123-a2f1-6646-26d92e14260c":{"index":8,"values":["12.01","44","30","3.07","168.0","3","4","5","3","1","3","31.0495","72.72727273","2.2923588e-21","179.4108","1.67848936"]},"8d2e4a00-90eb-7389-9346-15c11c8cfd94":{"index":9,"values":["12.01","44","30","1.55","349.8","3","4","5","3","1","3","31.0495","72.72727273","2.2923588e-21","90.582","3.49485463"]},"155135c2-cb49-a4c2-2602-566e330d0e4d":{"index":10,"values":["12.01","44","22","3.56","246.7","3","4","5","3","1","3","31.0495","72.72727273","1.6810631e-21","208.0464","2.4647817"]},"1f467e7d-dfea-f4df-bf31-21aa80e619c6":{"index":11,"values":["12.01","44","30","4.50","98.4","3","4","5","3","1","3","31.0495","72.72727273","2.2923588e-21","262.98","0.9831152"]},"dfaff386-cbb1-2fde-d90a-bf89ee19f44e":{"index":12,"values":["12.01","44","5","4.32","107.9","3","4","5","3","1","3","31.0495","72.72727273","3.820598e-22","252.4608","1.07802977"]},"2b54e00b-220f-ef81-4cd5-1da2a9e56113":{"index":13,"values":["12.01","44","41","1.65","120.1","3","4","5","3","1","3","31.0495","72.72727273","3.1328904e-21","96.426","1.19992007"]},"2616c451-6316-66d2-1f73-4923d572cf52":{"index":14,"values":["12.01","44","33","1.38","126.0","3","4","5","3","1","3","31.0495","72.72727273","2.5215947e-21","80.6472","1.25886702"]},"35f24449-9f5a-e7b0-2001-37bf2b616b86":{"index":15,"values":["12.01","44","2","3.84","139.3","3","4","5","3","1","3","31.0495","72.72727273","1.5282392e-22","224.4096","1.39174743"]},"33ae1774-7a8e-0076-cc3d-453696699e28":{"index":16,"values":["12.01","44","31","2.95","174.5","3","4","5","3","1","3","31.0495","72.72727273","2.3687708e-21","172.398","1.74343091"]},"6de02d1a-e8eb-6ed7-2d67-1da8173d3197":{"index":17,"values":["12.01","44","2","0.99","162.9","3","4","5","3","1","3","31.0495","72.72727273","1.5282392e-22","57.8556","1.62753522"]},"b5583de2-72d1-853d-79ee-c36afb5e5df3":{"index":18,"values":["12.01","44","17","1.00","194.7","3","4","5","3","1","3","31.0495","72.72727273","1.2990033e-21","58.44","1.94524928"]},"6641a20b-b4ea-96e5-46d3-19fa57e2ea92":{"index":19,"values":["12.01","44","9","1.27","197.4","3","4","5","3","1","3","31.0495","72.72727273","6.8770764e-22","74.2188","1.972225"]},"10a3ebf1-3e14-6ade-fa36-568e32c44054":{"index":20,"values":["12.01","44","8","1.89","248.1","3","4","5","3","1","3","31.0495","72.72727273","6.1129568e-22","110.4516","2.47876911"]},"11a59686-03a3-03c0-77ec-272ccb3fefc7":{"index":21,"values":["12.01","44","33","4.28","355.5","3","4","5","3","1","3","31.0495","72.72727273","2.5215947e-21","250.1232","3.55180338"]},"8e44e749-8331-b3f2-5ac2-873684db6413":{"index":22,"values":["12.01","44","30","2.22","227.5","3","4","5","3","1","3","31.0495","72.72727273","2.2923588e-21","129.7368","2.27295434"]},"9c501d34-b63c-d04d-44e7-de015198ef20":{"index":23,"values":["12.01","44","45","4.73","79.8","3","4","5","3","1","3","31.0495","72.72727273","3.4385382e-21","276.4212","0.79728245"]},"11829370-04ce-cc74-8880-0602468b9951":{"index":24,"values":["12.01","44","38","4.92","281.2","3","4","5","3","1","3","31.0495","72.72727273","2.9036545e-21","287.5248","2.80947148"]},"f005332f-7ba0-0950-032b-2f218c4fcf3b":{"index":25,"values":["12.01","44","41","1.47","231.9","3","4","5","3","1","3","31.0495","72.72727273","3.1328904e-21","85.9068","2.31691478"]},"4a237978-4c9a-2433-0adb-9312bf5d640b":{"index":26,"values":["12.01","44","30","1.98","178.3","3","4","5","3","1","3","31.0495","72.72727273","2.2923588e-21","115.7112","1.78139674"]},"55d45151-1c2e-3f19-cad7-36ea3bf2a39e":{"index":27,"values":["12.01","44","45","4.77","168.0","3","4","5","3","1","3","31.0495","72.72727273","3.4385382e-21","278.7588","1.67848936"]},"55375339-1171-b5bc-1f32-0d1f11b5bf75":{"index":28,"values":["12.01","44","45","1.54","297.6","3","4","5","3","1","3","31.0495","72.72727273","3.4385382e-21","89.9976","2.97332401"]},"3f9af20e-9696-c1de-4a2b-f8f9badb1aae":{"index":29,"values":["12.01","44","10","2.27","111.0","3","4","5","3","1","3","31.0495","72.72727273","7.641196e-22","132.6588","1.1090019"]},"281652a1-eb1e-6b60-f5ef-65e5f1d4e673":{"index":30,"values":["12.01","44","47","0.91","371.3","3","4","5","3","1","3","31.0495","72.72727273","3.5913621e-21","53.1804","3.7096613"]},"3466c0eb-9673-5abe-2818-04a66c6d4208":{"index":31,"values":["12.01","44","50","1.91","392.9","3","4","5","3","1","3","31.0495","72.72727273","3.820598e-21","111.6204","3.92546708"]},"ea10b1c4-849d-774e-8aaa-87e27d8b3373":{"index":32,"values":["12.01","44","5","1.18","156.7","3","4","5","3","1","3","31.0495","72.72727273","3.820598e-22","68.9592","1.56559097"]},"d1e725ff-e957-5af9-1620-fbbbb40ba256":{"index":33,"values":["12.01","44","44","2.81","153.6","3","4","5","3","1","3","31.0495","72.72727273","3.3621262e-21","164.2164","1.53461884"]},"aeba96ca-5d77-b4f2-0232-198ce93bb136":{"index":34,"values":["12.01","44","9","4.26","59.8","3","4","5","3","1","3","31.0495","72.72727273","6.8770764e-22","248.9544","0.59746228"]},"07a1dd20-910e-a872-d793-b8ced8b65c40":{"index":35,"values":["12.01","44","40","4.98","327.1","3","4","5","3","1","3","31.0495","72.72727273","3.0564784e-21","291.0312","3.26805875"]},"2e80bde4-2c80-f772-f082-60c6c0743032":{"index":36,"values":["12.01","44","16","3.73","201.8","3","4","5","3","1","3","31.0495","72.72727273","1.2225914e-21","217.9812","2.01618543"]},"b8491ad3-6b97-2180-9ec0-66817011371c":{"index":37,"values":["12.01","44","40","1.47","244.8","3","4","5","3","1","3","31.0495","72.72727273","3.0564784e-21","85.9068","2.44579878"]},"68bad008-8a6f-23ed-ad73-f795272ebb30":{"index":38,"values":["12.01","44","2","2.88","125.9","3","4","5","3","1","3","31.0495","72.72727273","1.5282392e-22","168.3072","1.25786792"]},"ba2f7706-6877-0479-fa76-876ce15c5f00":{"index":39,"values":["12.01","44","31","0.95","349.5","3","4","5","3","1","3","31.0495","72.72727273","2.3687708e-21","55.518","3.49185733"]},"8132f479-f58e-4510-6bfb-cdf7730b261a":{"index":40,"values":["12.01","44","18","4.97","390.0","3","4","5","3","1","3","31.0495","72.72727273","1.3754153e-21","290.4468","3.89649316"]},"d47766fe-5028-aa3f-f400-b735bffef09c":{"index":41,"values":["12.01","44","31","2.14","361.3","3","4","5","3","1","3","31.0495","72.72727273","2.3687708e-21","125.0616","3.60975122"]},"2856a4d7-0ba0-b7d2-1c80-7625ef33afdc":{"index":42,"values":["12.01","44","44","4.81","385.8","3","4","5","3","1","3","31.0495","72.72727273","3.3621262e-21","281.0964","3.85453092"]},"99e383c7-4145-a707-c2e9-9b344b7f359c":{"index":43,"values":["12.01","44","41",".50","83.7","3","4","5","3","1","3","31.0495","72.72727273","3.1328904e-21","29.22","0.83624738"]},"d898ecd3-6147-ab73-17b9-72217840f4f8":{"index":44,"values":["12.01","44","16","4.93","377.4","3","4","5","3","1","3","31.0495","72.72727273","1.2225914e-21","288.1092","3.77060645"]},"8cb782ed-35d2-e563-e017-71c70ff4b77b":{"index":45,"values":["12.01","44","18","3.38","307.8","3","4","5","3","1","3","31.0495","72.72727273","1.3754153e-21","197.5272","3.07523229"]},"b3101ec1-8828-4933-604c-0f80bf986178":{"index":46,"values":["12.01","44","31","3.42","247.3","3","4","5","3","1","3","31.0495","72.72727273","2.3687708e-21","199.8648","2.4707763"]},"42641495-37e9-491a-af70-643cbc4f2570":{"index":47,"values":["12.01","44","29","3.68","284.7","3","4","5","3","1","3","31.0495","72.72727273","2.2159468e-21","215.0592","2.84444"]},"15cad4e3-64bf-91d9-5f5b-4428b69c98f5":{"index":48,"values":["12.01","44","38","2.32","390.0","3","4","5","3","1","3","31.0495","72.72727273","2.9036545e-21","135.5808","3.89649316"]},"507475b3-1a9c-49f6-1249-10d96197eeda":{"index":49,"values":["12.01","44","31","3.35","237.2","3","4","5","3","1","3","31.0495","72.72727273","2.3687708e-21","195.774","2.36986712"]},"59b3cfc5-939a-0b6b-a50e-a2e81fd5610f":{"index":50,"values":["12.01","44","16","3.66","289.8","3","4","5","3","1","3","31.0495","72.72727273","1.2225914e-21","213.8904","2.89539415"]},"089ea2bf-1b10-c5ce-9fff-5d8c1840c6e3":{"index":51,"values":["12.01","44","31","2.40","200.0","3","4","5","3","1","3","31.0495","72.72727273","2.3687708e-21","140.256","1.99820162"]},"51af5610-19f4-c5d6-c673-3a4cff1638ee":{"index":52,"values":["12.01","44","41","1.47","192.9","3","4","5","3","1","3","31.0495","72.72727273","3.1328904e-21","85.9068","1.92726546"]},"4b0acd8f-f3f9-5054-5fc4-99b9daadf574":{"index":53,"values":["12.01","44","2","3.01","358.4","3","4","5","3","1","3","31.0495","72.72727273","1.5282392e-22","175.9044","3.5807773"]},"5e774c0c-95f5-5963-8202-95a5bcb77c43":{"index":54,"values":["12.01","44","2","1.84","50.0","3","4","5","3","1","3","31.0495","72.72727273","1.5282392e-22","107.5296","0.4995504"]},"8570ee9d-187e-1c18-2451-b2c3e54fe866":{"index":55,"values":["12.01","44","17","0.57","92.7","3","4","5","3","1","3","31.0495","72.72727273","1.2990033e-21","33.3108","0.92616645"]},"ed7a6601-bda5-5707-49ed-81e448256306":{"index":56,"values":["12.01","44","2","3.86","188.3","3","4","5","3","1","3","31.0495","72.72727273","1.5282392e-22","225.5784","1.88130682"]},"04acf0af-8413-5432-6e6d-aca0a3a82f80":{"index":57,"values":["12.01","44","43","4.05","51.2","3","4","5","3","1","3","31.0495","72.72727273","3.2857143e-21","236.682","0.51153961"]},"413fefe8-355e-28de-80f0-43e645b120c2":{"index":58,"values":["12.01","44","16","1.66","93.2","3","4","5","3","1","3","31.0495","72.72727273","1.2225914e-21","97.0104","0.93116195"]},"e1d4dcd5-09a0-c991-5288-b306dc4861c9":{"index":59,"values":["12.01","44","45","3.27","370.8","3","4","5","3","1","3","31.0495","72.72727273","3.4385382e-21","191.0988","3.7046658"]}}}}