{"definition":{"widgets":[{"reference":"1b18fed8-60d3-cebd-6f60-bd6dcd2673ef"}],"template":"dynamic"},"questions":[{"type":"formulaV2","reference":"1b18fed8-60d3-cebd-6f60-bd6dcd2673ef"}],"features":[],"tags":{"Migration status":["Not started"],"Import status":["Complete"],"Moodle question type":["calculated"],"Moodle flag":["Used in a quiz explicitely","Duplicate, already included in a bundled item and not a random variant"],"category":["top/BH 3 Basics"]},"reference":"3ed445fd-8aa8-3d5e-d907-baa11fd78d56","status":"published","title":"Mole calculation simple","note":"","source":"https://quizzeslti.wiris.net/njit.edu/question/question.php?id=319719&courseid=200","dynamic_content_data":{"cols":["x","ans0"],"rows":{"d6176364-6be9-2be5-6a6c-7d8b5e914f84":{"index":0,"values":[".50","29.22"]},"9ddca719-a778-e7f6-c014-eaffedc82771":{"index":1,"values":["1.38","80.6472"]},"23a2ce4e-f9ca-d29e-4089-e232ed2c99c5":{"index":2,"values":["4.93","288.1092"]},"7cca2425-f4a6-52c9-36c3-105a749aef5c":{"index":3,"values":["2.14","125.0616"]},"71813e16-59dd-f1bd-20ba-4d0faa577e6a":{"index":4,"values":["1.98","115.7112"]},"10da9b4f-af3d-0a24-c8b8-7e6a355cc2c3":{"index":5,"values":["4.50","262.98"]},"2b25afeb-7367-b2a6-dd5c-fc2cd06410fa":{"index":6,"values":["1.91","111.6204"]},"5ea47ec9-a545-846d-5638-c146382e6e29":{"index":7,"values":["4.81","281.0964"]},"30fd443c-8ebe-dbf4-9443-2be7cbed58e7":{"index":8,"values":["2.27","132.6588"]},"6ee958e5-b7f9-a70c-f7ea-1caa43802e71":{"index":9,"values":["3.01","175.9044"]},"333cc68b-cc53-0904-0c45-4acc0f365411":{"index":10,"values":["4.77","278.7588"]},"690671ab-2b41-cdb0-4ff3-cb7c182bc6b3":{"index":11,"values":["0.95","55.518"]},"63fa0e70-d839-6d86-6f7e-1763ca49eb27":{"index":12,"values":["4.05","236.682"]},"f0b2b178-6044-6c2d-8f54-ab07bf35925c":{"index":13,"values":["1.84","107.5296"]},"f6c8a799-199c-6126-2ede-f7e672f8ad2d":{"index":14,"values":["1.47","85.9068"]},"00e9b7e7-6c51-6fec-2277-fbf523dec177":{"index":15,"values":["2.82","164.8008"]},"5e3dfcbc-af11-18fe-5c3b-33904239c41c":{"index":16,"values":["4.28","250.1232"]},"e004ff11-2169-1080-78ce-baa79d672b6b":{"index":17,"values":["2.22","129.7368"]},"ded4126a-ef8b-583c-308b-ff9d7b9e2171":{"index":18,"values":["1.00","58.44"]},"c4dc2050-a234-a24b-defb-00359e56c80a":{"index":19,"values":["4.73","276.4212"]},"ade2b482-0dce-8b09-6c8c-e34c5861e98f":{"index":20,"values":["1.77","103.4388"]},"02183e20-9af0-6daf-0309-c4c61f64db5c":{"index":21,"values":["0.99","57.8556"]},"72c367aa-ee81-da87-53f0-74861fb56c33":{"index":22,"values":["2.12","123.8928"]},"a614df9c-49b8-759b-5f10-f3f4d1e78deb":{"index":23,"values":["3.12","182.3328"]},"f3990ce5-8ca7-a5e5-111a-443d800ee76a":{"index":24,"values":["3.56","208.0464"]},"adc64b8a-b610-3e48-3b3e-980f3f08a5a0":{"index":25,"values":["3.35","195.774"]},"409c343f-cc59-4875-ba63-77080b6452b8":{"index":26,"values":["4.26","248.9544"]},"d0f9dd8e-26cb-60bb-15db-df0a1881879e":{"index":27,"values":["1.65","96.426"]},"b8e931c5-64d2-47c9-bda5-6b81b585917b":{"index":28,"values":["2.88","168.3072"]},"2b4ddf7c-0e8c-496a-c1de-9083a004dcdf":{"index":29,"values":["2.32","135.5808"]},"05cf7cb2-3abc-2d01-1cad-49dac3332503":{"index":30,"values":["3.73","217.9812"]},"cf90ca65-b248-389b-99dc-e479ab0062ff":{"index":31,"values":["0.97","56.6868"]},"e253c615-ae9c-45e1-2eca-9fcf695dbdbc":{"index":32,"values":["1.47","85.9068"]},"d68537a2-9e82-4372-0c90-338a4ac047d1":{"index":33,"values":["1.54","89.9976"]},"3d3d0244-159e-e18f-1c97-3fcbb7439f13":{"index":34,"values":["1.55","90.582"]},"f6175592-358d-b7fe-d7a6-6ebe3d324325":{"index":35,"values":["3.84","224.4096"]},"998fedc5-f15d-eb6c-c31d-6ac2e06295ba":{"index":36,"values":["4.32","252.4608"]},"af154f9f-879f-98c7-6e3f-2601954f75e6":{"index":37,"values":["3.07","179.4108"]},"04b7f59f-005a-4dd2-dd51-d71b93085f68":{"index":38,"values":["1.66","97.0104"]},"4b91e934-0b4a-5ff9-77da-8290b944553d":{"index":39,"values":["1.47","85.9068"]},"0f50729a-d77b-78cd-dbeb-739b2c6cfeb6":{"index":40,"values":["3.86","225.5784"]},"dd666260-7e0f-4596-9612-32bbc8242650":{"index":41,"values":["2.65","154.866"]},"c948dde2-8e4e-d832-d371-23131c26dab8":{"index":42,"values":["1.27","74.2188"]},"48f43d2e-9428-931a-b640-43785e4ace31":{"index":43,"values":["1.18","68.9592"]},"cd321fb1-3fcf-d2a7-9d48-286874e4d7ae":{"index":44,"values":["0.51","29.8044"]},"dda870d9-221e-e844-57dd-3bf1f3cee414":{"index":45,"values":["2.81","164.2164"]},"b6f96555-3721-5a37-1c16-b1cac19af491":{"index":46,"values":["4.97","290.4468"]},"d31c735c-4d7d-6b8c-21cd-69577c89c26d":{"index":47,"values":["1.89","110.4516"]},"ffcc26fd-c874-f371-d570-1711e86a2639":{"index":48,"values":["3.68","215.0592"]},"4fab6659-f95f-f0e1-ef96-036ab6a790ad":{"index":49,"values":["2.40","140.256"]},"b7ca392d-99b4-0793-8c4a-82d0889bbbb4":{"index":50,"values":["3.27","191.0988"]},"9c4adbfd-69ab-8a52-1615-fc960964a139":{"index":51,"values":["3.42","199.8648"]},"a471ed0b-d311-0eb3-e355-1d10b7a2effd":{"index":52,"values":["4.55","265.902"]},"41ef175a-40d8-0153-4f3b-23a6ea17e96f":{"index":53,"values":["3.38","197.5272"]},"179759f4-c4fa-0e3c-580b-0ab3662e3ec0":{"index":54,"values":["3.66","213.8904"]},"b59e3d1d-94c3-4385-2e58-5591d964b276":{"index":55,"values":["4.92","287.5248"]},"0bab62e0-cee4-9aa7-9a8f-4632f6ba229c":{"index":56,"values":["0.91","53.1804"]},"2b0fb369-648f-7b86-b46f-efbc0e4f6b47":{"index":57,"values":["2.95","172.398"]},"2bac95e9-f3e8-57bb-0b86-f57ef8805170":{"index":58,"values":["4.98","291.0312"]},"0d53e917-1ceb-4459-f303-c86b79888121":{"index":59,"values":["0.57","33.3108"]}}}}