{"definition":{"widgets":[{"reference":"39e280f0-22be-ff5a-3795-a3fe8d169990"}],"template":"dynamic"},"questions":[{"type":"formulaV2","reference":"39e280f0-22be-ff5a-3795-a3fe8d169990"}],"features":[],"tags":{"Migration status":["Not started"],"Import status":["Complete"],"Moodle question type":["calculated"],"Moodle flag":["Used in a quiz explicitely","Duplicate, already included in a bundled item and not a random variant"],"category":["top/BH 1 Multiplication by 1"]},"reference":"413375a6-bc4e-6a57-e11e-b46a84c77141","status":"published","title":"Unit Conversion Problem 1","note":"","source":"https://quizzeslti.wiris.net/njit.edu/question/question.php?id=319711&courseid=200","dynamic_content_data":{"cols":["x","ans0"],"rows":{"2d93e913-6c15-6bda-6cb7-a45b4d0e7a63":{"index":0,"values":["10.0","6.81818182"]},"f3e62f2d-f3ef-2a51-03cd-79eea24d30a4":{"index":1,"values":["18.5","12.61363636"]},"f9ddeee0-6e9e-ab1c-968d-c3195b02e758":{"index":2,"values":["66.0","45"]},"8c2c1d37-8e78-d4af-5ca7-644c0672cd6a":{"index":3,"values":["90.1","61.43181818"]},"694072f8-406f-44d3-8d68-9f57c926ebc9":{"index":4,"values":["48.0","32.72727273"]},"5dd47693-3085-075a-f36c-3756372f32c5":{"index":5,"values":["67.8","46.22727273"]},"8fa36579-88fc-b7ac-471c-bcc58ba90b03":{"index":6,"values":["54.2","36.95454545"]},"d22e1b39-020b-c395-2770-4f2e7874ad57":{"index":7,"values":["56.2","38.31818182"]},"48bf83bf-0415-8f27-b8be-72114b0582ca":{"index":8,"values":["71.1","48.47727273"]},"c3014920-b0fc-bd36-d0ac-b68f02196f94":{"index":9,"values":["79.3","54.06818182"]},"8c71648c-268a-96af-0746-c2a736e2e964":{"index":10,"values":["13.4","9.13636364"]},"ddfd2fa5-2f9f-05b7-d5f3-cee72cd11462":{"index":11,"values":["95.6","65.18181818"]},"dc1a8029-00a0-dfc9-600a-1eb7bb1c9767":{"index":12,"values":["11.4","7.77272727"]},"ee705eab-04e8-b1f4-fb2a-bbe76c839dd0":{"index":13,"values":["52.7","35.93181818"]},"ae5838bc-e882-6830-de18-122c2a647f7d":{"index":14,"values":["17.3","11.79545455"]},"3bfc9b78-7da1-ece8-6ac6-02781374bbee":{"index":15,"values":["60.5","41.25"]},"735e7e3e-d45c-a53c-b3af-268fa8487d1b":{"index":16,"values":["18.5","12.61363636"]},"3df22710-c327-fdfe-1ed0-6aaf5429bb80":{"index":17,"values":["78.3","53.38636364"]},"e7ffdf39-c56a-7b36-deaa-4a76774b0477":{"index":18,"values":["60.8","41.45454545"]},"d2d794ec-2c49-9cc4-a0b4-1d1638f48216":{"index":19,"values":["82.3","56.11363636"]},"f16d2365-4cc6-a5eb-79d6-429246a678f2":{"index":20,"values":["93.2","63.54545455"]},"ba4f99e4-4333-2f0d-d46f-16698fd10f55":{"index":21,"values":["55.0","37.5"]},"e39fe73b-9324-af05-a004-4ba05536bfca":{"index":22,"values":["68.3","46.56818182"]},"8fd378f5-fdd8-2b83-42d7-c6d7ddde5827":{"index":23,"values":["98.1","66.88636364"]},"a095ec13-95ad-c128-acd7-626077a10328":{"index":24,"values":["59.3","40.43181818"]},"8389b3bd-0d83-7742-f94d-17aadddeb2f0":{"index":25,"values":["84.4","57.54545455"]},"b8137015-18f7-8f6e-bc81-ed75a0612e72":{"index":26,"values":["68.6","46.77272727"]},"fc8b6162-a8f6-e403-17da-58f23fe18a8c":{"index":27,"values":["98.7","67.29545455"]},"27a19dd0-7f68-c2e0-92a1-f23eadb2ced2":{"index":28,"values":["92.0","62.72727273"]},"dfb14772-c5d0-fa20-5847-dd8973475e31":{"index":29,"values":["25.3","17.25"]}}}}