{"definition":{"widgets":[{"reference":"9c98a34f-1c1d-3208-57a3-5335e22b00bb"}],"template":"dynamic"},"questions":[{"type":"formulaV2","reference":"9c98a34f-1c1d-3208-57a3-5335e22b00bb"}],"features":[],"tags":{"Migration status":["Not started"],"Import status":["Complete"],"Moodle question type":["calculated"],"Moodle flag":["Used in a quiz explicitely","Duplicate, already included in a bundled item and not a random variant"],"category":["top/BH 3 Balance Equations"]},"reference":"417ce78c-909a-b599-0876-7064a9f8b420","status":"published","title":"balancing equation 1b","note":"","source":"https://quizzeslti.wiris.net/njit.edu/question/question.php?id=319740&courseid=200","dynamic_content_data":{"cols":["x"],"rows":{"12c9e94d-9467-39b8-d1fe-f726cf2471ca":{"index":0,"values":["5"]}}}}