{"definition":{"widgets":[{"reference":"808e0459-0759-4a49-a860-de31c09aecef"}],"template":"dynamic"},"questions":[{"type":"clozetext","reference":"808e0459-0759-4a49-a860-de31c09aecef"}],"features":[],"tags":{"Migration status":["Not started"],"Import status":["Incomplete"],"Moodle question type":["shortanswerwiris"],"Moodle flag":["Not used in any quiz"],"category":["top/Default for CHEM 360 Master Course"]},"reference":"41ec42f5-f67b-d328-ed46-fd0c51d9dfd7","status":"published","title":"HW1Q3 (INCOMPLETE)","note":"","source":"https://quizzeslti.wiris.net/njit.edu/question/question.php?id=319502&courseid=200","dynamic_content_data":[]}