{"definition":{"widgets":[{"reference":"44782eb6-b738-7cbf-9390-67ffad07cc79"}],"template":"dynamic"},"questions":[{"type":"clozetext","reference":"44782eb6-b738-7cbf-9390-67ffad07cc79"}],"features":[],"tags":{"Migration status":["Not started"],"Import status":["Incomplete"],"Moodle question type":["shortanswerwiris"],"Moodle flag":["Used in a quiz explicitely","Duplicate, already included in a bundled item and not a random variant"],"category":["top/Default for CHEM 360 Master Course"]},"reference":"443582b0-86de-e5a5-78b4-a0ffe3180b7a","status":"published","title":"HW6Q5 (INCOMPLETE)","note":"","source":"https://quizzeslti.wiris.net/njit.edu/question/question.php?id=319601&courseid=200","dynamic_content_data":[]}