{"definition":{"widgets":[{"reference":"a6b460df-1308-9539-93ce-fe00b4d09e97"}],"template":"dynamic"},"questions":[{"type":"clozetext","reference":"a6b460df-1308-9539-93ce-fe00b4d09e97"}],"features":[],"tags":{"Migration status":["Not started"],"Import status":["Incomplete"],"Moodle question type":["shortanswerwiris"],"Moodle flag":["Used in a quiz explicitely","Duplicate, already included in a bundled item and not a random variant"],"category":["top/Default for CHEM 360 Master Course"]},"reference":"44681c3f-ad8b-f444-18bc-0a8d62f023e3","status":"published","title":"Nov 8 - particle deposition (used in assignment) (INCOMPLETE)","note":"","source":"https://quizzeslti.wiris.net/njit.edu/question/question.php?id=319692&courseid=200","dynamic_content_data":[]}