{"definition":{"widgets":[{"reference":"f813158a-ecbd-399e-f11b-85171ac1cd71"},{"reference":"8379cedf-ce97-a803-084b-7300bb38253c"},{"reference":"23fa5d46-5a51-8ffb-2f25-451046945044"},{"reference":"61989019-a90b-d089-fb12-d0913ca232ac"},{"reference":"14bc8ff6-da40-176a-bbce-a3385a078972"}],"template":"dynamic"},"questions":[{"type":"clozetext","reference":"f813158a-ecbd-399e-f11b-85171ac1cd71"},{"type":"clozetext","reference":"8379cedf-ce97-a803-084b-7300bb38253c"},{"type":"clozetext","reference":"23fa5d46-5a51-8ffb-2f25-451046945044"},{"type":"clozetext","reference":"61989019-a90b-d089-fb12-d0913ca232ac"},{"type":"clozetext","reference":"14bc8ff6-da40-176a-bbce-a3385a078972"}],"features":[],"tags":{"Migration status":["Not started"],"Import status":["Incomplete"],"Moodle question type":["quizpage","shortanswerwiris","matchwiris","multianswerwiris"],"Moodle flag":["Used in a quiz explicitely"],"category":["HW2"]},"reference":"44e15f65-7b3f-cf31-e826-7e5944069717","status":"published","title":"HW2 - page 1","note":"","source":"https://quizzeslti.wiris.net/njit.edu/question/question.php?id=319506&courseid=200,https://quizzeslti.wiris.net/njit.edu/question/question.php?id=319507&courseid=200,https://quizzeslti.wiris.net/njit.edu/question/question.php?id=319508&courseid=200,https://quizzeslti.wiris.net/njit.edu/question/question.php?id=319509&courseid=200,https://quizzeslti.wiris.net/njit.edu/question/question.php?id=319510&courseid=200","dynamic_content_data":""}