{"definition":{"widgets":[{"reference":"1535feba-716a-b814-4416-6507d5b70b6e"}],"template":"dynamic"},"questions":[{"type":"clozetext","reference":"1535feba-716a-b814-4416-6507d5b70b6e"}],"features":[],"tags":{"Migration status":["Not started"],"Import status":["Incomplete"],"Moodle question type":["matchwiris"],"Moodle flag":["Used in a quiz explicitely","Duplicate, already included in a bundled item and not a random variant"],"category":["top/Default for CHEM 360 Master Course"]},"reference":"451be570-314d-d1d4-9071-1375ede0eca9","status":"published","title":"EX2Q12 (INCOMPLETE)","note":"","source":"https://quizzeslti.wiris.net/njit.edu/question/question.php?id=319656&courseid=200","dynamic_content_data":[]}