{"definition":{"widgets":[{"reference":"20ceaa66-6c2f-de7a-5ab6-843f1b53bd3f"}],"template":"dynamic"},"questions":[{"type":"clozetext","reference":"20ceaa66-6c2f-de7a-5ab6-843f1b53bd3f"}],"features":[],"tags":{"Migration status":["Not started"],"Import status":["Incomplete"],"Moodle question type":["shortanswerwiris"],"Moodle flag":["Not used in any quiz"],"category":["top/Default for CHEM 360 Master Course"]},"reference":"45ef8870-cf7a-6a23-4e20-23a94d9cbdd0","status":"published","title":"HW2Q5 (INCOMPLETE)","note":"","source":"https://quizzeslti.wiris.net/njit.edu/question/question.php?id=319512&courseid=200","dynamic_content_data":[]}