{"definition":{"widgets":[{"reference":"de5498f8-392f-7610-9c6f-74361754e8a7"}],"template":"dynamic"},"questions":[{"type":"clozetext","reference":"de5498f8-392f-7610-9c6f-74361754e8a7"}],"features":[],"tags":{"Migration status":["Not started"],"Import status":["Incomplete"],"Moodle question type":["shortanswerwiris"],"Moodle flag":["Used in a quiz explicitely","Duplicate, already included in a bundled item and not a random variant"],"category":["top/Default for CHEM 360 Master Course"]},"reference":"46221408-2848-dd49-d052-f950e13030f9","status":"published","title":"Mixing ratio of water (INCOMPLETE)","note":"","source":"https://quizzeslti.wiris.net/njit.edu/question/question.php?id=356434&courseid=200","dynamic_content_data":[]}