{"definition":{"widgets":[{"reference":"61b1393a-e3b3-075d-8dfa-9abbfd720087"}],"template":"dynamic"},"questions":[{"type":"clozetext","reference":"61b1393a-e3b3-075d-8dfa-9abbfd720087"}],"features":[],"tags":{"Migration status":["Not started"],"Import status":["Incomplete"],"Moodle question type":["shortanswerwiris"],"Moodle flag":["Not used in any quiz"],"category":["top/Default for CHEM 360 Master Course"]},"reference":"46cdd811-f599-1f01-d572-ac43cce75a55","status":"published","title":"EX1Q2 (INCOMPLETE)","note":"","source":"https://quizzeslti.wiris.net/njit.edu/question/question.php?id=319565&courseid=200","dynamic_content_data":[]}