{"definition":{"widgets":[{"reference":"3bb178ae-3664-f49b-63a6-930b893fb7ef"}],"template":"dynamic"},"questions":[{"type":"formulaV2","reference":"3bb178ae-3664-f49b-63a6-930b893fb7ef"}],"features":[],"tags":{"Migration status":["Not started"],"Import status":["Complete"],"Moodle question type":["calculated"],"Moodle flag":["Not used in any quiz"],"category":["top/BH 9 Chemical Bonds"]},"reference":"47095822-7642-22db-76b6-ab9011539b72","status":"published","title":"Bond energies 1","note":"","source":"https://quizzeslti.wiris.net/njit.edu/question/question.php?id=319784&courseid=200","dynamic_content_data":{"cols":["x","ans0"],"rows":{"e266e40d-d3aa-0fb5-a849-953328e3aac9":{"index":0,"values":["0","352"]},"ceee8ae7-7d0c-87ac-1caf-f1d019f24c1b":{"index":1,"values":["0","352"]},"d08b54c7-0bdd-4761-e7e7-d544b05820eb":{"index":2,"values":["0","352"]},"6fd51de4-4be6-09f6-f128-34bea6697c3e":{"index":3,"values":["0","352"]},"8458bca0-6638-c18f-1d24-db7ed6f661e4":{"index":4,"values":["0","352"]},"f66b506b-3689-8747-fdb1-5c1a9ced13d5":{"index":5,"values":["0","352"]},"f5f0be6e-edbf-4e8a-809c-f82994303b0e":{"index":6,"values":["0","352"]},"45db5771-544d-9129-f20b-8c828dfa6215":{"index":7,"values":["0","352"]},"828362fa-be7e-50d2-03f4-db876856c0a2":{"index":8,"values":["0","352"]},"837e59a8-f91e-b840-3a8f-78e2536aca14":{"index":9,"values":["0","352"]}}}}