{"definition":{"widgets":[{"reference":"37e16e1b-a6cc-854a-69cf-62c578b8264f"}],"template":"dynamic"},"questions":[{"type":"mcq","reference":"37e16e1b-a6cc-854a-69cf-62c578b8264f"}],"features":[],"tags":{"Migration status":["Not started"],"Import status":["Complete"],"Moodle question type":["multichoicewiris"],"Moodle flag":["Not used in any quiz"],"category":["top/Default for CHEM 360 Master Course"]},"reference":"479bdcae-f1f5-5227-ac4e-aee46ec9d781","status":"published","title":"Q3Q5","note":"","source":"https://quizzeslti.wiris.net/njit.edu/question/question.php?id=319622&courseid=200","dynamic_content_data":[]}