{"definition":{"widgets":[{"reference":"efe54e11-e0ea-0f46-adc2-7c873356bf07"}],"template":"dynamic"},"questions":[{"type":"mcq","reference":"efe54e11-e0ea-0f46-adc2-7c873356bf07"}],"features":[],"tags":{"Migration status":["Not started"],"Import status":["Complete"],"Moodle question type":["multichoicewiris"],"Moodle flag":["Used in a quiz explicitely","Duplicate, already included in a bundled item and not a random variant"],"category":["top/Default for CHEM 360 Master Course"]},"reference":"481c2e4c-5e26-51ca-e9b9-3591d0fccbcc","status":"published","title":"Q3 (multiple choice)","note":"","source":"https://quizzeslti.wiris.net/njit.edu/question/question.php?id=319467&courseid=200","dynamic_content_data":[]}