{"definition":{"widgets":[{"reference":"b08bd065-07c9-9fe3-0cca-ec96156e400b"}],"template":"dynamic"},"questions":[{"type":"shorttext","reference":"b08bd065-07c9-9fe3-0cca-ec96156e400b"}],"features":[],"tags":{"Migration status":["Not started"],"Import status":["Complete"],"Moodle question type":["shortanswer"],"Moodle flag":["Not used in any quiz"],"category":["top/BH 4 Electrolytes"]},"reference":"4878e4ad-d073-fa59-e0b1-235f0a96e56a","status":"published","title":"Electrolytes for ch 5 -3a-","note":"","source":"https://quizzeslti.wiris.net/njit.edu/question/question.php?id=319759&courseid=200","dynamic_content_data":[]}