{"definition":{"widgets":[{"reference":"83405908-c511-3015-9bbf-8625e52c4566"}],"template":"dynamic"},"questions":[{"type":"association","reference":"83405908-c511-3015-9bbf-8625e52c4566"}],"features":[],"tags":{"Migration status":["Not started"],"Import status":["Complete"],"Moodle question type":["matchwiris"],"Moodle flag":["Used in a quiz explicitely","Duplicate, already included in a bundled item and not a random variant"],"category":["top/Default for CHEM 360 Master Course"]},"reference":"48fdbc3f-c6eb-06c2-5b2b-deb40a6ba76c","status":"published","title":"Q2Q5","note":"","source":"https://quizzeslti.wiris.net/njit.edu/question/question.php?id=319552&courseid=200","dynamic_content_data":[]}