{"definition":{"widgets":[{"reference":"69925382-024f-bee8-9bd9-46b37133ae47"}],"template":"dynamic"},"questions":[{"type":"clozetext","reference":"69925382-024f-bee8-9bd9-46b37133ae47"}],"features":[],"tags":{"Migration status":["Not started"],"Import status":["Incomplete"],"Moodle question type":["quizpage","shortanswerwiris"],"Moodle flag":["Used in a quiz explicitely"],"category":["Nov 8 - particle deposition"]},"reference":"499ec989-14aa-3ecf-1694-c5c3514eea2d","status":"published","title":"Nov 8 - particle deposition - page 1","note":"","source":"https://quizzeslti.wiris.net/njit.edu/question/question.php?id=319692&courseid=200","dynamic_content_data":""}