{"definition":{"widgets":[{"reference":"3826d928-267a-2827-14cf-9cf3ccb680ff"}],"template":"dynamic"},"questions":[{"type":"mcq","reference":"3826d928-267a-2827-14cf-9cf3ccb680ff"}],"features":[],"tags":{"Migration status":["Not started"],"Import status":["Complete"],"Moodle question type":["multichoicewiris"],"Moodle flag":["Not used in any quiz"],"category":["top/Default for CHEM 360 Master Course"]},"reference":"4c543d3a-5090-39e2-d083-d0aac1f83451","status":"published","title":"Q3Q4","note":"","source":"https://quizzeslti.wiris.net/njit.edu/question/question.php?id=319611&courseid=200","dynamic_content_data":[]}