{"definition":{"widgets":[{"reference":"f292bfa6-2134-6a66-1dbf-2697194bf1f4"}],"template":"dynamic"},"questions":[{"type":"mcq","reference":"f292bfa6-2134-6a66-1dbf-2697194bf1f4"}],"features":[],"tags":{"Migration status":["Not started"],"Import status":["Complete"],"Moodle question type":["multichoicewiris"],"Moodle flag":["Used in a quiz explicitely","Duplicate, already included in a bundled item and not a random variant"],"category":["top/Default for CHEM 360 Master Course"]},"reference":"4d353881-e89b-c07c-a132-7cafa939ccf2","status":"published","title":"EX2Q13","note":"","source":"https://quizzeslti.wiris.net/njit.edu/question/question.php?id=319657&courseid=200","dynamic_content_data":[]}