{"definition":{"widgets":[{"reference":"3a328564-2aa4-6a44-4286-cf4c73aee72e"},{"reference":"b33309fd-2a5d-b901-754b-051db14e2afb"}],"template":"dynamic"},"questions":[{"type":"clozetext","reference":"3a328564-2aa4-6a44-4286-cf4c73aee72e"},{"type":"mcq","reference":"b33309fd-2a5d-b901-754b-051db14e2afb"}],"features":[],"tags":{"Migration status":["Not started"],"Import status":["Incomplete"],"Moodle question type":["quizpage","shortanswerwiris","multichoicewiris"],"Moodle flag":["Used in a quiz explicitely"],"category":["Sept 7 participation example"]},"reference":"4d46520a-942e-8095-4e3a-d41edf0ea85d","status":"published","title":"Sept 7 participation example - page 1","note":"","source":"https://quizzeslti.wiris.net/njit.edu/question/question.php?id=319695&courseid=200,https://quizzeslti.wiris.net/njit.edu/question/question.php?id=319696&courseid=200","dynamic_content_data":""}