{"definition":{"widgets":[{"reference":"a5eb3c53-1ab6-4675-9153-1406f1b3f864"}],"template":"dynamic"},"questions":[{"type":"association","reference":"a5eb3c53-1ab6-4675-9153-1406f1b3f864"}],"features":[],"tags":{"Migration status":["Not started"],"Import status":["Complete"],"Moodle question type":["matchwiris"],"Moodle flag":["Used in a quiz explicitely","Duplicate, already included in a bundled item and not a random variant"],"category":["top/Default for CHEM 360 Master Course"]},"reference":"4daa353e-a551-b1a2-c02a-dae3711f7645","status":"published","title":"Q2Q6","note":"","source":"https://quizzeslti.wiris.net/njit.edu/question/question.php?id=319553&courseid=200","dynamic_content_data":[]}