{"definition":{"widgets":[{"reference":"7340dc9a-7301-e8b3-3839-8b8a0f2791ff"}],"template":"dynamic"},"questions":[{"type":"clozetext","reference":"7340dc9a-7301-e8b3-3839-8b8a0f2791ff"}],"features":[],"tags":{"Migration status":["Not started"],"Import status":["Incomplete"],"Moodle question type":["matchwiris"],"Moodle flag":["Used in a quiz explicitely","Duplicate, already included in a bundled item and not a random variant"],"category":["top/Default for CHEM 360 Master Course"]},"reference":"4daec410-5b9c-8dc0-6e67-2317d197947c","status":"published","title":"HW4Q5 (INCOMPLETE)","note":"","source":"https://quizzeslti.wiris.net/njit.edu/question/question.php?id=319543&courseid=200","dynamic_content_data":[]}