{"definition":{"widgets":[{"reference":"1591c759-807a-7089-cc98-4d2e6ac53517"}],"template":"dynamic"},"questions":[{"type":"association","reference":"1591c759-807a-7089-cc98-4d2e6ac53517"}],"features":[],"tags":{"Migration status":["Not started"],"Import status":["Complete"],"Moodle question type":["matchwiris"],"Moodle flag":["Used in a quiz explicitely","Duplicate, already included in a bundled item and not a random variant"],"category":["top/Default for CHEM 360 Master Course"]},"reference":"4deb2025-9489-9274-7d1e-f9c6d20d8c36","status":"published","title":"HW8Q5","note":"","source":"https://quizzeslti.wiris.net/njit.edu/question/question.php?id=319640&courseid=200","dynamic_content_data":[]}