{"definition":{"widgets":[{"reference":"3fe29828-32d1-2c96-79c4-d8e0b300ee45"}],"template":"dynamic"},"questions":[{"type":"mcq","reference":"3fe29828-32d1-2c96-79c4-d8e0b300ee45"}],"features":[],"tags":{"Migration status":["Not started"],"Import status":["Complete"],"Moodle question type":["multichoicewiris"],"Moodle flag":["Used in a quiz explicitely","Duplicate, already included in a bundled item and not a random variant"],"category":["top/Default for CHEM 360 Master Course"]},"reference":"4e7fb0c8-90e0-3fd8-39aa-da97c8a74f96","status":"published","title":"HW4Q7","note":"","source":"https://quizzeslti.wiris.net/njit.edu/question/question.php?id=319545&courseid=200","dynamic_content_data":[]}