{"definition":{"widgets":[{"reference":"bd5ac09b-44aa-0252-bcf1-1eb7ffc7cc51"},{"reference":"1f719bf9-b5cf-4b9d-3275-21b4e608ae02"},{"reference":"a7fb055c-0c26-2a68-711d-f400a4e6500c"},{"reference":"1de27ae3-7b5d-cd38-106e-d117cbdfa89a"},{"reference":"1070b691-28d9-4aa0-e6b0-71fb9e9a51d9"},{"reference":"a5ea7375-abd5-5f0b-4a56-7d11c681dadb"},{"reference":"70e80190-2b8e-7ac7-238f-3c7ad6065e90"},{"reference":"2b8c3142-7b3e-711f-1848-eee2ba3701ab"},{"reference":"eabdcbe8-f6c3-5fe1-81c7-1959cf4c4f65"},{"reference":"add0c802-ae34-747a-a66f-f38463d00481"},{"reference":"53e59a0c-62b2-7cdd-877e-bc5b496cb39e"},{"reference":"35d409d5-581c-f822-ab73-9980c30fe5f1"},{"reference":"57f98bd3-fa22-ee9d-18d9-a4ddcf98227e"}],"template":"dynamic"},"questions":[{"type":"association","reference":"bd5ac09b-44aa-0252-bcf1-1eb7ffc7cc51"},{"type":"shorttext","reference":"1f719bf9-b5cf-4b9d-3275-21b4e608ae02"},{"type":"formulaV2","reference":"a7fb055c-0c26-2a68-711d-f400a4e6500c"},{"type":"shorttext","reference":"1de27ae3-7b5d-cd38-106e-d117cbdfa89a"},{"type":"shorttext","reference":"1070b691-28d9-4aa0-e6b0-71fb9e9a51d9"},{"type":"shorttext","reference":"a5ea7375-abd5-5f0b-4a56-7d11c681dadb"},{"type":"shorttext","reference":"70e80190-2b8e-7ac7-238f-3c7ad6065e90"},{"type":"mcq","reference":"2b8c3142-7b3e-711f-1848-eee2ba3701ab"},{"type":"mcq","reference":"eabdcbe8-f6c3-5fe1-81c7-1959cf4c4f65"},{"type":"mcq","reference":"add0c802-ae34-747a-a66f-f38463d00481"},{"type":"mcq","reference":"53e59a0c-62b2-7cdd-877e-bc5b496cb39e"},{"type":"mcq","reference":"35d409d5-581c-f822-ab73-9980c30fe5f1"},{"type":"mcq","reference":"57f98bd3-fa22-ee9d-18d9-a4ddcf98227e"}],"features":[],"tags":{"Migration status":["Not started"],"Import status":["Complete"],"Moodle question type":["quizpage","match","shortanswer","calculated","multichoice"],"Moodle flag":["Used in a quiz explicitely"],"category":["(5) Home QUIZ on Lewis structures and bonding"]},"reference":"4eafc417-1a81-20f8-21ec-da3337dc0c95","status":"published","title":"(5) Home QUIZ on Lewis structures and bonding - page 1","note":"","source":"https://quizzeslti.wiris.net/njit.edu/question/question.php?id=319788&courseid=200,https://quizzeslti.wiris.net/njit.edu/question/question.php?id=319808&courseid=200,https://quizzeslti.wiris.net/njit.edu/question/question.php?id=319787&courseid=200,https://quizzeslti.wiris.net/njit.edu/question/question.php?id=319813&courseid=200,https://quizzeslti.wiris.net/njit.edu/question/question.php?id=319804&courseid=200,https://quizzeslti.wiris.net/njit.edu/question/question.php?id=319806&courseid=200,https://quizzeslti.wiris.net/njit.edu/question/question.php?id=319809&courseid=200,https://quizzeslti.wiris.net/njit.edu/question/question.php?id=319789&courseid=200,https://quizzeslti.wiris.net/njit.edu/question/question.php?id=319790&courseid=200,https://quizzeslti.wiris.net/njit.edu/question/question.php?id=319791&courseid=200,https://quizzeslti.wiris.net/njit.edu/question/question.php?id=319793&courseid=200,https://quizzeslti.wiris.net/njit.edu/question/question.php?id=319795&courseid=200,https://quizzeslti.wiris.net/njit.edu/question/question.php?id=319797&courseid=200","dynamic_content_data":{"cols":["x","ans0"],"rows":{"1c26e13b-b45e-13a1-0b70-8a70a41b6840":{"index":0,"values":["0","0.4"]}}}}