{"definition":{"widgets":[{"reference":"104c7511-23a7-22e5-c93e-16dc798c7d37"}],"template":"dynamic"},"questions":[{"type":"clozetext","reference":"104c7511-23a7-22e5-c93e-16dc798c7d37"}],"features":[],"tags":{"Migration status":["Not started"],"Import status":["Incomplete"],"Moodle question type":["matchwiris"],"Moodle flag":["Used in a quiz explicitely","Duplicate, already included in a bundled item and not a random variant"],"category":["top/Default for CHEM 360 Master Course"]},"reference":"4f211555-c769-a4cc-2993-975d1587abf2","status":"published","title":"Nov 30 (INCOMPLETE)","note":"","source":"https://quizzeslti.wiris.net/njit.edu/question/question.php?id=319706&courseid=200","dynamic_content_data":[]}