{"definition":{"widgets":[{"reference":"3e25f5dc-b4ab-baf5-243c-ec262e44c398"}],"template":"dynamic"},"questions":[{"type":"mcq","reference":"3e25f5dc-b4ab-baf5-243c-ec262e44c398"}],"features":[],"tags":{"Migration status":["Not started"],"Import status":["Complete"],"Moodle question type":["multichoicewiris"],"Moodle flag":["Used in a quiz explicitely","Duplicate, already included in a bundled item and not a random variant"],"category":["top/Default for CHEM 360 Master Course"]},"reference":"4f737bfb-b86e-4568-2282-c4bf39a4bff7","status":"published","title":"Q4Q5","note":"","source":"https://quizzeslti.wiris.net/njit.edu/question/question.php?id=319633&courseid=200","dynamic_content_data":[]}