{"definition":{"widgets":[{"reference":"16ba3398-8a63-d6fc-2f35-eff60c61bb6a"}],"template":"dynamic"},"questions":[{"type":"clozetext","reference":"16ba3398-8a63-d6fc-2f35-eff60c61bb6a"}],"features":[],"tags":{"Migration status":["Not started"],"Import status":["Incomplete"],"Moodle question type":["multianswerwiris"],"Moodle flag":["Used in a quiz explicitely","Duplicate, already included in a bundled item and not a random variant"],"category":["top/Default for CHEM 360 Master Course"]},"reference":"4f77d1f2-a889-a585-a403-3cd60aacd22c","status":"published","title":"HW1Q8 (INCOMPLETE)","note":"","source":"https://quizzeslti.wiris.net/njit.edu/question/question.php?id=319483&courseid=200","dynamic_content_data":[]}