{"definition":{"widgets":[{"reference":"369c5d00-bdab-11f9-2e1e-f135c3eb8f58"}],"template":"dynamic"},"questions":[{"type":"clozetext","reference":"369c5d00-bdab-11f9-2e1e-f135c3eb8f58"}],"features":[],"tags":{"Migration status":["Not started"],"Import status":["Incomplete"],"Moodle question type":["shortanswerwiris"],"Moodle flag":["Not used in any quiz"],"category":["top/Default for CHEM 360 Master Course"]},"reference":"50db75d8-0dca-a85b-cd88-d94a886e21a3","status":"published","title":"HW2Q5 (INCOMPLETE)","note":"","source":"https://quizzeslti.wiris.net/njit.edu/question/question.php?id=319515&courseid=200","dynamic_content_data":[]}