{"definition":{"widgets":[{"reference":"c86134af-6bf3-6214-fe18-9349eff6228f"}],"template":"dynamic"},"questions":[{"type":"mcq","reference":"c86134af-6bf3-6214-fe18-9349eff6228f"}],"features":[],"tags":{"Migration status":["Not started"],"Import status":["Complete"],"Moodle question type":["multichoice"],"Moodle flag":["Not used in any quiz"],"category":["top/BH 4 Electrolytes"]},"reference":"51ec9d06-8f19-a50a-bac2-0c60d911bcce","status":"published","title":"Ionic compound","note":"","source":"https://quizzeslti.wiris.net/njit.edu/question/question.php?id=319749&courseid=200","dynamic_content_data":[]}