{"definition":{"widgets":[{"reference":"e1221716-42c4-7b84-cc23-6a413ddf0c10"}],"template":"dynamic"},"questions":[{"type":"clozetext","reference":"e1221716-42c4-7b84-cc23-6a413ddf0c10"}],"features":[],"tags":{"Migration status":["Not started"],"Import status":["Incomplete"],"Moodle question type":["quizpage","truefalsewiris"],"Moodle flag":["Used in a quiz explicitely"],"category":["Nov 1"]},"reference":"51f64098-26cc-c157-09e8-e72924a9793f","status":"published","title":"Nov 1 - page 1","note":"","source":"https://quizzeslti.wiris.net/njit.edu/question/question.php?id=319690&courseid=200","dynamic_content_data":""}