{"definition":{"widgets":[{"reference":"f8277db9-f67e-5296-d6d1-7436abee7ba7"}],"template":"dynamic"},"questions":[{"type":"clozetext","reference":"f8277db9-f67e-5296-d6d1-7436abee7ba7"}],"features":[],"tags":{"Migration status":["Not started"],"Import status":["Incomplete"],"Moodle question type":["shortanswerwiris"],"Moodle flag":["Not used in any quiz"],"category":["top/Default for CHEM 360 Master Course"]},"reference":"5273cb5a-f0c2-cfca-bdde-dcb730128c24","status":"published","title":"HW1Q8 (INCOMPLETE)","note":"","source":"https://quizzeslti.wiris.net/njit.edu/question/question.php?id=319489&courseid=200","dynamic_content_data":[]}