{"definition":{"widgets":[{"reference":"4b20505b-0dee-0b07-c4d3-010158bf8e3a"}],"template":"dynamic"},"questions":[{"type":"mcq","reference":"4b20505b-0dee-0b07-c4d3-010158bf8e3a"}],"features":[],"tags":{"Migration status":["Not started"],"Import status":["Complete"],"Moodle question type":["multichoicewiris"],"Moodle flag":["Not used in any quiz"],"category":["top/Default for CHEM 360 Master Course"]},"reference":"536a9527-5dd6-f7f4-c6c6-a2e10a226b1a","status":"published","title":"Q3Q4","note":"","source":"https://quizzeslti.wiris.net/njit.edu/question/question.php?id=319609&courseid=200","dynamic_content_data":[]}