{"definition":{"widgets":[{"reference":"80ca8231-38f1-71fb-8f14-55aa599d1d67"}],"template":"dynamic"},"questions":[{"type":"association","reference":"80ca8231-38f1-71fb-8f14-55aa599d1d67"}],"features":[],"tags":{"Migration status":["Not started"],"Import status":["Complete"],"Moodle question type":["matchwiris"],"Moodle flag":["Used in a quiz explicitely","Duplicate, already included in a bundled item and not a random variant"],"category":["top/Default for CHEM 360 Master Course"]},"reference":"55d40e9f-8b75-97d6-654a-12320f33d9d4","status":"published","title":"EX1Q10","note":"","source":"https://quizzeslti.wiris.net/njit.edu/question/question.php?id=319574&courseid=200","dynamic_content_data":[]}