{"definition":{"widgets":[{"reference":"ed494440-7f38-ccd0-a944-057ccc2a481e"}],"template":"dynamic"},"questions":[{"type":"association","reference":"ed494440-7f38-ccd0-a944-057ccc2a481e"}],"features":[],"tags":{"Migration status":["Not started"],"Import status":["Complete"],"Moodle question type":["quizpage","matchwiris"],"Moodle flag":["Used in a quiz explicitely"],"category":["Sept 22 chemicals to distinguish between the modern and early Earth atmospheres"]},"reference":"56573dda-81ba-9504-b6ba-b0d0700d628a","status":"published","title":"Sept 22 chemicals to distinguish between the modern and early Earth atmospheres - page 1","note":"","source":"https://quizzeslti.wiris.net/njit.edu/question/question.php?id=319681&courseid=200","dynamic_content_data":""}