{"definition":{"widgets":[{"reference":"83b884db-241d-6b6e-804c-81d6516e14a1"}],"template":"dynamic"},"questions":[{"type":"formulaV2","reference":"83b884db-241d-6b6e-804c-81d6516e14a1"}],"features":[],"tags":{"Migration status":["Not started"],"Import status":["Complete"],"Moodle question type":["calculated"],"Moodle flag":["Used in a quiz explicitely","Duplicate, already included in a bundled item and not a random variant"],"category":["top/BH 1 Multiplication by 1"]},"reference":"5681c1b2-2e23-8021-3fbd-bd526496def9","status":"published","title":"Unit Conversion Problem 5","note":"","source":"https://quizzeslti.wiris.net/njit.edu/question/question.php?id=319714&courseid=200","dynamic_content_data":{"cols":["x","ans0"],"rows":{"82b21a75-871c-c234-0354-3f42c19df0af":{"index":0,"values":["10.0","6.96630694"]},"cfca9a7e-98ae-5d34-4373-7082c24a83de":{"index":1,"values":["49.0","34.13490402"]},"0186fe47-8f6a-9c91-47ee-634ed45810ec":{"index":2,"values":["16.6","11.56406952"]},"467b0c60-fcef-17d0-59f4-b3dc70d618ee":{"index":3,"values":["41.5","28.91017381"]},"e7ed0648-2cde-062b-b50e-30423586dadf":{"index":4,"values":["39.6","27.58657549"]},"c9f4592b-1ee8-e4e7-3357-25e9ec177229":{"index":5,"values":["24.9","17.34610429"]},"67ec02f5-0050-3ae1-7a98-41b416711546":{"index":6,"values":["18.0","12.5393525"]},"997d2f73-cadf-9061-69ee-eb003009596a":{"index":7,"values":["11.3","7.87192685"]},"ec17b0ed-bf68-3ec1-0613-048d5d13799d":{"index":8,"values":["40.8","28.42253233"]},"88737595-2840-f4d8-2fcb-df64e8efb7fe":{"index":9,"values":["23.6","16.44048438"]},"758bda53-a709-6dd3-f080-edf95c7d286d":{"index":10,"values":["22.1","15.39553834"]},"b91e91a9-8ef0-35eb-92eb-aec6b9b43f05":{"index":11,"values":["13.3","9.26518823"]},"17dff8af-e942-35b6-f2dc-947fa85a4580":{"index":12,"values":["19.5","13.58429854"]},"30c12c90-69aa-9d94-be69-814f4fa1e9e9":{"index":13,"values":["18.6","12.95733091"]},"143fd344-388a-4ab8-91d1-36b9af0ac295":{"index":14,"values":["43.5","30.3034352"]},"ac7a6771-2895-345b-948c-65187d93ebe9":{"index":15,"values":["14.0","9.75282972"]},"bda23628-dde0-f4bc-592c-1c77e430d8aa":{"index":16,"values":["48.6","33.85625174"]},"502a0e5d-fbe8-661c-dad0-e7c7e91c6cd9":{"index":17,"values":["28.7","19.99330093"]},"c0892c23-a534-9c8e-180d-c13497139026":{"index":18,"values":["32.8","22.84948677"]},"f3d3b542-ccee-ec38-da15-7aeeab0d301b":{"index":19,"values":["19.2","13.37530933"]},"ff4280a1-70cb-ae28-f470-06a29b999285":{"index":20,"values":["13.3","9.26518823"]},"42dbb10a-0f33-2012-8b70-d695263dc727":{"index":21,"values":["46.6","32.46299035"]},"38526a71-349b-4af4-a6bb-c31847b51964":{"index":22,"values":["31.8","22.15285608"]},"7fc307c8-394c-44b0-51ca-ddf0e302eabb":{"index":23,"values":["47.7","33.22928412"]},"880a646d-1877-c415-68d0-0cd1f8f61857":{"index":24,"values":["25.7","17.90340884"]},"8dd456b6-339d-575f-6434-459fdb60daeb":{"index":25,"values":["45.9","31.97534887"]},"5ee673dd-b90f-3de1-0122-435a5cba914c":{"index":26,"values":["46.0","32.04501194"]},"15fb0409-c28e-7876-bc2d-dbb15d0f8c7c":{"index":27,"values":["40.9","28.4921954"]},"08e3bfb6-830b-46d9-03a7-c7322138f68a":{"index":28,"values":["37.8","26.33264024"]},"80fc4e36-be8c-744a-94b9-cd2e1879d253":{"index":29,"values":["13.6","9.47417744"]}}}}