{"definition":{"widgets":[{"reference":"41c9d0a5-99fe-a0eb-2126-9c3baeccadcb"}],"template":"dynamic"},"questions":[{"type":"clozetext","reference":"41c9d0a5-99fe-a0eb-2126-9c3baeccadcb"}],"features":[],"tags":{"Migration status":["Not started"],"Import status":["Incomplete"],"Moodle question type":["quizpage","shortanswerwiris"],"Moodle flag":["Used in a quiz explicitely"],"category":["Sep 13 lifting and lowering concrete blocks"]},"reference":"5707fa64-652f-2cea-a945-269fa68a4a12","status":"published","title":"Sep 13 lifting and lowering concrete blocks - page 1","note":"","source":"https://quizzeslti.wiris.net/njit.edu/question/question.php?id=356433&courseid=200","dynamic_content_data":""}