{"definition":{"widgets":[{"reference":"2d29d0c2-ab20-bea6-91e0-3dc35e4c7fe7"}],"template":"dynamic"},"questions":[{"type":"mcq","reference":"2d29d0c2-ab20-bea6-91e0-3dc35e4c7fe7"}],"features":[],"tags":{"Migration status":["Not started"],"Import status":["Complete"],"Moodle question type":["multichoicewiris"],"Moodle flag":["Used in a quiz explicitely","Duplicate, already included in a bundled item and not a random variant"],"category":["top/Default for CHEM 360 Master Course"]},"reference":"570c4f70-8e7d-996c-57e0-41caf42d8ec5","status":"published","title":"multiple choice","note":"","source":"https://quizzeslti.wiris.net/njit.edu/question/question.php?id=319643&courseid=200","dynamic_content_data":[]}