{"definition":{"widgets":[{"reference":"c7126f93-6521-74ed-4702-efc2183bb27d"}],"template":"dynamic"},"questions":[{"type":"association","reference":"c7126f93-6521-74ed-4702-efc2183bb27d"}],"features":[],"tags":{"Migration status":["Not started"],"Import status":["Complete"],"Moodle question type":["matchwiris"],"Moodle flag":["Used in a quiz explicitely","Duplicate, already included in a bundled item and not a random variant"],"category":["top/Default for CHEM 360 Master Course"]},"reference":"57909b86-ddbb-8b83-7b91-a5ee35c33d70","status":"published","title":"HW3Q4","note":"","source":"https://quizzeslti.wiris.net/njit.edu/question/question.php?id=319533&courseid=200","dynamic_content_data":[]}