{"definition":{"widgets":[{"reference":"670b37ed-74ce-8cb8-99b1-1a127b8b7057"}],"template":"dynamic"},"questions":[{"type":"mcq","reference":"670b37ed-74ce-8cb8-99b1-1a127b8b7057"}],"features":[],"tags":{"Migration status":["Not started"],"Import status":["Complete"],"Moodle question type":["multichoicewiris"],"Moodle flag":["Used in a quiz explicitely","Duplicate, already included in a bundled item and not a random variant"],"category":["top/Default for CHEM 360 Master Course"]},"reference":"59228b96-b094-7c17-2109-e6cc03f2877a","status":"published","title":"HW4Q3","note":"","source":"https://quizzeslti.wiris.net/njit.edu/question/question.php?id=319541&courseid=200","dynamic_content_data":[]}