{"definition":{"widgets":[{"reference":"f1a4d6ac-0405-0090-5313-f7fab147f875"}],"template":"dynamic"},"questions":[{"type":"shorttext","reference":"f1a4d6ac-0405-0090-5313-f7fab147f875"}],"features":[],"tags":{"Migration status":["Not started"],"Import status":["Complete"],"Moodle question type":["shortanswer"],"Moodle flag":["Not used in any quiz"],"category":["top/BH 9 Chemical Bonds"]},"reference":"5a38e868-7559-c21f-3552-1538772e2a69","status":"published","title":"Lewis structure beginning 2","note":"","source":"https://quizzeslti.wiris.net/njit.edu/question/question.php?id=319811&courseid=200","dynamic_content_data":[]}