{"definition":{"widgets":[{"reference":"11398557-664b-bf13-df56-9435d4718d00"}],"template":"dynamic"},"questions":[{"type":"clozetext","reference":"11398557-664b-bf13-df56-9435d4718d00"}],"features":[],"tags":{"Migration status":["Not started"],"Import status":["Incomplete"],"Moodle question type":["shortanswerwiris"],"Moodle flag":["Used in a quiz explicitely","Duplicate, already included in a bundled item and not a random variant"],"category":["top/Default for CHEM 360 Master Course"]},"reference":"5adb0c4b-cb11-0793-1bb6-1f03adcbf20e","status":"published","title":"Elena's test (INCOMPLETE)","note":"","source":"https://quizzeslti.wiris.net/njit.edu/question/question.php?id=319679&courseid=200","dynamic_content_data":[]}