{"definition":{"widgets":[{"reference":"c6f6432b-6450-24ae-191f-87c270333924"}],"template":"dynamic"},"questions":[{"type":"clozetext","reference":"c6f6432b-6450-24ae-191f-87c270333924"}],"features":[],"tags":{"Migration status":["Not started"],"Import status":["Incomplete"],"Moodle question type":["shortanswerwiris"],"Moodle flag":["Not used in any quiz"],"category":["top/Default for CHEM 360 Master Course"]},"reference":"5b815b50-d715-cb3f-32a0-5b2dbc461c16","status":"published","title":"Q1Q2 (INCOMPLETE)","note":"","source":"https://quizzeslti.wiris.net/njit.edu/question/question.php?id=319522&courseid=200","dynamic_content_data":[]}