{"definition":{"widgets":[{"reference":"eb723198-c21d-8ad4-315e-00aada0919d0"}],"template":"dynamic"},"questions":[{"type":"formulaV2","reference":"eb723198-c21d-8ad4-315e-00aada0919d0"}],"features":[],"tags":{"Migration status":["Not started"],"Import status":["Complete"],"Moodle question type":["calculated"],"Moodle flag":["Not used in any quiz"],"category":["top/BH 3 Balance Equations"]},"reference":"5b844cd1-ae7a-c8cf-dbd9-cbd91a6f9c3e","status":"published","title":"Balanced equation, proportion 1a","note":"","source":"https://quizzeslti.wiris.net/njit.edu/question/question.php?id=319732&courseid=200","dynamic_content_data":{"cols":["c","dd","b","a","d","ans0"],"rows":{"85a55f8d-f319-0b4b-a3fc-afeb66a99928":{"index":0,"values":["2","0.15","2","1","2","0.15"]},"df2d0c40-dad3-45a5-27c8-487244206408":{"index":1,"values":["8","0.42","2","6","3","1.68"]},"eec5eff8-626e-cbcb-cdac-48cd87b8c00f":{"index":2,"values":["6","0.29","3","6","3","0.58"]},"fe705cf7-29e1-c8bd-23b4-945308320383":{"index":3,"values":["5","0.79","2","5","2","1.975"]},"77637ea3-03b6-a4e3-c578-ff7e01fd29d7":{"index":4,"values":["4","0.81","2","3","3","1.62"]},"a0b53fde-3466-a28e-04ca-4f40a0dd51c6":{"index":5,"values":["5","0.31","3","7","3","0.51666667"]},"afdc9b3c-26ec-3e1c-1e53-087fb4e1a51f":{"index":6,"values":["8","0.20","2","7","2","0.8"]},"a71f8c38-c144-7a83-4f36-8b1729608a4a":{"index":7,"values":["3","0.35","2","4","2","0.525"]},"0c067b3d-31f2-3a48-4ff8-d60b165927fb":{"index":8,"values":["6","0.24","3","2","2","0.48"]},"c48b2beb-bcc4-33fd-cb63-2c578f4b3120":{"index":9,"values":["7","0.16","2","6","2","0.56"]},"03c3b60c-ce39-be2b-42e5-a7c36697245a":{"index":10,"values":["3","0.85","3","3","3","0.85"]},"bddbde43-8429-43f3-221e-b0e885231365":{"index":11,"values":["3","0.56","3","7","3","0.56"]},"7f3fd54d-7e36-25b1-6c51-8ecc85acaaa6":{"index":12,"values":["8","0.64","2","1","2","2.56"]},"d91021df-1007-798a-26c5-57a522d83e09":{"index":13,"values":["4","0.85","2","2","2","1.7"]},"a088256a-d209-b232-19ed-b9403c9f037e":{"index":14,"values":["3","0.44","3","6","2","0.44"]},"c4851071-fb9f-cc23-3f94-9063240bbf58":{"index":15,"values":["3","0.74","3","3","3","0.74"]},"c1848758-8cc8-cdaf-1b4e-73fa4b0dc115":{"index":16,"values":["8","0.60","3","1","2","1.6"]},"dab4c0a3-ec37-de06-135e-a9254aac6951":{"index":17,"values":["2","0.55","3","2","2","0.36666667"]},"47e9d96e-192c-819f-4a61-3bf605c64637":{"index":18,"values":["4","0.81","3","3","3","1.08"]},"6de08038-78ef-a158-c487-358f0edd5264":{"index":19,"values":["3","0.75","3","5","2","0.75"]},"a17dad17-e6bf-3076-ed19-10ef9b23b791":{"index":20,"values":["7","0.35","2","3","2","1.225"]},"be80862a-49cf-d63c-3c22-a74ef7748eb9":{"index":21,"values":["5","0.78","2","6","3","1.95"]},"9804a2f0-d375-61cc-6115-c7a05d3ddaaa":{"index":22,"values":["3","0.63","3","3","2","0.63"]},"c12de0ec-b9fa-a2fd-9410-6bb713453590":{"index":23,"values":["2","0.34","3","5","2","0.22666667"]},"b1d05d9b-1ff1-b78c-08c1-109186c0f1b5":{"index":24,"values":["5","0.50","3","5","3","0.83333333"]},"527ea553-2491-7bdd-aa08-8abb6a12ffd2":{"index":25,"values":["7","0.50","3","6","3","1.16666667"]},"f4ec49a7-bfe0-fede-0108-ed7f05fa2d9f":{"index":26,"values":["8","0.78","2","7","2","3.12"]},"d1087ea3-b9f6-8198-1be2-a72bdfbe797e":{"index":27,"values":["3","0.75","2","3","2","1.125"]},"d4e36ea3-ba7c-e64e-ffe3-84e6a1de7e98":{"index":28,"values":["9","0.64","2","4","2","2.88"]},"8eee8a4c-0706-faac-cd0b-1fc44802ae8a":{"index":29,"values":["8","0.35","2","2","3","1.4"]},"76298696-5c88-6087-65d7-b87b39957f54":{"index":30,"values":["3","0.34","2","5","3","0.51"]},"f4537dae-7add-98fc-51c2-57399dc91e00":{"index":31,"values":["8","0.56","3","3","3","1.49333333"]},"a6c4a7fa-88d4-3409-46ef-07ec1a1b4741":{"index":32,"values":["7","0.33","2","4","2","1.155"]},"22534f7e-d784-1ba3-3861-574f350557d4":{"index":33,"values":["8","0.34","3","3","3","0.90666667"]},"44b6cb38-c999-5761-11d2-d03c7bd9c70f":{"index":34,"values":["7","0.66","3","2","3","1.54"]},"5640fab4-d585-002d-cbed-925d9fe08470":{"index":35,"values":["6","0.73","3","4","3","1.46"]},"d9179d60-6676-e45f-1ff2-ba614cab243c":{"index":36,"values":["5","0.47","3","2","2","0.78333333"]},"b1349c43-6b4e-e5da-fa19-2ee60db9ee26":{"index":37,"values":["9","0.72","2","3","3","3.24"]},"333b1955-db2c-bb84-bfa2-55fa4fbd407f":{"index":38,"values":["2","0.27","2","4","2","0.27"]},"8baa4c8b-a1f0-6683-6e98-78be33d4fce1":{"index":39,"values":["5","0.83","2","5","3","2.075"]},"ef770e54-6787-3d96-2f51-85d4c17f16ec":{"index":40,"values":["7","0.60","3","1","2","1.4"]},"c7abad4f-a03a-f62b-10e2-24c40bb7629f":{"index":41,"values":["6","0.76","3","4","2","1.52"]},"a17de0f9-cdf6-8f1f-416e-b49e2493e825":{"index":42,"values":["7","0.57","3","5","3","1.33"]},"d3e8760e-d086-5f52-02e8-f83957a04f99":{"index":43,"values":["2","0.28","3","7","3","0.18666667"]},"ba176d6a-4377-c0d6-c998-ddbfea2d273a":{"index":44,"values":["2","0.62","3","4","2","0.41333333"]},"458ee443-b55a-6158-1fd4-2f8314a133ba":{"index":45,"values":["2","0.31","3","4","2","0.20666667"]},"6ccb799e-1c36-9bc7-8ae0-83503228d48d":{"index":46,"values":["6","0.51","3","4","2","1.02"]},"b9a99960-2f6d-304a-114c-5fc36dc0b47e":{"index":47,"values":["5","0.52","2","5","3","1.3"]},"e6dbdf54-d5c5-36a6-de34-a1257a45885c":{"index":48,"values":["4","0.36","2","4","2","0.72"]},"12875e75-592a-f38c-3026-dd22be125d4a":{"index":49,"values":["2","0.58","2","7","3","0.58"]},"0f613101-6781-61d7-f8d3-ff67c06c38e2":{"index":50,"values":["5","0.55","3","5","2","0.91666667"]},"d9fb0608-fb7f-5b46-811a-5bd969c75636":{"index":51,"values":["3","0.47","3","1","2","0.47"]},"491ed5c4-7ab5-b99e-3a7d-ca18c04049bb":{"index":52,"values":["7","0.61","3","6","2","1.42333333"]},"fa3f50af-b75d-57da-d101-c809d73170d4":{"index":53,"values":["7","0.29","2","2","2","1.015"]},"0274d522-cf35-4539-ee72-bf087acbd708":{"index":54,"values":["7","0.20","2","4","2","0.7"]},"c93d4cca-eaca-f7db-7c75-7fd00edacb0f":{"index":55,"values":["6","0.15","3","7","2","0.3"]},"d23d2288-ebce-069a-f4f1-ac015f0752ff":{"index":56,"values":["9","0.68","3","3","2","2.04"]},"8a12e858-2877-f0d0-1e7a-3c0dd9dbdbb5":{"index":57,"values":["6","0.44","3","2","2","0.88"]},"6ddb643c-a130-e165-26a9-9cee90101251":{"index":58,"values":["7","0.82","2","3","2","2.87"]},"e4c2323e-fc7d-7faa-7bff-6286790d11c0":{"index":59,"values":["2","0.46","2","4","2","0.46"]}}}}