{"definition":{"widgets":[{"reference":"299f1a17-1cf6-c22b-dddd-8d443dfdac7f"}],"template":"dynamic"},"questions":[{"type":"clozetext","reference":"299f1a17-1cf6-c22b-dddd-8d443dfdac7f"}],"features":[],"tags":{"Migration status":["Not started"],"Import status":["Incomplete"],"Moodle question type":["essaywiris"],"Moodle flag":["Not used in any quiz"],"category":["top/Default for CHEM 360 Master Course"]},"reference":"5c01bc11-8764-c1dd-4a8b-2f9805b22bab","status":"published","title":"Part 3 (INCOMPLETE)","note":"","source":"https://quizzeslti.wiris.net/njit.edu/question/question.php?id=319464&courseid=200","dynamic_content_data":[]}