{"definition":{"widgets":[{"reference":"0516d93f-4496-ac9f-e82f-450900837dc1"}],"template":"dynamic"},"questions":[{"type":"fileupload","reference":"0516d93f-4496-ac9f-e82f-450900837dc1"}],"features":[],"tags":{"Migration status":["Not started"],"Import status":["Complete"],"Moodle question type":["essaywiris"],"Moodle flag":["Not used in any quiz"],"category":["top/Default for CHEM 360 Master Course"]},"reference":"5c01bc11-8764-c1dd-4a8b-2f9805b22bab","status":"published","title":"Part 3","note":"","source":"https://quizzeslti.wiris.net/njit.edu/question/question.php?id=319464&courseid=200","dynamic_content_data":[]}