{"definition":{"widgets":[{"reference":"f9479b1a-bb8c-3d5a-b31d-c133e31732bc"}],"template":"dynamic"},"questions":[{"type":"mcq","reference":"f9479b1a-bb8c-3d5a-b31d-c133e31732bc"}],"features":[],"tags":{"Migration status":["Not started"],"Import status":["Complete"],"Moodle question type":["multichoicewiris"],"Moodle flag":["Used in a quiz explicitely","Duplicate, already included in a bundled item and not a random variant"],"category":["top/Default for CHEM 360 Master Course"]},"reference":"5d01deee-b73e-b8f0-d270-15cb32336dc2","status":"published","title":"HW5Q6","note":"","source":"https://quizzeslti.wiris.net/njit.edu/question/question.php?id=319593&courseid=200","dynamic_content_data":[]}