{"definition":{"widgets":[{"reference":"f2cb3a2c-e5db-dbe1-0424-8220b804b2a0"}],"template":"dynamic"},"questions":[{"type":"mcq","reference":"f2cb3a2c-e5db-dbe1-0424-8220b804b2a0"}],"features":[],"tags":{"Migration status":["Not started"],"Import status":["Complete"],"Moodle question type":["multichoicewiris"],"Moodle flag":["Not used in any quiz"],"category":["top/Default for CHEM 360 Master Course"]},"reference":"5e510476-ae20-59de-d2b8-a14d765926a7","status":"published","title":"Q3Q4","note":"","source":"https://quizzeslti.wiris.net/njit.edu/question/question.php?id=319612&courseid=200","dynamic_content_data":[]}