{"definition":{"widgets":[{"reference":"b9e7f1a1-5832-3504-4b52-e3851d64db4e"}],"template":"dynamic"},"questions":[{"type":"shorttext","reference":"b9e7f1a1-5832-3504-4b52-e3851d64db4e"}],"features":[],"tags":{"Migration status":["Not started"],"Import status":["Complete"],"Moodle question type":["shortanswer"],"Moodle flag":["Not used in any quiz"],"category":["top/BH 4 Electrolytes"]},"reference":"5f2e3be6-bc4f-a544-4927-8115bde77f80","status":"published","title":"Electrolytes 3 PbCl2","note":"","source":"https://quizzeslti.wiris.net/njit.edu/question/question.php?id=319754&courseid=200","dynamic_content_data":[]}