{"definition":{"widgets":[{"reference":"326fbf88-c16c-07de-0b22-8bfa8947e4c4"}],"template":"dynamic"},"questions":[{"type":"clozetext","reference":"326fbf88-c16c-07de-0b22-8bfa8947e4c4"}],"features":[],"tags":{"Migration status":["Not started"],"Import status":["Incomplete"],"Moodle question type":["multianswerwiris"],"Moodle flag":["Used in a quiz explicitely","Duplicate, already included in a bundled item and not a random variant"],"category":["top/Default for CHEM 360 Master Course"]},"reference":"5f603eda-4cf1-fc01-9c26-b060f77d549e","status":"published","title":"Q5 (Cloze) (INCOMPLETE)","note":"","source":"https://quizzeslti.wiris.net/njit.edu/question/question.php?id=319469&courseid=200","dynamic_content_data":[]}