{"definition":{"widgets":[{"reference":"c49e8276-7042-5114-ef12-c215053c8338"}],"template":"dynamic"},"questions":[{"type":"clozetext","reference":"c49e8276-7042-5114-ef12-c215053c8338"}],"features":[],"tags":{"Migration status":["Not started"],"Import status":["Incomplete"],"Moodle question type":["quizpage","shortanswerwiris"],"Moodle flag":["Used in a quiz explicitely"],"category":["Nov 16 (Henry's law)"]},"reference":"60ddd6a8-395b-8528-a3e6-eaadcfffbfad","status":"published","title":"Nov 16 (Henry's law) - page 1","note":"","source":"https://quizzeslti.wiris.net/njit.edu/question/question.php?id=319704&courseid=200","dynamic_content_data":""}