{"definition":{"widgets":[{"reference":"8907a88f-925c-5b5d-e911-fe37ddbc7d08"}],"template":"dynamic"},"questions":[{"type":"clozetext","reference":"8907a88f-925c-5b5d-e911-fe37ddbc7d08"}],"features":[],"tags":{"Migration status":["Not started"],"Import status":["Incomplete"],"Moodle question type":["multianswerwiris"],"Moodle flag":["Used in a quiz explicitely","Duplicate, already included in a bundled item and not a random variant"],"category":["top/Default for CHEM 360 Master Course"]},"reference":"6179fb2f-b449-5629-a008-225342822591","status":"published","title":"HW2Q5 (INCOMPLETE)","note":"","source":"https://quizzeslti.wiris.net/njit.edu/question/question.php?id=319510&courseid=200","dynamic_content_data":[]}