{"definition":{"widgets":[{"reference":"1ae05b43-32e9-0c0b-493d-5ff468b268d4"}],"template":"dynamic"},"questions":[{"type":"mcq","reference":"1ae05b43-32e9-0c0b-493d-5ff468b268d4"}],"features":[],"tags":{"Migration status":["Not started"],"Import status":["Complete"],"Moodle question type":["multichoice"],"Moodle flag":["Used in a quiz explicitely","Duplicate, already included in a bundled item and not a random variant"],"category":["top/BH 9 Chemical Bonds"]},"reference":"61e19934-66fc-addc-c576-c630a99f28c3","status":"published","title":"CB 2c LS multiple bonds H2CO","note":"","source":"https://quizzeslti.wiris.net/njit.edu/question/question.php?id=319795&courseid=200","dynamic_content_data":[]}