{"definition":{"widgets":[{"reference":"7f28fec2-636e-7ee5-33a6-d0fc474bae05"}],"template":"dynamic"},"questions":[{"type":"clozetext","reference":"7f28fec2-636e-7ee5-33a6-d0fc474bae05"}],"features":[],"tags":{"Migration status":["Not started"],"Import status":["Incomplete"],"Moodle question type":["shortanswerwiris"],"Moodle flag":["Used in a quiz explicitely","Duplicate, already included in a bundled item and not a random variant"],"category":["top/Default for CHEM 360 Master Course"]},"reference":"631db09d-23f1-66f5-87a6-f71f8c9a3889","status":"published","title":"HW2Q2 (INCOMPLETE)","note":"","source":"https://quizzeslti.wiris.net/njit.edu/question/question.php?id=319507&courseid=200","dynamic_content_data":[]}