{"definition":{"widgets":[{"reference":"4ee79daf-ce73-31ff-5ed0-1021e75e3e5a"},{"reference":"b92f0b1c-d2a7-d1fa-57a7-d1de80b3034b"},{"reference":"f4381aea-987a-3e73-d50b-6aa30e12c9a4"},{"reference":"24f4da1a-a62d-5afa-41e5-130f166079e2"},{"reference":"0d712db5-73cb-bd6d-31cb-3abd9c8ee342"}],"template":"dynamic"},"questions":[{"type":"association","reference":"4ee79daf-ce73-31ff-5ed0-1021e75e3e5a"},{"type":"mcq","reference":"b92f0b1c-d2a7-d1fa-57a7-d1de80b3034b"},{"type":"mcq","reference":"f4381aea-987a-3e73-d50b-6aa30e12c9a4"},{"type":"clozetext","reference":"24f4da1a-a62d-5afa-41e5-130f166079e2"},{"type":"clozetext","reference":"0d712db5-73cb-bd6d-31cb-3abd9c8ee342"}],"features":[],"tags":{"Migration status":["Not started"],"Import status":["Incomplete"],"Moodle question type":["quizpage","matchwiris","truefalsewiris","multichoicewiris","multianswerwiris","shortanswerwiris"],"Moodle flag":["Used in a quiz explicitely"],"category":["Test quiz with different types of questions (Aug 31)"]},"reference":"63dadc16-4e85-daf2-ead6-3fe95c27d4b8","status":"published","title":"Test quiz with different types of questions (Aug 31) - page 1","note":"","source":"https://quizzeslti.wiris.net/njit.edu/question/question.php?id=319465&courseid=200,https://quizzeslti.wiris.net/njit.edu/question/question.php?id=319466&courseid=200,https://quizzeslti.wiris.net/njit.edu/question/question.php?id=319467&courseid=200,https://quizzeslti.wiris.net/njit.edu/question/question.php?id=319469&courseid=200,https://quizzeslti.wiris.net/njit.edu/question/question.php?id=319474&courseid=200","dynamic_content_data":""}