{"definition":{"widgets":[{"reference":"3db550aa-124f-d310-7359-5a627344953e"}],"template":"dynamic"},"questions":[{"type":"clozetext","reference":"3db550aa-124f-d310-7359-5a627344953e"}],"features":[],"tags":{"Migration status":["Not started"],"Import status":["Incomplete"],"Moodle question type":["multianswerwiris"],"Moodle flag":["Not used in any quiz"],"category":["top/Default for CHEM 360 Master Course"]},"reference":"64d655cc-3d4a-d406-8073-90545867a53f","status":"published","title":"HW3Qx (INCOMPLETE)","note":"","source":"https://quizzeslti.wiris.net/njit.edu/question/question.php?id=319529&courseid=200","dynamic_content_data":[]}