{"definition":{"widgets":[{"reference":"290bac0a-2fa2-5db5-3756-9de4e91b5d64"}],"template":"dynamic"},"questions":[{"type":"formulaV2","reference":"290bac0a-2fa2-5db5-3756-9de4e91b5d64"}],"features":[],"tags":{"Migration status":["Not started"],"Import status":["Complete"],"Moodle question type":["calculated"],"Moodle flag":["Used in a quiz explicitely","Duplicate, already included in a bundled item and not a random variant"],"category":["top/BH 3 Balance Equations"]},"reference":"6574c707-f4d8-abf6-f914-1895a347de89","status":"published","title":"balancing equation 2a","note":"","source":"https://quizzeslti.wiris.net/njit.edu/question/question.php?id=319742&courseid=200","dynamic_content_data":{"cols":["x"],"rows":{"1e532e04-f688-9729-5756-cb466fcaed95":{"index":0,"values":["1"]}}}}