{"definition":{"widgets":[{"reference":"a17e3869-0180-8913-aacf-8374955e3ae0"}],"template":"dynamic"},"questions":[{"type":"clozetext","reference":"a17e3869-0180-8913-aacf-8374955e3ae0"}],"features":[],"tags":{"Migration status":["Not started"],"Import status":["Incomplete"],"Moodle question type":["quizpage","shortanswerwiris"],"Moodle flag":["Used in a quiz explicitely"],"category":["Pre-class for Oct 3 (Earth surface temperature)"]},"reference":"65e8722e-b3fc-c299-784f-8b5f9d26b489","status":"published","title":"Pre-class for Oct 3 (Earth surface temperature) - page 1","note":"","source":"https://quizzeslti.wiris.net/njit.edu/question/question.php?id=319699&courseid=200","dynamic_content_data":""}