{"definition":{"widgets":[{"reference":"bad6b828-e90a-a9e2-acc2-83eea1e1c05b"}],"template":"dynamic"},"questions":[{"type":"clozetext","reference":"bad6b828-e90a-a9e2-acc2-83eea1e1c05b"}],"features":[],"tags":{"Migration status":["Not started"],"Import status":["Incomplete"],"Moodle question type":["shortanswerwiris"],"Moodle flag":["Used in a quiz explicitely","Duplicate, already included in a bundled item and not a random variant"],"category":["top/Default for CHEM 360 Master Course"]},"reference":"6825e659-7e9a-6d7a-d085-d2a4961e1bd6","status":"published","title":"HW6Q2 (INCOMPLETE)","note":"","source":"https://quizzeslti.wiris.net/njit.edu/question/question.php?id=319597&courseid=200","dynamic_content_data":[]}