{"definition":{"widgets":[{"reference":"d51c2adb-314c-6499-a5e8-10c91625e152"}],"template":"dynamic"},"questions":[{"type":"mcq","reference":"d51c2adb-314c-6499-a5e8-10c91625e152"}],"features":[],"tags":{"Migration status":["Not started"],"Import status":["Complete"],"Moodle question type":["multichoicewiris"],"Moodle flag":["Not used in any quiz"],"category":["top/Default for CHEM 360 Master Course"]},"reference":"68a661e5-1d6a-04db-12c3-f9d44bea3c11","status":"published","title":"Q3Q4","note":"","source":"https://quizzeslti.wiris.net/njit.edu/question/question.php?id=319608&courseid=200","dynamic_content_data":[]}