{"definition":{"widgets":[{"reference":"dd437b66-5162-ff2c-ca46-6c5bcd5e0082"}],"template":"dynamic"},"questions":[{"type":"clozetext","reference":"dd437b66-5162-ff2c-ca46-6c5bcd5e0082"}],"features":[],"tags":{"Migration status":["Not started"],"Import status":["Incomplete"],"Moodle question type":["shortanswerwiris"],"Moodle flag":["Not used in any quiz"],"category":["top/Default for CHEM 360 Master Course"]},"reference":"6ae4b71d-a867-f0c9-8f25-76a447cd0a3a","status":"published","title":"Probabilities (modified by WIRIS) (INCOMPLETE)","note":"","source":"https://quizzeslti.wiris.net/njit.edu/question/question.php?id=319472&courseid=200","dynamic_content_data":[]}