{"definition":{"widgets":[{"reference":"57adc319-4fef-e876-ca0d-37ac9913ca6d"}],"template":"dynamic"},"questions":[{"type":"clozetext","reference":"57adc319-4fef-e876-ca0d-37ac9913ca6d"}],"features":[],"tags":{"Migration status":["Not started"],"Import status":["Incomplete"],"Moodle question type":["shortanswerwiris"],"Moodle flag":["Not used in any quiz"],"category":["top/Default for CHEM 360 Master Course"]},"reference":"6b553b4c-bb2e-63d0-a95e-3266626d4dc0","status":"published","title":"HW5Q1-alternative (INCOMPLETE)","note":"","source":"https://quizzeslti.wiris.net/njit.edu/question/question.php?id=319583&courseid=200","dynamic_content_data":[]}