{"definition":{"widgets":[{"reference":"4f9bd4cb-fbee-b60c-7c0f-48080b40e824"}],"template":"dynamic"},"questions":[{"type":"clozetext","reference":"4f9bd4cb-fbee-b60c-7c0f-48080b40e824"}],"features":[],"tags":{"Migration status":["Not started"],"Import status":["Incomplete"],"Moodle question type":["shortanswerwiris"],"Moodle flag":["Used in a quiz explicitely","Duplicate, already included in a bundled item and not a random variant"],"category":["top/Default for CHEM 360 Master Course"]},"reference":"6bade88a-b1ee-1e26-5abb-52b316f72057","status":"published","title":"HW3Q1 (INCOMPLETE)","note":"","source":"https://quizzeslti.wiris.net/njit.edu/question/question.php?id=319516&courseid=200","dynamic_content_data":[]}