{"definition":{"widgets":[{"reference":"9a5caee0-6858-9972-3dfe-2133681f1256"}],"template":"dynamic"},"questions":[{"type":"clozetext","reference":"9a5caee0-6858-9972-3dfe-2133681f1256"}],"features":[],"tags":{"Migration status":["Not started"],"Import status":["Incomplete"],"Moodle question type":["matchwiris"],"Moodle flag":["Used in a quiz explicitely","Duplicate, already included in a bundled item and not a random variant"],"category":["top/Default for CHEM 360 Master Course"]},"reference":"6d3b055b-1883-dd9b-42bb-0a52a5255e2b","status":"published","title":"Oct 25 - sign versus threat (INCOMPLETE)","note":"","source":"https://quizzeslti.wiris.net/njit.edu/question/question.php?id=319689&courseid=200","dynamic_content_data":[]}