{"definition":{"widgets":[{"reference":"48b727f2-7098-3b09-f942-88a59d93d870"}],"template":"dynamic"},"questions":[{"type":"mcq","reference":"48b727f2-7098-3b09-f942-88a59d93d870"}],"features":[],"tags":{"Migration status":["Not started"],"Import status":["Complete"],"Moodle question type":["multichoicewiris"],"Moodle flag":["Not used in any quiz"],"category":["top/Default for CHEM 360 Master Course"]},"reference":"6e6e8c00-c5a7-4696-5b9f-64b3d0d8d036","status":"published","title":"Q3Q5","note":"","source":"https://quizzeslti.wiris.net/njit.edu/question/question.php?id=319620&courseid=200","dynamic_content_data":[]}