{"definition":{"widgets":[{"reference":"6715758d-59b0-2f4b-876b-9b97c5a51fb3"}],"template":"dynamic"},"questions":[{"type":"clozetext","reference":"6715758d-59b0-2f4b-876b-9b97c5a51fb3"}],"features":[],"tags":{"Migration status":["Not started"],"Import status":["Incomplete"],"Moodle question type":["quizpage","shortanswerwiris"],"Moodle flag":["Used in a quiz explicitely"],"category":["Sep 15 personal cars in the US"]},"reference":"6f7ec955-1ba7-633a-c7de-e6106b3df75f","status":"published","title":"Sep 15 personal cars in the US - page 1","note":"","source":"https://quizzeslti.wiris.net/njit.edu/question/question.php?id=319677&courseid=200","dynamic_content_data":""}