{"definition":{"widgets":[{"reference":"f3559ede-77ea-4148-0c9c-99051c5dcd03"}],"template":"dynamic"},"questions":[{"type":"mcq","reference":"f3559ede-77ea-4148-0c9c-99051c5dcd03"}],"features":[],"tags":{"Migration status":["Not started"],"Import status":["Complete"],"Moodle question type":["multichoicewiris"],"Moodle flag":["Not used in any quiz"],"category":["top/Default for CHEM 360 Master Course"]},"reference":"6fd46fce-75f1-97bf-35d8-3ba08c9594ef","status":"published","title":"EX2Q19","note":"","source":"https://quizzeslti.wiris.net/njit.edu/question/question.php?id=319673&courseid=200","dynamic_content_data":[]}