{"definition":{"widgets":[{"reference":"d0223d8a-22dc-a598-26d6-123c8590fbe5"}],"template":"dynamic"},"questions":[{"type":"clozetext","reference":"d0223d8a-22dc-a598-26d6-123c8590fbe5"}],"features":[],"tags":{"Migration status":["Not started"],"Import status":["Incomplete"],"Moodle question type":["multianswerwiris"],"Moodle flag":["Used in a quiz explicitely","Duplicate, already included in a bundled item and not a random variant"],"category":["top/Default for CHEM 360 Master Course"]},"reference":"7041fe5a-929c-327c-5d1a-39aeade3c4c9","status":"published","title":"HW1Q4 (INCOMPLETE)","note":"","source":"https://quizzeslti.wiris.net/njit.edu/question/question.php?id=319503&courseid=200","dynamic_content_data":[]}