{"definition":{"widgets":[{"reference":"1f794f19-31af-dd2c-4fae-8a61efaccdd6"}],"template":"dynamic"},"questions":[{"type":"clozetext","reference":"1f794f19-31af-dd2c-4fae-8a61efaccdd6"}],"features":[],"tags":{"Migration status":["Not started"],"Import status":["Incomplete"],"Moodle question type":["shortanswerwiris"],"Moodle flag":["Used in a quiz explicitely","Duplicate, already included in a bundled item and not a random variant"],"category":["top/Default for CHEM 360 Master Course"]},"reference":"709a70b5-13d8-c6bc-62f3-e47fcc1de8eb","status":"published","title":"Molarity and pH (INCOMPLETE)","note":"","source":"https://quizzeslti.wiris.net/njit.edu/question/question.php?id=319453&courseid=200","dynamic_content_data":[]}