{"definition":{"widgets":[{"reference":"d7438c28-7a9f-3dcf-eb79-a3b3e57df68a"}],"template":"dynamic"},"questions":[{"type":"clozetext","reference":"d7438c28-7a9f-3dcf-eb79-a3b3e57df68a"}],"features":[],"tags":{"Migration status":["Not started"],"Import status":["Incomplete"],"Moodle question type":["shortanswerwiris"],"Moodle flag":["Not used in any quiz"],"category":["top/EXPORT TO WIRIS"]},"reference":"70b00c74-3d70-d565-9b51-ed49252344c0","status":"published","title":"Probabilities (modified by WIRIS) (INCOMPLETE)","note":"","source":"https://quizzeslti.wiris.net/njit.edu/question/question.php?id=319816&courseid=200","dynamic_content_data":[]}