{"definition":{"widgets":[{"reference":"b30002a3-d2bd-0d2d-a33c-d54d57da2443"}],"template":"dynamic"},"questions":[{"type":"clozetext","reference":"b30002a3-d2bd-0d2d-a33c-d54d57da2443"}],"features":[],"tags":{"Migration status":["Not started"],"Import status":["Incomplete"],"Moodle question type":["matchwiris"],"Moodle flag":["Used in a quiz explicitely","Duplicate, already included in a bundled item and not a random variant"],"category":["top/Default for CHEM 360 Master Course"]},"reference":"71010d54-e07c-fdc3-7e89-6954c8f32ead","status":"published","title":"HW4Q9 (INCOMPLETE)","note":"","source":"https://quizzeslti.wiris.net/njit.edu/question/question.php?id=319547&courseid=200","dynamic_content_data":[]}