{"definition":{"widgets":[{"reference":"36a0078f-4cef-cfce-410d-60f736bd6635"}],"template":"dynamic"},"questions":[{"type":"mcq","reference":"36a0078f-4cef-cfce-410d-60f736bd6635"}],"features":[],"tags":{"Migration status":["Not started"],"Import status":["Complete"],"Moodle question type":["multichoicewiris"],"Moodle flag":["Used in a quiz explicitely","Duplicate, already included in a bundled item and not a random variant"],"category":["top/Default for CHEM 360 Master Course"]},"reference":"71497643-3b87-914d-5275-cc08ed674aaf","status":"published","title":"Chemical","note":"","source":"https://quizzeslti.wiris.net/njit.edu/question/question.php?id=319696&courseid=200","dynamic_content_data":[]}