{"definition":{"widgets":[{"reference":"53275046-6c9a-9910-724b-291df11cd30d"}],"template":"dynamic"},"questions":[{"type":"clozetext","reference":"53275046-6c9a-9910-724b-291df11cd30d"}],"features":[],"tags":{"Migration status":["Not started"],"Import status":["Incomplete"],"Moodle question type":["matchwiris"],"Moodle flag":["Used in a quiz explicitely","Duplicate, already included in a bundled item and not a random variant"],"category":["top/Default for CHEM 360 Master Course"]},"reference":"71671798-fcc6-3ac1-bde1-b63dd4a70b44","status":"published","title":"HW3Q5 (INCOMPLETE)","note":"","source":"https://quizzeslti.wiris.net/njit.edu/question/question.php?id=319534&courseid=200","dynamic_content_data":[]}