{"definition":{"widgets":[{"reference":"aad24869-8dfa-4a1d-0473-7971c2ed59af"}],"template":"dynamic"},"questions":[{"type":"clozetext","reference":"aad24869-8dfa-4a1d-0473-7971c2ed59af"}],"features":[],"tags":{"Migration status":["Not started"],"Import status":["Incomplete"],"Moodle question type":["shortanswerwiris"],"Moodle flag":["Not used in any quiz"],"category":["top/Default for CHEM 360 Master Course"]},"reference":"723657a8-f3f3-4b1a-772e-05556c42d577","status":"published","title":"HW1Q8 (INCOMPLETE)","note":"","source":"https://quizzeslti.wiris.net/njit.edu/question/question.php?id=319485&courseid=200","dynamic_content_data":[]}