{"definition":{"widgets":[{"reference":"e777bf00-b4f4-c9d7-d227-d344d3053f15"}],"template":"dynamic"},"questions":[{"type":"clozetext","reference":"e777bf00-b4f4-c9d7-d227-d344d3053f15"}],"features":[],"tags":{"Migration status":["Not started"],"Import status":["Incomplete"],"Moodle question type":["quizpage","shortanswerwiris"],"Moodle flag":["Used in a quiz explicitely"],"category":["Sep 20 fraction of gasoline lost in the 1950s cars"]},"reference":"72bdf960-50c6-bb59-81de-8002f6b59498","status":"published","title":"Sep 20 fraction of gasoline lost in the 1950s cars - page 1","note":"","source":"https://quizzeslti.wiris.net/njit.edu/question/question.php?id=319680&courseid=200","dynamic_content_data":""}