{"definition":{"widgets":[{"reference":"cfc4692d-cdca-7b55-a86f-7a30ffd0fadd"}],"template":"dynamic"},"questions":[{"type":"clozetext","reference":"cfc4692d-cdca-7b55-a86f-7a30ffd0fadd"}],"features":[],"tags":{"Migration status":["Not started"],"Import status":["Incomplete"],"Moodle question type":["multianswerwiris"],"Moodle flag":["Used in a quiz explicitely","Duplicate, already included in a bundled item and not a random variant"],"category":["top/Default for CHEM 360 Master Course"]},"reference":"72cae258-57d6-3fae-642f-42d0a61e8d71","status":"published","title":"HW1Q3 (INCOMPLETE)","note":"","source":"https://quizzeslti.wiris.net/njit.edu/question/question.php?id=319500&courseid=200","dynamic_content_data":[]}