{"definition":{"widgets":[{"reference":"1a57fac8-ea76-0ded-66e6-de59972ad508"}],"template":"dynamic"},"questions":[{"type":"association","reference":"1a57fac8-ea76-0ded-66e6-de59972ad508"}],"features":[],"tags":{"Migration status":["Not started"],"Import status":["Complete"],"Moodle question type":["matchwiris"],"Moodle flag":["Used in a quiz explicitely","Duplicate, already included in a bundled item and not a random variant"],"category":["top/Default for CHEM 360 Master Course"]},"reference":"72d15501-cbe4-a324-893e-15f3decf3bc5","status":"published","title":"Q2Q4","note":"","source":"https://quizzeslti.wiris.net/njit.edu/question/question.php?id=319551&courseid=200","dynamic_content_data":[]}