{"definition":{"widgets":[{"reference":"64da6942-8bf3-a541-d251-30588f1b50d5"}],"template":"dynamic"},"questions":[{"type":"clozetext","reference":"64da6942-8bf3-a541-d251-30588f1b50d5"}],"features":[],"tags":{"Migration status":["Not started"],"Import status":["Incomplete"],"Moodle question type":["matchwiris"],"Moodle flag":["Used in a quiz explicitely","Duplicate, already included in a bundled item and not a random variant"],"category":["top/Default for CHEM 360 Master Course"]},"reference":"72eb774d-8b6d-dc32-2051-4f37e98c9b04","status":"published","title":"Oct 6 - atmospheric lifetime and transport (INCOMPLETE)","note":"","source":"https://quizzeslti.wiris.net/njit.edu/question/question.php?id=319686&courseid=200","dynamic_content_data":[]}