{"definition":{"widgets":[{"reference":"a2d64b61-6acf-0175-a4af-219049762be3"}],"template":"dynamic"},"questions":[{"type":"clozetext","reference":"a2d64b61-6acf-0175-a4af-219049762be3"}],"features":[],"tags":{"Migration status":["Not started"],"Import status":["Incomplete"],"Moodle question type":["matchwiris"],"Moodle flag":["Used in a quiz explicitely","Duplicate, already included in a bundled item and not a random variant"],"category":["top/Default for CHEM 360 Master Course"]},"reference":"731f591b-9e0c-11e2-2f38-b25dfb080c37","status":"published","title":"EX2Q11 (INCOMPLETE)","note":"","source":"https://quizzeslti.wiris.net/njit.edu/question/question.php?id=319655&courseid=200","dynamic_content_data":[]}