{"definition":{"widgets":[{"reference":"986ddb4d-15fa-2b7a-e6f9-2802c973c2c1"}],"template":"dynamic"},"questions":[{"type":"mcq","reference":"986ddb4d-15fa-2b7a-e6f9-2802c973c2c1"}],"features":[],"tags":{"Migration status":["Not started"],"Import status":["Complete"],"Moodle question type":["multichoicewiris"],"Moodle flag":["Not used in any quiz"],"category":["top/Default for CHEM 360 Master Course"]},"reference":"73f5b7f8-9a46-235b-35c8-6a77b4f25a9e","status":"published","title":"EX2Q14","note":"","source":"https://quizzeslti.wiris.net/njit.edu/question/question.php?id=319662&courseid=200","dynamic_content_data":[]}