{"definition":{"widgets":[{"reference":"ff7b1182-caba-64d1-bd8a-1cf2cfef7aa2"}],"template":"dynamic"},"questions":[{"type":"clozetext","reference":"ff7b1182-caba-64d1-bd8a-1cf2cfef7aa2"}],"features":[],"tags":{"Migration status":["Not started"],"Import status":["Incomplete"],"Moodle question type":["shortanswerwiris"],"Moodle flag":["Used in a quiz explicitely","Duplicate, already included in a bundled item and not a random variant"],"category":["top/Default for CHEM 360 Master Course"]},"reference":"74c96223-d671-029f-4d11-0ee6f3acc030","status":"published","title":"EX1Q15 (INCOMPLETE)","note":"","source":"https://quizzeslti.wiris.net/njit.edu/question/question.php?id=319581&courseid=200","dynamic_content_data":[]}