{"definition":{"widgets":[{"reference":"bab7ae88-6bb5-7242-477d-587955072bfb"}],"template":"dynamic"},"questions":[{"type":"formulaV2","reference":"bab7ae88-6bb5-7242-477d-587955072bfb"}],"features":[],"tags":{"Migration status":["Not started"],"Import status":["Complete"],"Moodle question type":["calculated"],"Moodle flag":["Used in a quiz explicitely","Duplicate, already included in a bundled item and not a random variant"],"category":["top/BH 3 Balance Equations"]},"reference":"75c9f40c-5551-a27c-4298-e01d7e70bbf4","status":"published","title":"balancing equation 1","note":"","source":"https://quizzeslti.wiris.net/njit.edu/question/question.php?id=319738&courseid=200","dynamic_content_data":{"cols":["x"],"rows":{"a42f6f1f-46ac-a492-59aa-6f933b95b0a0":{"index":0,"values":["3"]}}}}