{"definition":{"widgets":[{"reference":"8a5a4646-518c-97b5-2bf0-3f09f1cc8437"}],"template":"dynamic"},"questions":[{"type":"mcq","reference":"8a5a4646-518c-97b5-2bf0-3f09f1cc8437"}],"features":[],"tags":{"Migration status":["Not started"],"Import status":["Complete"],"Moodle question type":["multichoicewiris"],"Moodle flag":["Used in a quiz explicitely","Duplicate, already included in a bundled item and not a random variant"],"category":["top/Default for CHEM 360 Master Course"]},"reference":"76aed1a9-9aca-d766-0e5e-9f0d64a8991d","status":"published","title":"Q2Q8","note":"","source":"https://quizzeslti.wiris.net/njit.edu/question/question.php?id=319555&courseid=200","dynamic_content_data":[]}