{"definition":{"widgets":[{"reference":"39e6c564-472c-1ac5-5fc0-7f5fcc9d838f"},{"reference":"786d07ed-63c3-3186-a150-3475658bf44b"},{"reference":"21aee4b7-e983-0392-a949-e5d88067bb82"},{"reference":"195f2f02-5251-992f-195f-d7a8effacebf"},{"reference":"3d4a10c4-ec1f-7cd3-00cc-ecafa625720b"},{"reference":"32626dbc-486d-c759-8e52-fe6bf59256fc"},{"reference":"25bec1ba-372f-db54-de71-ba102d8586b2"}],"template":"dynamic"},"questions":[{"type":"mcq","reference":"39e6c564-472c-1ac5-5fc0-7f5fcc9d838f"},{"type":"association","reference":"786d07ed-63c3-3186-a150-3475658bf44b"},{"type":"association","reference":"21aee4b7-e983-0392-a949-e5d88067bb82"},{"type":"mcq","reference":"195f2f02-5251-992f-195f-d7a8effacebf"},{"type":"mcq","reference":"3d4a10c4-ec1f-7cd3-00cc-ecafa625720b"},{"type":"association","reference":"32626dbc-486d-c759-8e52-fe6bf59256fc"},{"type":"mcq","reference":"25bec1ba-372f-db54-de71-ba102d8586b2"}],"features":[],"tags":{"Migration status":["Not started"],"Import status":["Complete"],"Moodle question type":["quizpage","truefalsewiris","matchwiris","multichoicewiris"],"Moodle flag":["Used in a quiz explicitely"],"category":["HW8 - stratospheric chemistry"]},"reference":"76c6138b-7232-0182-818e-9a47edaa2ba4","status":"published","title":"HW8 - stratospheric chemistry - page 1","note":"","source":"https://quizzeslti.wiris.net/njit.edu/question/question.php?id=319639&courseid=200,https://quizzeslti.wiris.net/njit.edu/question/question.php?id=319635&courseid=200,https://quizzeslti.wiris.net/njit.edu/question/question.php?id=319636&courseid=200,https://quizzeslti.wiris.net/njit.edu/question/question.php?id=319637&courseid=200,https://quizzeslti.wiris.net/njit.edu/question/question.php?id=319638&courseid=200,https://quizzeslti.wiris.net/njit.edu/question/question.php?id=319640&courseid=200,https://quizzeslti.wiris.net/njit.edu/question/question.php?id=319641&courseid=200","dynamic_content_data":""}