{"definition":{"widgets":[{"reference":"f8cfb228-ff6a-9a9c-85b6-c16d76b9d4dd"}],"template":"dynamic"},"questions":[{"type":"clozetext","reference":"f8cfb228-ff6a-9a9c-85b6-c16d76b9d4dd"}],"features":[],"tags":{"Migration status":["Not started"],"Import status":["Incomplete"],"Moodle question type":["quizpage","matchwiris"],"Moodle flag":["Used in a quiz explicitely"],"category":["Nov 7 (organic compounds)"]},"reference":"76c6041a-ccdc-f301-79e2-4b27113ea9bf","status":"published","title":"Nov 7 (organic compounds) - page 1","note":"","source":"https://quizzeslti.wiris.net/njit.edu/question/question.php?id=319702&courseid=200","dynamic_content_data":""}