{"definition":{"widgets":[{"reference":"d09d2a4d-ecfb-a785-b447-cad002fa2690"}],"template":"dynamic"},"questions":[{"type":"formulaV2","reference":"d09d2a4d-ecfb-a785-b447-cad002fa2690"}],"features":[],"tags":{"Migration status":["Not started"],"Import status":["Complete"],"Moodle question type":["calculated"],"Moodle flag":["Used in a quiz explicitely","Duplicate, already included in a bundled item and not a random variant"],"category":["top/BH 1 Multiplication by 1"]},"reference":"77dd17d8-6307-2d22-bbb9-3df7d4b15d8b","status":"published","title":"Simple Unit Conversion Problems a","note":"","source":"https://quizzeslti.wiris.net/njit.edu/question/question.php?id=319710&courseid=200","dynamic_content_data":{"cols":["x","ans0"],"rows":{"da2c2e4f-9f46-99ae-231a-fa30ea0b619b":{"index":0,"values":["200.","2.0e-07"]},"4c3472f3-5cca-b5c9-6532-ce020e85397d":{"index":1,"values":["878","8.78e-07"]},"ed6b2f4c-c1a1-5a64-a4af-116c6bc38253":{"index":2,"values":["213","2.13e-07"]},"a1bb4185-f437-9fa2-f26c-3e02cb3419e0":{"index":3,"values":["420","4.2e-07"]},"689988cd-b7e7-47e0-6cc2-8d761292229f":{"index":4,"values":["848","8.48e-07"]},"77d5cbf6-55c9-380d-9756-67a540e0bf6f":{"index":5,"values":["304","3.04e-07"]},"dbd7ddaa-72a0-7584-1712-9db104f26bd6":{"index":6,"values":["337","3.37e-07"]},"b46f06df-f0fe-d2e2-d58b-76d59878359b":{"index":7,"values":["630","6.3e-07"]},"4ebbbc4d-5560-8246-1c4b-933807623643":{"index":8,"values":["725","7.25e-07"]},"699577fa-94ec-31f7-1562-ab0932a4e488":{"index":9,"values":["571","5.71e-07"]},"7f13c224-bf9b-345c-a132-a16dc4e5ad17":{"index":10,"values":["662","6.62e-07"]},"e914d8f6-89a5-1193-0683-999ac2c920e1":{"index":11,"values":["280","2.8e-07"]},"dbc10d51-9e2e-ac4f-9ca8-893553206284":{"index":12,"values":["610","6.1e-07"]},"ceff617f-2417-4375-57d4-9aa88fbf3211":{"index":13,"values":["724","7.24e-07"]},"bf0d9a25-6c0f-5ed6-a70c-ae57004b4844":{"index":14,"values":["396","3.96e-07"]},"3ae9a0f8-9558-355c-78b2-cfbd598b7692":{"index":15,"values":["427","4.27e-07"]},"5fc0f836-3b2b-ca5d-14aa-5994c2577793":{"index":16,"values":["603","6.03e-07"]},"a9200fd2-8b72-0fca-1564-871d3358c844":{"index":17,"values":["824","8.24e-07"]},"1f1d2b34-8afb-31b6-a491-63cf5967978c":{"index":18,"values":["378","3.78e-07"]},"a096e254-e72a-8c31-a816-a51a6eba8c77":{"index":19,"values":["483","4.83e-07"]},"ad78792f-74c6-7b5e-691f-cef1117f7971":{"index":20,"values":["388","3.88e-07"]},"a0fb3a45-5cbd-1da2-7c17-14cea206e728":{"index":21,"values":["690","6.9e-07"]},"61f8adc7-962d-c3ae-46fe-24287e46d8c9":{"index":22,"values":["340","3.4e-07"]},"fadad8c8-1180-a73f-8f39-bf87eb4a73e2":{"index":23,"values":["654","6.54e-07"]},"0d35f6ed-55c0-d1a4-15f7-35ebb386f8d4":{"index":24,"values":["647","6.47e-07"]},"aae25f82-0651-d890-1850-50b6000e7ef2":{"index":25,"values":["861","8.61e-07"]},"6437555f-7ec3-ec9b-1162-0caa1f64531e":{"index":26,"values":["611","6.11e-07"]},"fe07cd56-44e2-6256-0853-a03fcc2a4e00":{"index":27,"values":["641","6.41e-07"]},"81f5cd4f-e448-0cff-d115-365980e33d26":{"index":28,"values":["572","5.72e-07"]},"6e862a0f-89e7-8636-40f5-2f5268bf2c6a":{"index":29,"values":["487","4.87e-07"]}}}}