{"definition":{"widgets":[{"reference":"4635840b-c6f2-bc8f-ba29-685bae987dda"}],"template":"dynamic"},"questions":[{"type":"clozetext","reference":"4635840b-c6f2-bc8f-ba29-685bae987dda"}],"features":[],"tags":{"Migration status":["Not started"],"Import status":["Incomplete"],"Moodle question type":["shortanswerwiris"],"Moodle flag":["Used in a quiz explicitely","Duplicate, already included in a bundled item and not a random variant"],"category":["top/Default for CHEM 360 Master Course"]},"reference":"7898ace9-bbed-ac5b-2598-7a137e32a419","status":"published","title":"Q3Q3 (INCOMPLETE)","note":"","source":"https://quizzeslti.wiris.net/njit.edu/question/question.php?id=319606&courseid=200","dynamic_content_data":[]}