{"definition":{"widgets":[{"reference":"617b2a22-9b28-6b69-6df8-49acd9115d17"}],"template":"dynamic"},"questions":[{"type":"longtextV2","reference":"617b2a22-9b28-6b69-6df8-49acd9115d17"}],"features":[],"tags":{"Migration status":["Not started"],"Import status":["Complete"],"Moodle question type":["essaywiris"],"Moodle flag":["Used in a quiz explicitely","Duplicate, already included in a bundled item and not a random variant"],"category":["top/Default for CHEM 360 Master Course"]},"reference":"791f47e6-9386-137c-bac4-e2d9cdd66bd9","status":"published","title":"Chemical reactions","note":"","source":"https://quizzeslti.wiris.net/njit.edu/question/question.php?id=319460&courseid=200","dynamic_content_data":[]}