{"definition":{"widgets":[{"reference":"31eb1478-f8c8-9aa3-5150-5eca36f4d3c9"}],"template":"dynamic"},"questions":[{"type":"formulaV2","reference":"31eb1478-f8c8-9aa3-5150-5eca36f4d3c9"}],"features":[],"tags":{"Migration status":["Not started"],"Import status":["Complete"],"Moodle question type":["calculated"],"Moodle flag":["Used in a quiz explicitely","Duplicate, already included in a bundled item and not a random variant"],"category":["top/BH 3 Periodic Table"]},"reference":"7999aab3-d6e1-da2e-2936-85c6b023dfbe","status":"published","title":"PT 1d basic mole defined","note":"","source":"https://quizzeslti.wiris.net/njit.edu/question/question.php?id=319727&courseid=200","dynamic_content_data":{"cols":["x","ans0"],"rows":{"c5cda31c-8bdf-4028-afdd-8baa2639646c":{"index":0,"values":["2","1.5282392e-22"]},"528f24ee-9aed-facf-385f-03e74ba7c5f2":{"index":1,"values":["16","1.2225914e-21"]},"5b77b046-137d-700a-edca-e71dae644b32":{"index":2,"values":["33","2.5215947e-21"]},"d3d15606-5b8a-301b-d53a-906047fbe710":{"index":3,"values":["18","1.3754153e-21"]},"a0e834f9-5c7b-5235-2569-485a98e1d994":{"index":4,"values":["41","3.1328904e-21"]},"86fdec82-ba24-7f1b-da3f-62005a581a33":{"index":5,"values":["45","3.4385382e-21"]},"03ca35b0-2e05-1b49-e4db-244703b680a4":{"index":6,"values":["31","2.3687708e-21"]},"33087136-0d69-5299-0a63-9b3f8341f15b":{"index":7,"values":["43","3.2857143e-21"]},"f7ba49a0-9ba1-18cb-f00b-972f919c34ce":{"index":8,"values":["29","2.2159468e-21"]},"cdbd618a-be44-7fdd-f9e1-f44e14772c21":{"index":9,"values":["22","1.6810631e-21"]},"cbf55050-61a5-b54f-0c93-5ead53b533aa":{"index":10,"values":["10","7.641196e-22"]},"db9878e7-13f8-b31e-fe7e-7d69c009cbbd":{"index":11,"values":["47","3.5913621e-21"]},"8f001034-1166-5406-cf38-6268bc5372a6":{"index":12,"values":["16","1.2225914e-21"]},"a7d4e16e-c6fd-b2d8-6b38-b2cd9ef50526":{"index":13,"values":["8","6.1129568e-22"]},"0320fa79-e79d-5d48-285f-f18cc8d54762":{"index":14,"values":["30","2.2923588e-21"]},"365e89ed-f2f5-0fb5-fcae-726daa9cd3c0":{"index":15,"values":["9","6.8770764e-22"]},"a17fe3b1-dde8-cc01-2d5b-d24b3bd8c962":{"index":16,"values":["17","1.2990033e-21"]},"91379184-b525-c854-6d48-8ae8cf544d86":{"index":17,"values":["40","3.0564784e-21"]},"a338c10d-09ed-029f-b5a5-154664eed55c":{"index":18,"values":["44","3.3621262e-21"]},"097367e1-df45-eda2-9970-7b4624504da0":{"index":19,"values":["5","3.820598e-22"]},"3e6a1d70-ff29-b05a-6f9a-2176d4c20a56":{"index":20,"values":["2","1.5282392e-22"]},"a5c8ee11-32d9-5817-a169-889eb5152fd0":{"index":21,"values":["45","3.4385382e-21"]},"c49343f2-5b7f-b50e-b6ec-d409045ecf86":{"index":22,"values":["31","2.3687708e-21"]},"4a41157f-cd5c-0c0f-0b81-6d8f34fab166":{"index":23,"values":["41","3.1328904e-21"]},"99582cb3-7f7a-dca5-015b-571cccc074d4":{"index":24,"values":["50","3.820598e-21"]},"25e0cf39-60f8-59a7-fff8-70afc1678afd":{"index":25,"values":["2","1.5282392e-22"]},"9297196c-3907-4040-33b8-8663541bb9d4":{"index":26,"values":["38","2.9036545e-21"]},"d3a38aff-2fbb-2ecc-9ada-424fee441686":{"index":27,"values":["31","2.3687708e-21"]},"1cf6a54a-2041-76e7-dc03-375e78b1f974":{"index":28,"values":["30","2.2923588e-21"]},"3ca6ba5e-b4d3-d9a6-0544-75b096e4bf71":{"index":29,"values":["30","2.2923588e-21"]}}}}