{"definition":{"widgets":[{"reference":"bcc334f4-13eb-55df-2211-d3f4ca4dbd59"}],"template":"dynamic"},"questions":[{"type":"clozetext","reference":"bcc334f4-13eb-55df-2211-d3f4ca4dbd59"}],"features":[],"tags":{"Migration status":["Not started"],"Import status":["Incomplete"],"Moodle question type":["multianswerwiris"],"Moodle flag":["Used in a quiz explicitely","Duplicate, already included in a bundled item and not a random variant"],"category":["top/Default for CHEM 360 Master Course"]},"reference":"79fca91e-e221-468a-d325-ced588406376","status":"published","title":"EX1Q2 (INCOMPLETE)","note":"","source":"https://quizzeslti.wiris.net/njit.edu/question/question.php?id=319560&courseid=200","dynamic_content_data":[]}