{"definition":{"widgets":[{"reference":"7b9c4c4b-6015-115b-de98-195b43d9b735"}],"template":"dynamic"},"questions":[{"type":"mcq","reference":"7b9c4c4b-6015-115b-de98-195b43d9b735"}],"features":[],"tags":{"Migration status":["Not started"],"Import status":["Complete"],"Moodle question type":["truefalsewiris"],"Moodle flag":["Used in a quiz explicitely","Duplicate, already included in a bundled item and not a random variant"],"category":["top/Default for CHEM 360 Master Course"]},"reference":"7a2f5cb1-ae9b-505f-55af-111db91a63bc","status":"published","title":"EX2Q0","note":"","source":"https://quizzeslti.wiris.net/njit.edu/question/question.php?id=319675&courseid=200","dynamic_content_data":[]}