{"definition":{"widgets":[{"reference":"61f085fa-9db6-61c2-6464-2218baf07cbc"}],"template":"dynamic"},"questions":[{"type":"mcq","reference":"61f085fa-9db6-61c2-6464-2218baf07cbc"}],"features":[],"tags":{"Migration status":["Not started"],"Import status":["Complete"],"Moodle question type":["multichoicewiris"],"Moodle flag":["Not used in any quiz"],"category":["top/Default for CHEM 360 Master Course"]},"reference":"7a673a07-0055-9f04-0db3-c59745efbd8a","status":"published","title":"Q3Q4","note":"","source":"https://quizzeslti.wiris.net/njit.edu/question/question.php?id=319614&courseid=200","dynamic_content_data":[]}