{"definition":{"widgets":[{"reference":"ff58b27c-7fac-f91a-9c14-505980d93b2f"}],"template":"dynamic"},"questions":[{"type":"formulaV2","reference":"ff58b27c-7fac-f91a-9c14-505980d93b2f"}],"features":[],"tags":{"Migration status":["Not started"],"Import status":["Complete"],"Moodle question type":["calculated"],"Moodle flag":["Not used in any quiz"],"category":["top/BH 4 Molarity"]},"reference":"7a9d3f9f-e5a6-db13-051b-0e94962074f2","status":"published","title":"Molarity definition 1","note":"","source":"https://quizzeslti.wiris.net/njit.edu/question/question.php?id=319765&courseid=200","dynamic_content_data":{"cols":["x","y","ans0"],"rows":{"9ccc92d2-e76a-90f9-3db2-d182349bccfc":{"index":0,"values":["0.20","2","0.1"]},"e267a66c-208f-b206-40c2-fbcf5578ea3f":{"index":1,"values":["0.41","3","0.13666667"]},"4022f0ac-fe41-a0b0-8c95-bc9d8ea1363f":{"index":2,"values":["0.77","2","0.385"]},"891219ac-1bef-cc12-bb5f-ed3e6fba3f0c":{"index":3,"values":["0.55","2","0.275"]},"da1e947a-05b6-21fe-47e2-e603d59fc0b7":{"index":4,"values":["0.25","3","0.083333333"]},"352cb33c-c204-7234-a05b-a65fad29a588":{"index":5,"values":["0.54","2","0.27"]},"e36cccd6-5736-6662-4206-37fb659e71e7":{"index":6,"values":["0.66","2","0.33"]},"042b1e30-5ff1-005e-a318-ef55d0ff3ca1":{"index":7,"values":["0.64","4","0.16"]},"81ef64b1-bc1f-540e-b32b-13f06e8d8c84":{"index":8,"values":["0.79","3","0.26333333"]},"413aea86-1847-e49e-f4e4-32df076770ce":{"index":9,"values":["0.41","3","0.13666667"]},"37b6174c-3740-b0a9-91cb-d48e67b7a0e4":{"index":10,"values":["0.31","3","0.10333333"]},"d27b6963-8c42-4b5d-5756-0a2918d4e59b":{"index":11,"values":["0.32","3","0.10666667"]},"d72459e3-f226-da8c-16ef-18ea560c7a68":{"index":12,"values":["0.43","3","0.14333333"]},"40c6993d-9871-41d6-a88a-5d6a759af869":{"index":13,"values":["0.50","4","0.125"]},"5385c992-1229-f260-1c29-0b01e534c0d8":{"index":14,"values":["0.71","2","0.355"]},"3f4c489d-b213-10b5-876a-078eb0697962":{"index":15,"values":["0.41","4","0.1025"]},"4b01b89a-6870-276c-b5c0-e67de0a58c56":{"index":16,"values":["0.72","5","0.144"]},"ed6c82c6-1566-8b6f-9c55-be486319f398":{"index":17,"values":["0.41","2","0.205"]},"0099fe2b-5e26-2b2f-4d25-8f993ea4042b":{"index":18,"values":["0.80","3","0.26666667"]},"fef6f0ad-4184-b25c-a8f4-2c4c78f025e1":{"index":19,"values":["0.44","2","0.22"]},"60092725-7664-8c58-ab41-84ddd76090c0":{"index":20,"values":["0.69","3","0.23"]},"b7355b1d-cda9-38a1-521f-c90cd0f85c24":{"index":21,"values":["0.24","3","0.08"]},"34c6a501-ac0e-d371-b798-023cee720dff":{"index":22,"values":["0.52","3","0.17333333"]},"9c250efd-7095-957f-4d00-d932ea3921c1":{"index":23,"values":["0.57","4","0.1425"]},"ff218b77-8b21-4ff9-86bc-353d77414c28":{"index":24,"values":["0.38","2","0.19"]},"85011aa7-8609-c7ec-4f57-40c58c214dc3":{"index":25,"values":["0.75","4","0.1875"]},"fa18573c-bb8e-d712-bf52-da118eafaebf":{"index":26,"values":["0.38","4","0.095"]},"fdaa979c-1a31-14cf-7eb8-21faecff6e2c":{"index":27,"values":["0.51","3","0.17"]},"d6e89123-3683-8133-9051-cfbef7a6a1d7":{"index":28,"values":["0.23","2","0.115"]},"0f6d1740-7a46-8290-4954-62e1cb09115b":{"index":29,"values":["0.30","5","0.06"]},"9fb01292-2c2c-9139-ba57-e4dd27d8bd35":{"index":30,"values":["0.80","5","0.16"]},"bb2456ec-d17f-99c9-a881-4406c379ad78":{"index":31,"values":["0.62","3","0.20666667"]},"45363378-f961-0f6d-7583-f25453008c68":{"index":32,"values":["0.60","3","0.2"]},"2790427a-6411-80ba-f32a-7250319a6768":{"index":33,"values":["0.80","3","0.26666667"]},"0e5de62c-6e2d-d5ea-9ff0-cdf88ffdf390":{"index":34,"values":["0.43","5","0.086"]},"d3f100b7-2cca-ea56-049a-de16f55cf784":{"index":35,"values":["0.54","4","0.135"]},"3329078a-1b12-c681-202a-8d8dbf6ed7f4":{"index":36,"values":["0.41","2","0.205"]},"7c284e2d-b21c-7518-b9ed-203c151ba600":{"index":37,"values":["0.69","3","0.23"]},"34a5bc83-d5f0-e3f2-47d3-eb28b63ce108":{"index":38,"values":["0.78","5","0.156"]},"6bd97f36-81c6-2070-a02c-90e444be23b7":{"index":39,"values":["0.71","4","0.1775"]},"3e8b057f-4e90-8d05-4cab-403e239cda3c":{"index":40,"values":["0.24","3","0.08"]},"0458f508-364c-2198-9502-73f81da1fd12":{"index":41,"values":["0.28","5","0.056"]},"9dc54a95-7122-56be-cb38-e634ec08f7d8":{"index":42,"values":["0.77","4","0.1925"]},"c036c368-569c-0717-c0be-61d6e7ad47cb":{"index":43,"values":["0.54","4","0.135"]},"19ce61f3-98ff-5e22-4374-4d7a6843c54b":{"index":44,"values":["0.77","3","0.25666667"]},"e1f6930b-b58c-265c-e99b-5a28dc6b20e3":{"index":45,"values":["0.21","5","0.042"]},"98009e6c-1024-3b8d-d463-02b2fa1d5ff2":{"index":46,"values":["0.60","5","0.12"]},"3d3c45f0-5272-165f-77ea-2ae5a6994bf2":{"index":47,"values":["0.56","4","0.14"]},"b1ae4eee-fe16-07c7-585e-becde1810c19":{"index":48,"values":["0.37","2","0.185"]},"d306d096-0511-83ad-22e1-a048045f533f":{"index":49,"values":["0.21","5","0.042"]},"844fd43f-7d04-030a-98d1-f0afbf86732c":{"index":50,"values":["0.33","4","0.0825"]},"1e8c45a6-ec70-a983-d53a-bcac7f5d5885":{"index":51,"values":["0.73","4","0.1825"]},"648375ba-708d-4ef9-8204-2bc4699fae2b":{"index":52,"values":["0.56","2","0.28"]},"5273b876-06a4-f6de-57f2-c6051a16615c":{"index":53,"values":["0.63","5","0.126"]},"478909f7-d169-8279-512f-68993cc485bd":{"index":54,"values":["0.27","3","0.09"]},"df721fd4-a06d-deb5-3bb7-09c7304f697f":{"index":55,"values":["0.59","2","0.295"]},"533218b6-ff5d-7e7c-3bb2-319f6feb1b92":{"index":56,"values":["0.62","4","0.155"]},"b1f6e6a2-ae68-d647-c40d-cd54d73ed9ac":{"index":57,"values":["0.49","2","0.245"]},"9ab6fe87-40a4-84ff-b8eb-ec805ef014c6":{"index":58,"values":["0.72","5","0.144"]},"9ecf28fd-4b5e-9e7d-781b-8a4c92371f4e":{"index":59,"values":["0.23","3","0.076666667"]}}}}