{"definition":{"widgets":[{"reference":"c5457532-c906-a29f-03d7-0e04e2497470"}],"template":"dynamic"},"questions":[{"type":"clozetext","reference":"c5457532-c906-a29f-03d7-0e04e2497470"}],"features":[],"tags":{"Migration status":["Not started"],"Import status":["Incomplete"],"Moodle question type":["shortanswerwiris"],"Moodle flag":["Not used in any quiz"],"category":["top/Default for CHEM 360 Master Course"]},"reference":"7ac98eb5-e83e-ae7d-0afc-7be194e25ae8","status":"published","title":"HW1Q8 (INCOMPLETE)","note":"","source":"https://quizzeslti.wiris.net/njit.edu/question/question.php?id=319491&courseid=200","dynamic_content_data":[]}