{"definition":{"widgets":[{"reference":"368a953d-413a-f1dc-e580-f19edd205b62"}],"template":"dynamic"},"questions":[{"type":"formulaV2","reference":"368a953d-413a-f1dc-e580-f19edd205b62"}],"features":[],"tags":{"Migration status":["Not started"],"Import status":["Complete"],"Moodle question type":["calculated"],"Moodle flag":["Not used in any quiz"],"category":["top/BH 3 Balance Equations"]},"reference":"7ad5e0b8-0d32-27c5-06ef-b30f42672a90","status":"published","title":"Balanced equation, yield a","note":"","source":"https://quizzeslti.wiris.net/njit.edu/question/question.php?id=319736&courseid=200","dynamic_content_data":{"cols":["b","a","dd","c","d","ans0"],"rows":{"a32abe2b-a5b5-9be1-73eb-bf7dd9bfdc22":{"index":0,"values":["1.00","0.30","0.05","2","0.20","0.375"]},"b079d971-d600-fdae-8a4e-45b1bcb2b36f":{"index":1,"values":["1.50","0.35","0.01","5","0.24","0.65"]},"b05d9994-effd-462d-504f-f186a61240a0":{"index":2,"values":["1.49","0.32","0.24","2","0.26","1.29"]},"eab75b4f-e5c9-7b52-88b6-db04d0ea1055":{"index":3,"values":["1.14","0.32","0.28","6","0.25","1.04"]},"e22131d3-5721-a715-3a51-09db35b0779b":{"index":4,"values":["1.28","0.40","0.09","7","0.20","0.505"]},"286bbdb4-8d26-87a3-273b-a857f37bff7b":{"index":5,"values":["1.47","0.39","0.28","7","0.25","1.195"]},"dcd97b77-0b1e-7879-fd01-846a9f591c9a":{"index":6,"values":["1.13","0.35","0.06","7","0.29","0.405"]},"a32f3383-d606-e33a-e5bf-fb1d4e83b27a":{"index":7,"values":["1.13","0.38","0.28","3","0.24","0.88"]},"bfee1e1a-0241-d286-cb14-670e7e7cf489":{"index":8,"values":["1.16","0.33","0.12","5","0.25","0.635"]},"20e9e62b-2e31-5405-6e0e-dd0bd9fc46a4":{"index":9,"values":["1.47","0.34","0.16","4","0.29","1.02"]},"f94a2e00-75ab-f7ad-7492-9029a2d04f8d":{"index":10,"values":["1.44","0.37","0.23","6","0.22","1.09"]},"c727b4eb-1b7f-29b0-5b68-6719020e64f7":{"index":11,"values":["1.19","0.32","0.14","8","0.23","0.74"]},"1ef6a32b-953d-310e-6769-99583b2e2687":{"index":12,"values":["1.25","0.35","0.07","3","0.24","0.55"]},"062ff505-951f-d942-cff3-31bb86f1151c":{"index":13,"values":["1.07","0.39","0.13","5","0.27","0.42"]},"0c019053-dc21-6729-1736-d320fb750b5b":{"index":14,"values":["1.13","0.32","0.12","7","0.28","0.63"]},"81ce6c6c-3bed-aaf8-7e35-f3db9e455f56":{"index":15,"values":["1.02","0.34","0.29","4","0.26","0.895"]},"465953de-7337-d55f-86a6-6aab0e701557":{"index":16,"values":["1.39","0.36","0.20","5","0.29","0.99"]},"d7c3813c-82cb-094a-9d9f-5d001a4680aa":{"index":17,"values":["1.42","0.39","0.17","6","0.23","0.87"]},"38079330-5d74-766c-30d8-ced344e93b34":{"index":18,"values":["1.12","0.39","0.25","6","0.28","0.77"]},"96ca05bf-a407-776f-6e75-74f205fd91ca":{"index":19,"values":["1.04","0.39","0.21","9","0.30","0.59"]},"332ec334-daa0-a6ce-8d7a-568d9fbb0e82":{"index":20,"values":["1.25","0.32","0.28","7","0.21","1.15"]},"72a6bd47-f67b-8db6-4cb4-a37a6b92a08f":{"index":21,"values":["1.46","0.31","0.11","8","0.25","0.96"]},"f8899c7e-753c-ecf1-0c69-bad8ec1701a8":{"index":22,"values":["1.14","0.31","0.06","5","0.26","0.515"]},"61003f1b-dc45-28dd-4e6b-eff429065308":{"index":23,"values":["1.40","0.30","0.14","5","0.26","1"]},"5883d43d-ccbc-760f-278d-ef5ebf2c5c7c":{"index":24,"values":["1.28","0.34","0.26","4","0.22","1.08"]},"a65968ea-3344-e011-5391-111333bc0b96":{"index":25,"values":["1.12","0.37","0.18","8","0.29","0.645"]},"eeeb1e3f-b607-20b1-2fe5-a14b06ba9571":{"index":26,"values":["1.45","0.34","0.09","4","0.24","0.825"]},"e6d1f13a-76da-0c2a-a518-d07d16aa546e":{"index":27,"values":["1.45","0.32","0.25","9","0.23","1.275"]},"2ea4760f-f7a2-3e50-05f4-d403042c628b":{"index":28,"values":["1.01","0.33","0.20","8","0.23","0.685"]},"3ec8b9fe-1fb3-e411-ea4d-00999bfa21c0":{"index":29,"values":["1.29","0.35","0.09","2","0.20","0.64"]},"1bf6f9a3-e3cd-2e9e-0638-99a7b2146a49":{"index":30,"values":["1.45","0.38","0.19","6","0.29","0.975"]},"f4d8e09e-12be-6db6-c0d0-40dd514caeba":{"index":31,"values":["1.16","0.37","0.05","3","0.25","0.36"]},"1e8ba0fc-87d7-1a29-732e-2fc730ac36be":{"index":32,"values":["1.09","0.37","0.01","7","0.21","0.19"]},"2c1ff04d-9518-35ce-fe7a-a73b535f9772":{"index":33,"values":["1.19","0.38","0.27","6","0.21","0.915"]},"4ff086a8-b43b-4f6b-f0b5-3792022eeebd":{"index":34,"values":["1.17","0.34","0.13","5","0.30","0.645"]},"4bf6823c-bb2a-b227-0f7d-a52f6458fcba":{"index":35,"values":["1.33","0.38","0.20","4","0.24","0.88"]},"92616b53-c181-9ff2-713c-3c661ca0aa4c":{"index":36,"values":["1.01","0.33","0.16","2","0.26","0.585"]},"aa0614cc-c015-bc93-885d-86db434b9120":{"index":37,"values":["1.38","0.31","0.04","5","0.25","0.705"]},"98a5d41e-1a0c-4f7f-b599-2d840aa1743c":{"index":38,"values":["1.03","0.40","0.12","5","0.30","0.33"]},"709e251a-755c-bd6a-4a9a-db88653bddb7":{"index":39,"values":["1.42","0.40","0.19","7","0.28","0.895"]},"570f9adb-f19d-d8c6-f862-b3783a72e6c1":{"index":40,"values":["1.01","0.30","0.14","5","0.25","0.61"]},"3dcc1b82-1245-2d67-7b84-f0bc5fc1a2b3":{"index":41,"values":["1.22","0.37","0.19","7","0.21","0.77"]},"fa9b1acc-48a4-5826-43ad-69dac76710d1":{"index":42,"values":["1.26","0.34","0.30","2","0.28","1.16"]},"1957d36b-514b-9d5e-cef6-89842749627f":{"index":43,"values":["1.15","0.38","0.13","5","0.21","0.525"]},"14d938da-1191-1dc8-1159-d138521d458c":{"index":44,"values":["1.20","0.32","0.08","5","0.24","0.6"]},"22e491e9-52a5-3421-0a31-06023a25c016":{"index":45,"values":["1.17","0.35","0.19","3","0.27","0.77"]},"97ee132c-b770-7eda-1099-addab5a12958":{"index":46,"values":["1.29","0.38","0.27","3","0.25","1.015"]},"1beaf9b2-095e-718a-0e4d-8b7f747d6156":{"index":47,"values":["1.37","0.31","0.22","3","0.24","1.145"]},"5a50d04c-9ad5-b22a-98e2-7f2f43c7328e":{"index":48,"values":["1.17","0.34","0.06","3","0.23","0.47"]},"54a5b1ee-8780-3c08-2f52-2a8a8b92ed01":{"index":49,"values":["1.37","0.35","0.25","3","0.26","1.12"]},"ac27d195-171c-81e9-52ca-4d35d54bb558":{"index":50,"values":["1.49","0.33","0.14","6","0.26","1.015"]},"443c3a71-42b2-296d-4a8d-7e0a39c45892":{"index":51,"values":["1.22","0.31","0.06","7","0.24","0.595"]},"69437973-b71c-05be-1f3e-d468310ae90a":{"index":52,"values":["1.02","0.32","0.21","3","0.28","0.745"]},"4aa8c86f-075c-f0d8-f8c9-7675fcab986f":{"index":53,"values":["1.40","0.38","0.01","7","0.28","0.475"]},"f6c7e5c4-0992-b10c-ecc4-67849639a70f":{"index":54,"values":["1.09","0.36","0.13","8","0.23","0.515"]},"d71e736f-d6bf-1b9b-ea49-74d3ad9ab02b":{"index":55,"values":["1.31","0.35","0.20","3","0.23","0.935"]},"f0e9d88d-3001-a915-eefb-3fea034a134c":{"index":56,"values":["1.41","0.35","0.22","9","0.21","1.085"]},"b1a1019d-b17a-aaa4-6efb-f96027482cda":{"index":57,"values":["1.09","0.33","0.18","4","0.23","0.715"]},"a36a9f30-a64d-f1b2-b46f-b86b30ba033f":{"index":58,"values":["1.23","0.34","0.15","9","0.20","0.755"]},"64dd1757-e8ef-27ed-77c5-91f103e52a0b":{"index":59,"values":["1.24","0.36","0.16","8","0.25","0.74"]}}}}