{"definition":{"widgets":[{"reference":"b378056d-3362-636c-f0e6-14fbb9cccc05"}],"template":"dynamic"},"questions":[{"type":"longtextV2","reference":"b378056d-3362-636c-f0e6-14fbb9cccc05"}],"features":[],"tags":{"Migration status":["Not started"],"Import status":["Complete"],"Moodle question type":["essaywiris"],"Moodle flag":["Used in a quiz explicitely","Duplicate, already included in a bundled item and not a random variant"],"category":["top/Default for CHEM 360 Master Course"]},"reference":"7afd8381-2e21-3965-73be-ea6f8ba3d9e0","status":"published","title":"EX2Q6","note":"","source":"https://quizzeslti.wiris.net/njit.edu/question/question.php?id=319650&courseid=200","dynamic_content_data":[]}