{"definition":{"widgets":[{"reference":"0f144929-38d6-5d0f-6abb-689fb5720166"}],"template":"dynamic"},"questions":[{"type":"mcq","reference":"0f144929-38d6-5d0f-6abb-689fb5720166"}],"features":[],"tags":{"Migration status":["Not started"],"Import status":["Complete"],"Moodle question type":["multichoice"],"Moodle flag":["Used in a quiz explicitely","Duplicate, already included in a bundled item and not a random variant"],"category":["top/BH 9 Chemical Bonds"]},"reference":"7c4d7345-6c2c-ea70-0138-efd8b9bc4fce","status":"published","title":"CB 2 LS","note":"","source":"https://quizzeslti.wiris.net/njit.edu/question/question.php?id=319793&courseid=200","dynamic_content_data":[]}