{"definition":{"widgets":[{"reference":"53e46cf6-e9a6-d972-7e97-b8020a07555e"},{"reference":"7c708c07-230a-5cb1-7840-a0b44dd36bc4"},{"reference":"cf874fc9-a2ee-7a7b-0f73-3bf1416ea782"},{"reference":"8be3d14e-b87c-8114-bad1-cba9fe229bf5"},{"reference":"d6e338c2-27af-1c9c-4f5a-6fd2047c3f9c"},{"reference":"fdd12d04-aad1-46bf-df81-61302ca99661"},{"reference":"597d6a84-8d8e-0c38-aab6-2f56383e3efc"},{"reference":"39ed8035-89ba-2a67-8534-1f9cfb97fa17"},{"reference":"858ab200-5a57-0cab-5a74-300739fe2c19"},{"reference":"c18af368-fbe7-fee8-8a25-69d2eb1f8e68"},{"reference":"edd65735-1c87-4be3-c291-e53809937d73"},{"reference":"338a0518-a252-80f3-82f5-9ec53be0bb90"},{"reference":"c29611ac-642b-1c94-c73f-35968edd9fad"},{"reference":"cea488fc-d4dd-a102-10a6-e85b9e7262fc"},{"reference":"5fa20858-b59a-418f-7e08-26322153dddb"},{"reference":"6c3087a1-a1cf-904e-9d64-144afbbc4569"},{"reference":"584ae649-04db-dd2e-f77f-40012cf1ddc1"},{"reference":"e9845efa-9a7b-1a8b-3efa-c8df01ce048d"},{"reference":"aaa30b38-9fab-0dae-e80c-bf145524d055"},{"reference":"2d22cffc-2277-daa0-1604-04136081f861"},{"reference":"470fed4d-980f-c69e-c6e1-e4acbbec477d"}],"template":"dynamic"},"questions":[{"type":"mcq","reference":"53e46cf6-e9a6-d972-7e97-b8020a07555e"},{"type":"longtextV2","reference":"7c708c07-230a-5cb1-7840-a0b44dd36bc4"},{"type":"clozetext","reference":"cf874fc9-a2ee-7a7b-0f73-3bf1416ea782"},{"type":"mcq","reference":"8be3d14e-b87c-8114-bad1-cba9fe229bf5"},{"type":"mcq","reference":"d6e338c2-27af-1c9c-4f5a-6fd2047c3f9c"},{"type":"mcq","reference":"fdd12d04-aad1-46bf-df81-61302ca99661"},{"type":"mcq","reference":"597d6a84-8d8e-0c38-aab6-2f56383e3efc"},{"type":"clozetext","reference":"39ed8035-89ba-2a67-8534-1f9cfb97fa17"},{"type":"clozetext","reference":"858ab200-5a57-0cab-5a74-300739fe2c19"},{"type":"clozetext","reference":"c18af368-fbe7-fee8-8a25-69d2eb1f8e68"},{"type":"clozetext","reference":"edd65735-1c87-4be3-c291-e53809937d73"},{"type":"association","reference":"338a0518-a252-80f3-82f5-9ec53be0bb90"},{"type":"association","reference":"c29611ac-642b-1c94-c73f-35968edd9fad"},{"type":"mcq","reference":"cea488fc-d4dd-a102-10a6-e85b9e7262fc"},{"type":"clozetext","reference":"5fa20858-b59a-418f-7e08-26322153dddb"},{"type":"mcq","reference":"6c3087a1-a1cf-904e-9d64-144afbbc4569"},{"type":"association","reference":"584ae649-04db-dd2e-f77f-40012cf1ddc1"},{"type":"clozetext","reference":"e9845efa-9a7b-1a8b-3efa-c8df01ce048d"},{"type":"association","reference":"aaa30b38-9fab-0dae-e80c-bf145524d055"},{"type":"clozetext","reference":"2d22cffc-2277-daa0-1604-04136081f861"},{"type":"clozetext","reference":"470fed4d-980f-c69e-c6e1-e4acbbec477d"}],"features":[],"tags":{"Migration status":["Not started"],"Import status":["Incomplete"],"Moodle question type":["quizpage","truefalsewiris","essaywiris","shortanswerwiris","multichoicewiris","matchwiris","multianswerwiris"],"Moodle flag":["Used in a quiz explicitely"],"category":["Final exam"]},"reference":"7eff59ac-2f9b-a1f8-2159-2ddba6c29163","status":"published","title":"Final exam - page 1","note":"","source":"https://quizzeslti.wiris.net/njit.edu/question/question.php?id=319675&courseid=200,https://quizzeslti.wiris.net/njit.edu/question/question.php?id=319650&courseid=200,https://quizzeslti.wiris.net/njit.edu/question/question.php?id=319645&courseid=200,https://quizzeslti.wiris.net/njit.edu/question/question.php?id=319646&courseid=200,https://quizzeslti.wiris.net/njit.edu/question/question.php?id=319647&courseid=200,https://quizzeslti.wiris.net/njit.edu/question/question.php?id=319648&courseid=200,https://quizzeslti.wiris.net/njit.edu/question/question.php?id=319649&courseid=200,https://quizzeslti.wiris.net/njit.edu/question/question.php?id=356436&courseid=200,https://quizzeslti.wiris.net/njit.edu/question/question.php?id=356437&courseid=200,https://quizzeslti.wiris.net/njit.edu/question/question.php?id=356438&courseid=200,https://quizzeslti.wiris.net/njit.edu/question/question.php?id=319654&courseid=200,https://quizzeslti.wiris.net/njit.edu/question/question.php?id=356439&courseid=200,https://quizzeslti.wiris.net/njit.edu/question/question.php?id=319656&courseid=200,https://quizzeslti.wiris.net/njit.edu/question/question.php?id=319657&courseid=200,https://quizzeslti.wiris.net/njit.edu/question/question.php?id=319658&courseid=200,https://quizzeslti.wiris.net/njit.edu/question/question.php?id=319528&courseid=200,https://quizzeslti.wiris.net/njit.edu/question/question.php?id=319664&courseid=200,https://quizzeslti.wiris.net/njit.edu/question/question.php?id=319665&courseid=200,https://quizzeslti.wiris.net/njit.edu/question/question.php?id=356440&courseid=200,https://quizzeslti.wiris.net/njit.edu/question/question.php?id=319667&courseid=200,https://quizzeslti.wiris.net/njit.edu/question/question.php?id=319668&courseid=200","dynamic_content_data":""}