{"definition":{"widgets":[{"reference":"872b23ee-7594-bcc3-8fe6-43e59526529e"}],"template":"dynamic"},"questions":[{"type":"longtextV2","reference":"872b23ee-7594-bcc3-8fe6-43e59526529e"}],"features":[],"tags":{"Migration status":["Not started"],"Import status":["Complete"],"Moodle question type":["essaywiris"],"Moodle flag":["Used in a quiz explicitely","Duplicate, already included in a bundled item and not a random variant"],"category":["top/Default for CHEM 360 Master Course"]},"reference":"81d404d4-797e-a78b-1c5c-2036fe838988","status":"published","title":"Molecular structures","note":"","source":"https://quizzeslti.wiris.net/njit.edu/question/question.php?id=319459&courseid=200","dynamic_content_data":[]}