{"definition":{"widgets":[{"reference":"b9de86ec-b49f-2532-dfab-69820cbccd7e"}],"template":"dynamic"},"questions":[{"type":"mcq","reference":"b9de86ec-b49f-2532-dfab-69820cbccd7e"}],"features":[],"tags":{"Migration status":["Not started"],"Import status":["Complete"],"Moodle question type":["multichoicewiris"],"Moodle flag":["Not used in any quiz"],"category":["top/Default for CHEM 360 Master Course"]},"reference":"82809fd4-4a1b-5575-74cd-9a16d4a87a7e","status":"published","title":"Q3Q4","note":"","source":"https://quizzeslti.wiris.net/njit.edu/question/question.php?id=319616&courseid=200","dynamic_content_data":[]}