{"definition":{"widgets":[{"reference":"cadb6fa0-1b0c-6c42-613c-1dd4eaa53dc8"}],"template":"dynamic"},"questions":[{"type":"clozetext","reference":"cadb6fa0-1b0c-6c42-613c-1dd4eaa53dc8"}],"features":[],"tags":{"Migration status":["Not started"],"Import status":["Incomplete"],"Moodle question type":["quizpage","shortanswerwiris"],"Moodle flag":["Used in a quiz explicitely"],"category":["Sep 29 Calculate the atmospheric pressure at a higher altitude"]},"reference":"83544b77-f39b-9515-479a-67ff1bcac2fb","status":"published","title":"Sep 29 Calculate the atmospheric pressure at a higher altitude - page 1","note":"","source":"https://quizzeslti.wiris.net/njit.edu/question/question.php?id=319684&courseid=200","dynamic_content_data":""}