{"definition":{"widgets":[{"reference":"de027249-d206-22f8-8283-8f8053e12c11"}],"template":"dynamic"},"questions":[{"type":"clozetext","reference":"de027249-d206-22f8-8283-8f8053e12c11"}],"features":[],"tags":{"Migration status":["Not started"],"Import status":["Incomplete"],"Moodle question type":["shortanswerwiris"],"Moodle flag":["Used in a quiz explicitely","Duplicate, already included in a bundled item and not a random variant"],"category":["top/Default for CHEM 360 Master Course"]},"reference":"8357e44f-f62f-38b2-0142-0b92b614b5c6","status":"published","title":"Sep 27 (INCOMPLETE)","note":"","source":"https://quizzeslti.wiris.net/njit.edu/question/question.php?id=319682&courseid=200","dynamic_content_data":[]}