{"definition":{"widgets":[{"reference":"624af7a6-2fde-3318-12dc-bec11ab680c3"}],"template":"dynamic"},"questions":[{"type":"clozetext","reference":"624af7a6-2fde-3318-12dc-bec11ab680c3"}],"features":[],"tags":{"Migration status":["Not started"],"Import status":["Incomplete"],"Moodle question type":["shortanswerwiris"],"Moodle flag":["Not used in any quiz"],"category":["top/Default for CHEM 360 Master Course"]},"reference":"83d4741d-ff25-109c-8800-dbe0db17ac18","status":"published","title":"HW2Q5 (INCOMPLETE)","note":"","source":"https://quizzeslti.wiris.net/njit.edu/question/question.php?id=319511&courseid=200","dynamic_content_data":[]}