{"definition":{"widgets":[{"reference":"4a0cfc68-37b5-8258-200a-096037c24a4f"}],"template":"dynamic"},"questions":[{"type":"clozetext","reference":"4a0cfc68-37b5-8258-200a-096037c24a4f"}],"features":[],"tags":{"Migration status":["Not started"],"Import status":["Incomplete"],"Moodle question type":["quizpage","matchwiris"],"Moodle flag":["Used in a quiz explicitely"],"category":["Nov 30 (ozone depleting chemicals)"]},"reference":"83ee85a4-325a-2942-bf30-6dc8575d85cd","status":"published","title":"Nov 30 (ozone depleting chemicals) - page 1","note":"","source":"https://quizzeslti.wiris.net/njit.edu/question/question.php?id=319706&courseid=200","dynamic_content_data":""}