{"definition":{"widgets":[{"reference":"44a38981-717e-8ec2-eed5-3257d597f3d8"}],"template":"dynamic"},"questions":[{"type":"clozetext","reference":"44a38981-717e-8ec2-eed5-3257d597f3d8"}],"features":[],"tags":{"Migration status":["Not started"],"Import status":["Incomplete"],"Moodle question type":["shortanswerwiris"],"Moodle flag":["Used in a quiz explicitely","Duplicate, already included in a bundled item and not a random variant"],"category":["top/Default for CHEM 360 Master Course"]},"reference":"846479e1-b460-9e24-dfe8-d9cf039b503d","status":"published","title":"Q6 (units) (INCOMPLETE)","note":"","source":"https://quizzeslti.wiris.net/njit.edu/question/question.php?id=319474&courseid=200","dynamic_content_data":[]}