{"definition":{"widgets":[{"reference":"9e1a19b4-40b6-7e4b-83ff-1e983f80f819"}],"template":"dynamic"},"questions":[{"type":"mcq","reference":"9e1a19b4-40b6-7e4b-83ff-1e983f80f819"}],"features":[],"tags":{"Migration status":["Not started"],"Import status":["Complete"],"Moodle question type":["multichoicewiris"],"Moodle flag":["Used in a quiz explicitely","Duplicate, already included in a bundled item and not a random variant"],"category":["top/Default for CHEM 360 Master Course"]},"reference":"85114438-078d-f4fc-9c73-19fa4df8e36d","status":"published","title":"HW8Q3","note":"","source":"https://quizzeslti.wiris.net/njit.edu/question/question.php?id=319637&courseid=200","dynamic_content_data":[]}