{"definition":{"widgets":[{"reference":"df36231a-bbb1-75f3-b22c-4c535d9b458b"}],"template":"dynamic"},"questions":[{"type":"shorttext","reference":"df36231a-bbb1-75f3-b22c-4c535d9b458b"}],"features":[],"tags":{"Migration status":["Not started"],"Import status":["Complete"],"Moodle question type":["shortanswer"],"Moodle flag":["Not used in any quiz"],"category":["top/BH 3 Basics"]},"reference":"861f3e6b-0e27-00b3-bb9c-1ad81dcf6aea","status":"published","title":"Empirical formula from % mass","note":"","source":"https://quizzeslti.wiris.net/njit.edu/question/question.php?id=319724&courseid=200","dynamic_content_data":[]}