{"definition":{"widgets":[{"reference":"954d6b19-7144-4253-ccab-835712a47d24"}],"template":"dynamic"},"questions":[{"type":"clozetext","reference":"954d6b19-7144-4253-ccab-835712a47d24"}],"features":[],"tags":{"Migration status":["Not started"],"Import status":["Incomplete"],"Moodle question type":["shortanswerwiris"],"Moodle flag":["Used in a quiz explicitely","Duplicate, already included in a bundled item and not a random variant"],"category":["top/Default for CHEM 360 Master Course"]},"reference":"8668406f-4e58-c112-5203-d7586df2788b","status":"published","title":"Question 2 (INCOMPLETE)","note":"","source":"https://quizzeslti.wiris.net/njit.edu/question/question.php?id=319463&courseid=200","dynamic_content_data":[]}