{"definition":{"widgets":[{"reference":"30afdfe9-916f-6e35-d33b-42c9da382d4b"}],"template":"dynamic"},"questions":[{"type":"clozetext","reference":"30afdfe9-916f-6e35-d33b-42c9da382d4b"}],"features":[],"tags":{"Migration status":["Not started"],"Import status":["Incomplete"],"Moodle question type":["multianswerwiris"],"Moodle flag":["Used in a quiz explicitely","Duplicate, already included in a bundled item and not a random variant"],"category":["top/Default for CHEM 360 Master Course"]},"reference":"86f8939c-6dcb-fede-5f63-c69f83341eb3","status":"published","title":"HW1Q11 (INCOMPLETE)","note":"","source":"https://quizzeslti.wiris.net/njit.edu/question/question.php?id=319497&courseid=200","dynamic_content_data":[]}