{"definition":{"widgets":[{"reference":"76f586ab-c413-f65e-c550-7fb447060cfd"}],"template":"dynamic"},"questions":[{"type":"clozetext","reference":"76f586ab-c413-f65e-c550-7fb447060cfd"}],"features":[],"tags":{"Migration status":["Not started"],"Import status":["Incomplete"],"Moodle question type":["shortanswerwiris"],"Moodle flag":["Used in a quiz explicitely","Duplicate, already included in a bundled item and not a random variant"],"category":["top/Default for CHEM 360 Master Course"]},"reference":"87987f7a-04c8-f188-a558-c743d55cce64","status":"published","title":"HW6Q1 (INCOMPLETE)","note":"","source":"https://quizzeslti.wiris.net/njit.edu/question/question.php?id=319596&courseid=200","dynamic_content_data":[]}