{"definition":{"widgets":[{"reference":"8b6a013b-0c99-5b0a-8bef-e4754e83267c"}],"template":"dynamic"},"questions":[{"type":"shorttext","reference":"8b6a013b-0c99-5b0a-8bef-e4754e83267c"}],"features":[],"tags":{"Migration status":["Not started"],"Import status":["Complete"],"Moodle question type":["shortanswer"],"Moodle flag":["Not used in any quiz"],"category":["top/BH 9 Chemical Bonds"]},"reference":"88466714-7ff6-1d60-8ea8-abd633878651","status":"published","title":"steric number","note":"","source":"https://quizzeslti.wiris.net/njit.edu/question/question.php?id=319814&courseid=200","dynamic_content_data":[]}