{"definition":{"widgets":[{"reference":"e01a87c5-c9c2-5502-f4ca-1ee509540368"}],"template":"dynamic"},"questions":[{"type":"clozetext","reference":"e01a87c5-c9c2-5502-f4ca-1ee509540368"}],"features":[],"tags":{"Migration status":["Not started"],"Import status":["Incomplete"],"Moodle question type":["quizpage","shortanswerwiris"],"Moodle flag":["Used in a quiz explicitely"],"category":["Pre-class for Sep 20"]},"reference":"891d880c-c2ec-e001-ceb0-d7a469e04ebc","status":"published","title":"Pre-class for Sep 20 - page 1","note":"","source":"https://quizzeslti.wiris.net/njit.edu/question/question.php?id=319678&courseid=200","dynamic_content_data":""}