{"definition":{"widgets":[{"reference":"9b3c17c1-35b7-0e97-24b2-4503ee0b9499"}],"template":"dynamic"},"questions":[{"type":"clozetext","reference":"9b3c17c1-35b7-0e97-24b2-4503ee0b9499"}],"features":[],"tags":{"Migration status":["Not started"],"Import status":["Incomplete"],"Moodle question type":["shortanswerwiris"],"Moodle flag":["Not used in any quiz"],"category":["top/Default for CHEM 360 Master Course"]},"reference":"893dd140-4a43-62e1-bb0b-ba0179cd1f5c","status":"published","title":"HW1Q8 (INCOMPLETE)","note":"","source":"https://quizzeslti.wiris.net/njit.edu/question/question.php?id=319486&courseid=200","dynamic_content_data":[]}