{"definition":{"widgets":[{"reference":"6622cada-32f7-2592-d9fd-21412d609874"}],"template":"dynamic"},"questions":[{"type":"association","reference":"6622cada-32f7-2592-d9fd-21412d609874"}],"features":[],"tags":{"Migration status":["Not started"],"Import status":["Complete"],"Moodle question type":["matchwiris"],"Moodle flag":["Used in a quiz explicitely","Duplicate, already included in a bundled item and not a random variant"],"category":["top/Default for CHEM 360 Master Course"]},"reference":"898bd300-0ba9-22b0-df96-58e00340e69b","status":"published","title":"Q2Q2","note":"","source":"https://quizzeslti.wiris.net/njit.edu/question/question.php?id=319549&courseid=200","dynamic_content_data":[]}