{"definition":{"widgets":[{"reference":"30112ee4-b1e0-dbd0-a760-b4610f801e91"}],"template":"dynamic"},"questions":[{"type":"mcq","reference":"30112ee4-b1e0-dbd0-a760-b4610f801e91"}],"features":[],"tags":{"Migration status":["Not started"],"Import status":["Complete"],"Moodle question type":["multichoicewiris"],"Moodle flag":["Used in a quiz explicitely","Duplicate, already included in a bundled item and not a random variant"],"category":["top/Default for CHEM 360 Master Course"]},"reference":"89bc429c-70df-e041-b3bf-7f85436ec6ce","status":"published","title":"HW4Q8","note":"","source":"https://quizzeslti.wiris.net/njit.edu/question/question.php?id=319546&courseid=200","dynamic_content_data":[]}