{"definition":{"widgets":[{"reference":"d4499592-5cf6-dcd9-1e8e-71aa4a6dfdf8"}],"template":"dynamic"},"questions":[{"type":"mcq","reference":"d4499592-5cf6-dcd9-1e8e-71aa4a6dfdf8"}],"features":[],"tags":{"Migration status":["Not started"],"Import status":["Complete"],"Moodle question type":["multichoicewiris"],"Moodle flag":["Not used in any quiz"],"category":["top/Default for CHEM 360 Master Course"]},"reference":"8a2b2347-34ea-0b95-f3c2-9ef02a6608e5","status":"published","title":"Q3Q5","note":"","source":"https://quizzeslti.wiris.net/njit.edu/question/question.php?id=319623&courseid=200","dynamic_content_data":[]}