{"definition":{"widgets":[{"reference":"7f11108c-49e4-3999-d59b-9617ca9079d5"}],"template":"dynamic"},"questions":[{"type":"mcq","reference":"7f11108c-49e4-3999-d59b-9617ca9079d5"}],"features":[],"tags":{"Migration status":["Not started"],"Import status":["Complete"],"Moodle question type":["multichoicewiris"],"Moodle flag":["Not used in any quiz"],"category":["top/Default for CHEM 360 Master Course"]},"reference":"8b9744c8-237c-0965-1315-18231156232b","status":"published","title":"HW2Q5","note":"","source":"https://quizzeslti.wiris.net/njit.edu/question/question.php?id=319513&courseid=200","dynamic_content_data":[]}