{"definition":{"widgets":[{"reference":"af1bfac5-8697-71d5-7179-516d6f2c0578"}],"template":"dynamic"},"questions":[{"type":"association","reference":"af1bfac5-8697-71d5-7179-516d6f2c0578"}],"features":[],"tags":{"Migration status":["Not started"],"Import status":["Complete"],"Moodle question type":["matchwiris"],"Moodle flag":["Used in a quiz explicitely","Duplicate, already included in a bundled item and not a random variant"],"category":["top/Default for CHEM 360 Master Course"]},"reference":"8bd251cc-0a2b-1940-207d-721969556ca8","status":"published","title":"HW3Q7","note":"","source":"https://quizzeslti.wiris.net/njit.edu/question/question.php?id=319536&courseid=200","dynamic_content_data":[]}