{"definition":{"widgets":[{"reference":"48210f3c-1beb-229b-4dad-006d64487dc1"}],"template":"dynamic"},"questions":[{"type":"clozetext","reference":"48210f3c-1beb-229b-4dad-006d64487dc1"}],"features":[],"tags":{"Migration status":["Not started"],"Import status":["Incomplete"],"Moodle question type":["shortanswerwiris"],"Moodle flag":["Not used in any quiz"],"category":["top/Default for CHEM 360 Master Course"]},"reference":"8be8687e-4493-b4fd-d92e-240acec7d899","status":"published","title":"HW1Q9 (INCOMPLETE)","note":"","source":"https://quizzeslti.wiris.net/njit.edu/question/question.php?id=319494&courseid=200","dynamic_content_data":[]}