{"definition":{"widgets":[{"reference":"91f4ddce-c6c3-8540-ac95-cb3293b069a8"}],"template":"dynamic"},"questions":[{"type":"clozetext","reference":"91f4ddce-c6c3-8540-ac95-cb3293b069a8"}],"features":[],"tags":{"Migration status":["Not started"],"Import status":["Incomplete"],"Moodle question type":["matchwiris"],"Moodle flag":["Used in a quiz explicitely","Duplicate, already included in a bundled item and not a random variant"],"category":["top/Default for CHEM 360 Master Course"]},"reference":"8c294522-ab0f-2606-75d3-b8d95042e0e7","status":"published","title":"Q4Q1 (INCOMPLETE)","note":"","source":"https://quizzeslti.wiris.net/njit.edu/question/question.php?id=319630&courseid=200","dynamic_content_data":[]}