{"definition":{"widgets":[{"reference":"424be1e6-54cc-d18c-f57d-4664fd8a07a9"}],"template":"dynamic"},"questions":[{"type":"clozetext","reference":"424be1e6-54cc-d18c-f57d-4664fd8a07a9"}],"features":[],"tags":{"Migration status":["Not started"],"Import status":["Incomplete"],"Moodle question type":["shortanswerwiris"],"Moodle flag":["Used in a quiz explicitely","Duplicate, already included in a bundled item and not a random variant"],"category":["top/Default for CHEM 360 Master Course"]},"reference":"8c34fefa-e42f-4286-4fc8-4fb7015dcdf7","status":"published","title":"HW1Q10 (INCOMPLETE)","note":"","source":"https://quizzeslti.wiris.net/njit.edu/question/question.php?id=319495&courseid=200","dynamic_content_data":[]}