{"definition":{"widgets":[{"reference":"3254d4e3-94b9-5c5f-546d-817cf26bbc3a"}],"template":"dynamic"},"questions":[{"type":"mcq","reference":"3254d4e3-94b9-5c5f-546d-817cf26bbc3a"}],"features":[],"tags":{"Migration status":["Not started"],"Import status":["Complete"],"Moodle question type":["multichoicewiris"],"Moodle flag":["Not used in any quiz"],"category":["top/Default for CHEM 360 Master Course"]},"reference":"8c5fc5ad-fe0f-8bf9-d347-85a3b09ae17e","status":"published","title":"EX2Q19","note":"","source":"https://quizzeslti.wiris.net/njit.edu/question/question.php?id=319672&courseid=200","dynamic_content_data":[]}