{"definition":{"widgets":[{"reference":"dfeb0bc1-c1f6-4bd7-8902-befd01da7553"}],"template":"dynamic"},"questions":[{"type":"clozetext","reference":"dfeb0bc1-c1f6-4bd7-8902-befd01da7553"}],"features":[],"tags":{"Migration status":["Not started"],"Import status":["Incomplete"],"Moodle question type":["quizpage","shortanswerwiris"],"Moodle flag":["Used in a quiz explicitely"],"category":["Test wiris"]},"reference":"8db2c433-1128-2321-fd0b-c560c5b89dc1","status":"published","title":"Test wiris - page 1","note":"","source":"https://quizzeslti.wiris.net/njit.edu/question/question.php?id=319694&courseid=200","dynamic_content_data":""}