{"definition":{"widgets":[{"reference":"a3a796c7-d832-a7b3-90be-f48d31d919f6"}],"template":"dynamic"},"questions":[{"type":"clozetext","reference":"a3a796c7-d832-a7b3-90be-f48d31d919f6"}],"features":[],"tags":{"Migration status":["Not started"],"Import status":["Incomplete"],"Moodle question type":["shortanswerwiris"],"Moodle flag":["Not used in any quiz"],"category":["top/Default for CHEM 360 Master Course"]},"reference":"8dfc724a-1d77-4eda-e0fd-ac19802a5768","status":"published","title":"HW1Q8 (INCOMPLETE)","note":"","source":"https://quizzeslti.wiris.net/njit.edu/question/question.php?id=319490&courseid=200","dynamic_content_data":[]}