{"definition":{"widgets":[{"reference":"d48a16b8-03ab-68a1-2221-c727da4d061c"}],"template":"dynamic"},"questions":[{"type":"mcq","reference":"d48a16b8-03ab-68a1-2221-c727da4d061c"}],"features":[],"tags":{"Migration status":["Not started"],"Import status":["Complete"],"Moodle question type":["multichoicewiris"],"Moodle flag":["Used in a quiz explicitely","Duplicate, already included in a bundled item and not a random variant"],"category":["top/Default for CHEM 360 Master Course"]},"reference":"8e308fee-183d-99ab-d58a-7a20ec867ab0","status":"published","title":"HW1Q6","note":"","source":"https://quizzeslti.wiris.net/njit.edu/question/question.php?id=319479&courseid=200","dynamic_content_data":[]}