{"definition":{"widgets":[{"reference":"de41fe81-30ff-8def-82a3-713b050a14c8"}],"template":"dynamic"},"questions":[{"type":"clozetext","reference":"de41fe81-30ff-8def-82a3-713b050a14c8"}],"features":[],"tags":{"Migration status":["Not started"],"Import status":["Incomplete"],"Moodle question type":["shortanswerwiris"],"Moodle flag":["Used in a quiz explicitely","Duplicate, already included in a bundled item and not a random variant"],"category":["top/Default for CHEM 360 Master Course"]},"reference":"8e33bd05-335e-8768-7a19-be69a8c3e204","status":"published","title":"Probabilities 1 (INCOMPLETE)","note":"","source":"https://quizzeslti.wiris.net/njit.edu/question/question.php?id=319455&courseid=200","dynamic_content_data":[]}