{"definition":{"widgets":[{"reference":"bdace0a5-784a-9e09-d38d-383df45b40c8"}],"template":"dynamic"},"questions":[{"type":"clozetext","reference":"bdace0a5-784a-9e09-d38d-383df45b40c8"}],"features":[],"tags":{"Migration status":["Not started"],"Import status":["Incomplete"],"Moodle question type":["quizpage","shortanswerwiris"],"Moodle flag":["Used in a quiz explicitely"],"category":["Pre-class for Sep 27 - water mixing ratio"]},"reference":"8e9b784d-89a2-0dc4-a911-9e6bc44adb89","status":"published","title":"Pre-class for Sep 27 - water mixing ratio - page 1","note":"","source":"https://quizzeslti.wiris.net/njit.edu/question/question.php?id=356434&courseid=200","dynamic_content_data":""}