{"definition":{"widgets":[{"reference":"0f01f3e8-02f6-ff76-f8c8-c0f12b8f2323"}],"template":"dynamic"},"questions":[{"type":"shorttext","reference":"0f01f3e8-02f6-ff76-f8c8-c0f12b8f2323"}],"features":[],"tags":{"Migration status":["Not started"],"Import status":["Complete"],"Moodle question type":["shortanswer"],"Moodle flag":["Not used in any quiz"],"category":["top/BH 4 Electrolytes"]},"reference":"8f19cd6e-cc3e-4bdd-cf52-beab283d3c02","status":"published","title":"Electrolytes 4 O2","note":"","source":"https://quizzeslti.wiris.net/njit.edu/question/question.php?id=319755&courseid=200","dynamic_content_data":[]}