{"definition":{"widgets":[{"reference":"fb4d982c-47da-d4ea-573d-f3fa0f01f396"}],"template":"dynamic"},"questions":[{"type":"shorttext","reference":"fb4d982c-47da-d4ea-573d-f3fa0f01f396"}],"features":[],"tags":{"Migration status":["Not started"],"Import status":["Complete"],"Moodle question type":["shortanswer"],"Moodle flag":["Used in a quiz explicitely","Duplicate, already included in a bundled item and not a random variant"],"category":["top/BH 9 Chemical Bonds"]},"reference":"9084ea25-7039-8eba-7fb2-94ebb8b454a8","status":"published","title":"Electronegativity 2","note":"","source":"https://quizzeslti.wiris.net/njit.edu/question/question.php?id=319808&courseid=200","dynamic_content_data":[]}