{"definition":{"widgets":[{"reference":"7d0d0c13-596c-39bb-57a2-1e502dc1f32c"}],"template":"dynamic"},"questions":[{"type":"clozetext","reference":"7d0d0c13-596c-39bb-57a2-1e502dc1f32c"}],"features":[],"tags":{"Migration status":["Not started"],"Import status":["Incomplete"],"Moodle question type":["shortanswerwiris"],"Moodle flag":["Used in a quiz explicitely","Duplicate, already included in a bundled item and not a random variant"],"category":["top/Default for CHEM 360 Master Course"]},"reference":"90d07e82-7427-d0fe-75a2-89e3c3b4b631","status":"published","title":"HW6Q8 (INCOMPLETE)","note":"","source":"https://quizzeslti.wiris.net/njit.edu/question/question.php?id=319603&courseid=200","dynamic_content_data":[]}