{"definition":{"widgets":[{"reference":"425ef9dd-cfb5-7add-2040-d73f067294c0"},{"reference":"b0d5227c-e4e9-252d-203c-c2a293cab8a0"},{"reference":"1cac5379-8d42-557c-5501-1f0f5cd2aba7"},{"reference":"1b2339dc-2563-c5db-a51c-4a3d3837dc7a"},{"reference":"5ee0de20-ad83-0555-658b-e808c288ee95"},{"reference":"2ac3798b-aacf-1630-9d53-47fb9c87200a"},{"reference":"56449f01-175c-9a34-f5df-e16563978e44"},{"reference":"e7123eda-7edf-ffee-a4d2-16d553546332"},{"reference":"e4f420d6-63a5-049a-06b6-5cfc087507c8"},{"reference":"66241012-0d83-db97-7305-327e97030014"},{"reference":"fbbdcc54-1450-1768-444a-f975f2e690c4"}],"template":"dynamic"},"questions":[{"type":"mcq","reference":"425ef9dd-cfb5-7add-2040-d73f067294c0"},{"type":"mcq","reference":"b0d5227c-e4e9-252d-203c-c2a293cab8a0"},{"type":"clozetext","reference":"1cac5379-8d42-557c-5501-1f0f5cd2aba7"},{"type":"clozetext","reference":"1b2339dc-2563-c5db-a51c-4a3d3837dc7a"},{"type":"clozetext","reference":"5ee0de20-ad83-0555-658b-e808c288ee95"},{"type":"mcq","reference":"2ac3798b-aacf-1630-9d53-47fb9c87200a"},{"type":"clozetext","reference":"56449f01-175c-9a34-f5df-e16563978e44"},{"type":"clozetext","reference":"e7123eda-7edf-ffee-a4d2-16d553546332"},{"type":"clozetext","reference":"e4f420d6-63a5-049a-06b6-5cfc087507c8"},{"type":"clozetext","reference":"66241012-0d83-db97-7305-327e97030014"},{"type":"clozetext","reference":"fbbdcc54-1450-1768-444a-f975f2e690c4"}],"features":[],"tags":{"Migration status":["Not started"],"Import status":["Incomplete"],"Moodle question type":["quizpage","multichoicewiris","multianswerwiris","shortanswerwiris"],"Moodle flag":["Used in a quiz explicitely"],"category":["HW1"]},"reference":"90f1010b-c945-84a2-ff92-c11e3d66d0a5","status":"published","title":"HW1 - page 1","note":"","source":"https://quizzeslti.wiris.net/njit.edu/question/question.php?id=319475&courseid=200,https://quizzeslti.wiris.net/njit.edu/question/question.php?id=319476&courseid=200,https://quizzeslti.wiris.net/njit.edu/question/question.php?id=319500&courseid=200,https://quizzeslti.wiris.net/njit.edu/question/question.php?id=319503&courseid=200,https://quizzeslti.wiris.net/njit.edu/question/question.php?id=319480&courseid=200,https://quizzeslti.wiris.net/njit.edu/question/question.php?id=319479&courseid=200,https://quizzeslti.wiris.net/njit.edu/question/question.php?id=319481&courseid=200,https://quizzeslti.wiris.net/njit.edu/question/question.php?id=319483&courseid=200,https://quizzeslti.wiris.net/njit.edu/question/question.php?id=319492&courseid=200,https://quizzeslti.wiris.net/njit.edu/question/question.php?id=319495&courseid=200,https://quizzeslti.wiris.net/njit.edu/question/question.php?id=319497&courseid=200","dynamic_content_data":""}