{"definition":{"widgets":[{"reference":"ce7596b8-8709-6562-0174-827bd3836cfd"}],"template":"dynamic"},"questions":[{"type":"formulaV2","reference":"ce7596b8-8709-6562-0174-827bd3836cfd"}],"features":[],"tags":{"Migration status":["Not started"],"Import status":["Complete"],"Moodle question type":["calculated"],"Moodle flag":["Not used in any quiz"],"category":["top/BH 9 Chemical Bonds"]},"reference":"91bc6ea8-a83a-8b5b-54b4-f836bb1d20da","status":"published","title":"Bond energies 3","note":"","source":"https://quizzeslti.wiris.net/njit.edu/question/question.php?id=319786&courseid=200","dynamic_content_data":{"cols":["x","ans0"],"rows":{"3bdfec2b-24fe-b1f5-d55d-0502c9b26523":{"index":0,"values":["2.00","80"]}}}}