{"definition":{"widgets":[{"reference":"99802a1a-2f20-553b-bb65-6addd5feec9e"}],"template":"dynamic"},"questions":[{"type":"clozetext","reference":"99802a1a-2f20-553b-bb65-6addd5feec9e"}],"features":[],"tags":{"Migration status":["Not started"],"Import status":["Incomplete"],"Moodle question type":["shortanswerwiris"],"Moodle flag":["Not used in any quiz"],"category":["top/Default for CHEM 360 Master Course"]},"reference":"91cfe664-f5b9-07a2-221e-c9090fd3d81b","status":"published","title":"EX2Q8b (INCOMPLETE)","note":"","source":"https://quizzeslti.wiris.net/njit.edu/question/question.php?id=356437&courseid=200","dynamic_content_data":[]}