{"definition":{"widgets":[{"reference":"eb608db9-a14c-0d62-da72-0daabfd2969e"}],"template":"dynamic"},"questions":[{"type":"mcq","reference":"eb608db9-a14c-0d62-da72-0daabfd2969e"}],"features":[],"tags":{"Migration status":["Not started"],"Import status":["Complete"],"Moodle question type":["multichoicewiris"],"Moodle flag":["Not used in any quiz"],"category":["top/Default for CHEM 360 Master Course"]},"reference":"92db52a7-247d-bd20-c6e9-24d1108d6100","status":"published","title":"Q3Q5","note":"","source":"https://quizzeslti.wiris.net/njit.edu/question/question.php?id=319621&courseid=200","dynamic_content_data":[]}