{"definition":{"widgets":[{"reference":"642e1da0-5b9e-9707-e67e-33fe807f855a"}],"template":"dynamic"},"questions":[{"type":"clozetext","reference":"642e1da0-5b9e-9707-e67e-33fe807f855a"}],"features":[],"tags":{"Migration status":["Not started"],"Import status":["Incomplete"],"Moodle question type":["shortanswerwiris"],"Moodle flag":["Used in a quiz explicitely","Duplicate, already included in a bundled item and not a random variant"],"category":["top/Default for CHEM 360 Master Course"]},"reference":"9394ec2e-4c8d-58f4-9a52-a82cb09f11ec","status":"published","title":"Mean thermal velocity (INCOMPLETE)","note":"","source":"https://quizzeslti.wiris.net/njit.edu/question/question.php?id=319703&courseid=200","dynamic_content_data":[]}