{"definition":{"widgets":[{"reference":"0f928593-c26a-3eec-f39d-f6891cf1725d"}],"template":"dynamic"},"questions":[{"type":"clozetext","reference":"0f928593-c26a-3eec-f39d-f6891cf1725d"}],"features":[],"tags":{"Migration status":["Not started"],"Import status":["Incomplete"],"Moodle question type":["shortanswerwiris"],"Moodle flag":["Not used in any quiz"],"category":["top/Default for CHEM 360 Master Course"]},"reference":"94c573e2-aec4-ae8b-4774-6c61f7058a50","status":"published","title":"EX2Q14 (INCOMPLETE)","note":"","source":"https://quizzeslti.wiris.net/njit.edu/question/question.php?id=319660&courseid=200","dynamic_content_data":[]}