{"definition":{"widgets":[{"reference":"0f9b3d5e-db21-1e6c-9b8c-786ae1582f74"}],"template":"dynamic"},"questions":[{"type":"clozetext","reference":"0f9b3d5e-db21-1e6c-9b8c-786ae1582f74"}],"features":[],"tags":{"Migration status":["Not started"],"Import status":["Incomplete"],"Moodle question type":["essaywiris"],"Moodle flag":["Used in a quiz explicitely","Duplicate, already included in a bundled item and not a random variant"],"category":["top/Default for CHEM 360 Master Course"]},"reference":"97d75ca6-10a9-295c-b9fb-148b3130f1d6","status":"published","title":"Ideal gas law (INCOMPLETE)","note":"","source":"https://quizzeslti.wiris.net/njit.edu/question/question.php?id=319454&courseid=200","dynamic_content_data":[]}