{"definition":{"widgets":[{"reference":"3348575e-705a-23f8-5845-c81663f0d2e8"}],"template":"dynamic"},"questions":[{"type":"mcq","reference":"3348575e-705a-23f8-5845-c81663f0d2e8"}],"features":[],"tags":{"Migration status":["Not started"],"Import status":["Complete"],"Moodle question type":["multichoice"],"Moodle flag":["Not used in any quiz"],"category":["top/BH 4 Electrolytes"]},"reference":"98153745-ec34-589c-2386-51a872d5f64c","status":"published","title":"Electrolytes for ch 5","note":"","source":"https://quizzeslti.wiris.net/njit.edu/question/question.php?id=319745&courseid=200","dynamic_content_data":[]}