{"definition":{"widgets":[{"reference":"90ae9757-fd70-f34f-f409-e84ca68acb03"}],"template":"dynamic"},"questions":[{"type":"clozetext","reference":"90ae9757-fd70-f34f-f409-e84ca68acb03"}],"features":[],"tags":{"Migration status":["Not started"],"Import status":["Incomplete"],"Moodle question type":["quizpage","shortanswerwiris"],"Moodle flag":["Used in a quiz explicitely"],"category":["Sep 27 the mixing ratio and number density in ground air and at a higher altitude"]},"reference":"989e548d-f1cb-6aa9-6467-d67939286fd5","status":"published","title":"Sep 27 the mixing ratio and number density in ground air and at a higher altitude - page 1","note":"","source":"https://quizzeslti.wiris.net/njit.edu/question/question.php?id=319682&courseid=200","dynamic_content_data":""}