{"definition":{"widgets":[{"reference":"ad410f7d-d748-9ee9-6d22-371c168bc19b"}],"template":"dynamic"},"questions":[{"type":"formulaV2","reference":"ad410f7d-d748-9ee9-6d22-371c168bc19b"}],"features":[],"tags":{"Migration status":["Not started"],"Import status":["Complete"],"Moodle question type":["calculated"],"Moodle flag":["Used in a quiz explicitely","Duplicate, already included in a bundled item and not a random variant"],"category":["top/BH 1 Multiplication by 1"]},"reference":"99bbea30-e3cd-d0f0-0dbc-ba9afc1679d0","status":"published","title":"Unit Conversion Problem 2","note":"","source":"https://quizzeslti.wiris.net/njit.edu/question/question.php?id=319712&courseid=200","dynamic_content_data":{"cols":["x","ans0"],"rows":{"5b886b93-d5b6-baf8-de13-7c7c7895576c":{"index":0,"values":["1","3.2808399"]},"d4619506-8195-a90e-36cf-e42d8e47416a":{"index":1,"values":["1.25","4.10104987"]},"ddd908a7-6322-1180-4317-4707eb4ca60d":{"index":2,"values":["4.07","13.35301837"]},"fbac4e30-4c5c-77bf-ce56-64ca9efc41ad":{"index":3,"values":["4.84","15.87926509"]},"2b15daa3-8b9a-7443-2cbe-41a226147b62":{"index":4,"values":["2.94","9.64566929"]},"4ce73c62-2383-b068-e00a-9040373c5e7c":{"index":5,"values":["8.67","28.44488189"]},"a468b126-7eb8-f1d5-fe03-36cc9fa738ce":{"index":6,"values":["6.84","22.44094488"]},"0e993e65-b2a5-609f-aa10-02a2847c759f":{"index":7,"values":["6.71","22.0144357"]},"0269c107-f08c-6f6c-0242-4cd38ce033d3":{"index":8,"values":["6.32","20.73490814"]},"3a58e0fd-56a6-c1cc-eee0-b1150b01f084":{"index":9,"values":["6.40","20.99737533"]},"e56f5887-8192-a06c-f2c1-dd3c0890e21e":{"index":10,"values":["6.23","20.43963255"]},"6676d177-7c05-7dda-8e43-1375844f2f73":{"index":11,"values":["5.96","19.55380577"]},"26092490-35cf-b541-ce1d-df9c6f80204c":{"index":12,"values":["2.52","8.26771654"]},"24ae1787-21ef-c082-7e2a-0f93054136e2":{"index":13,"values":["8.70","28.54330709"]},"6902fb12-8bd3-f3b3-638d-5cdf5b15c476":{"index":14,"values":["2.28","7.48031496"]},"e7ae3dc0-f1a1-1c32-df9c-0f052b60e864":{"index":15,"values":["6.53","21.42388451"]},"8a95c5c5-0f09-e6c5-c161-11c66bebd6ba":{"index":16,"values":["6.42","21.06299213"]},"d6e0aa80-88ab-b766-78f9-3d4c8c96edfa":{"index":17,"values":["3.83","12.5656168"]},"c4cb02ac-5b2c-500d-7b92-21d16ca3b383":{"index":18,"values":["5.40","17.71653543"]},"aefaa258-d98d-9ea0-e297-25b59729a247":{"index":19,"values":["2.33","7.64435696"]},"d3cd10f7-7c9d-85cd-d893-6bb20741a41f":{"index":20,"values":["3.29","10.79396325"]},"b05f8c01-75c8-0ea6-730a-43bf6d628538":{"index":21,"values":["2.00","6.56167979"]},"bf3b8028-ac47-6cdd-6204-7bd1334b4542":{"index":22,"values":["6.17","20.24278215"]},"e51f6860-e397-6aa7-f3b7-fc59bde3d583":{"index":23,"values":["6.06","19.88188976"]},"d182c083-cbed-d4ac-eaab-5d8c1d520738":{"index":24,"values":["3.44","11.28608924"]},"162aece8-77c1-85de-eb87-aee5e6df4a30":{"index":25,"values":["4.56","14.96062992"]},"e42339a3-dddf-0f58-8679-69f52d264803":{"index":26,"values":["5.67","18.6023622"]},"7879d03c-0ae8-530f-a9eb-34ce73dddd34":{"index":27,"values":["7.54","24.73753281"]},"36069613-e6f0-d5c3-497d-cf590e00e6ad":{"index":28,"values":["4.21","13.81233596"]},"b3e802cb-f485-c440-4fdf-4bc694930c82":{"index":29,"values":["6.66","21.8503937"]}}}}