{"definition":{"widgets":[{"reference":"6e8372dd-aedb-927c-ccba-ac1fbaae3fcb"}],"template":"dynamic"},"questions":[{"type":"formulaV2","reference":"6e8372dd-aedb-927c-ccba-ac1fbaae3fcb"}],"features":[],"tags":{"Migration status":["Not started"],"Import status":["Complete"],"Moodle question type":["calculated"],"Moodle flag":["Not used in any quiz"],"category":["top/BH 6 Thermo 1"]},"reference":"99e98b5a-06f7-6f92-fe16-4b7d653cd789","status":"published","title":"Dalton law PP 9a","note":"","source":"https://quizzeslti.wiris.net/njit.edu/question/question.php?id=319772&courseid=200","dynamic_content_data":{"cols":["p","w","ans0"],"rows":{"1cf9ed0c-c5a5-d69a-5833-5936aac3ccda":{"index":0,"values":["730","20","710"]},"4c2ead6d-e0d0-e9f2-69fc-1bb37fc6b25a":{"index":1,"values":["739","28","711"]},"50a0d3e4-dd0f-86ca-48e5-bb9ddb6bf475":{"index":2,"values":["749","23","726"]},"f04872e1-5523-d3c1-9efc-594a7e63bbb6":{"index":3,"values":["751","49","702"]},"ba251402-49b8-f5a5-d9e4-7f1e8ec08c55":{"index":4,"values":["757","33","724"]},"37b71db7-4d49-abde-de7d-a3d101183c0f":{"index":5,"values":["769","27","742"]},"6d5b6672-8443-57b3-fa88-24da0625ff72":{"index":6,"values":["757","26","731"]},"8fed3bdc-4023-a123-cc09-d2f2bc4875fd":{"index":7,"values":["749","23","726"]},"6ac4f471-0f17-bb50-de5c-96435d2a03c9":{"index":8,"values":["756","32","724"]},"dc1110ac-b755-b3b5-a1af-4df279a86dd5":{"index":9,"values":["738","37","701"]},"26b4a7cb-9162-6d3b-0873-76c572e748cd":{"index":10,"values":["761","48","713"]},"f6069be1-27f8-7821-6030-9c79c037981f":{"index":11,"values":["769","46","723"]},"f9266708-2bc8-3d48-c841-dd7f69672adf":{"index":12,"values":["745","47","698"]},"837fe777-3f31-b0b6-8e7c-0a6477a44ae6":{"index":13,"values":["754","46","708"]},"e58c9844-4173-08d5-a897-8b8cbd7b7980":{"index":14,"values":["735","44","691"]},"23c621d3-d1b6-9c08-e6be-3f97825c6457":{"index":15,"values":["765","38","727"]},"26cef7da-7ba4-69ad-8727-80187018369a":{"index":16,"values":["755","44","711"]},"45e7e7b3-3440-1abd-eed1-8f27c3609ab6":{"index":17,"values":["760","49","711"]},"0ae303ff-abbc-d8ee-b4f4-090f075257f4":{"index":18,"values":["741","36","705"]},"4f2047b9-0343-07a0-34de-b2d7c61b6773":{"index":19,"values":["758","52","706"]},"a1345206-4258-2fc6-f240-4043089f2e63":{"index":20,"values":["735","48","687"]},"0a68f615-09e4-09c3-1fb8-77427792f542":{"index":21,"values":["745","45","700"]},"b0b1d891-d7dd-5767-d2c0-823e40ac59bf":{"index":22,"values":["748","23","725"]},"6c28c12f-ba73-1d83-f509-f34e8d4f391e":{"index":23,"values":["750","33","717"]},"11099ade-aacd-c12a-fbe7-b1b3dde47c72":{"index":24,"values":["751","24","727"]},"2875b7c0-66ab-3b4d-df8f-c02ba335d76d":{"index":25,"values":["742","34","708"]},"8899ae68-7e58-8efb-8b5f-ec1c199395f7":{"index":26,"values":["756","34","722"]},"6b309389-124b-7c57-c973-3ed1ed065b32":{"index":27,"values":["753","36","717"]},"56e2685f-f677-f7b2-7d8b-75dc192728a5":{"index":28,"values":["744","49","695"]},"e5a26dc6-415a-20a1-7bf4-156c3961246e":{"index":29,"values":["764","51","713"]},"47e0cfd7-fc93-4127-bd9b-c54085d55b37":{"index":30,"values":["750","30","720"]},"06a968eb-a8d2-62da-1ca2-1dd1e05e9e86":{"index":31,"values":["761","25","736"]},"8acecc5b-5eff-2b2d-5857-12a8c67996d9":{"index":32,"values":["738","26","712"]},"53e0a708-7810-2259-40ef-8ef8f479240d":{"index":33,"values":["768","55","713"]},"e4d9858b-195e-4efa-9713-249ba1a1c761":{"index":34,"values":["742","20","722"]},"d78a88c0-1082-1050-0eed-c6ca514dd843":{"index":35,"values":["758","38","720"]},"def38230-c653-9528-b1e6-2db5b457a050":{"index":36,"values":["739","32","707"]},"0482cfe1-da11-ec25-2129-8aeb1955fab4":{"index":37,"values":["770","40","730"]},"bc291540-72ea-f33d-4b8f-9b60f43f4bc6":{"index":38,"values":["738","35","703"]},"2eea9aa5-89f0-8e04-d128-ea01df29a848":{"index":39,"values":["750","40","710"]},"ea809d35-4b71-48aa-5baa-d6b7c3904311":{"index":40,"values":["757","24","733"]},"76476f24-3223-3cba-472f-b10f3cfd0088":{"index":41,"values":["758","22","736"]},"74d6060f-4692-14c1-1048-de304149b6f1":{"index":42,"values":["747","42","705"]},"7bd9eb60-f774-a6d5-da6b-8257351128cd":{"index":43,"values":["741","37","704"]},"1c2ed301-62ef-d87d-2bf8-7015bad98660":{"index":44,"values":["738","43","695"]},"5646e599-9ffc-0e1f-fe8f-c93fa02b5e07":{"index":45,"values":["732","27","705"]},"28347bf0-9b3d-3e9b-9f46-e51d7bb9c00d":{"index":46,"values":["755","37","718"]},"21387fa3-e403-420d-8ef5-0a19a0b5033e":{"index":47,"values":["761","42","719"]},"2aea688f-aaea-9c33-892c-a8003d75e2a7":{"index":48,"values":["735","38","697"]},"ce215c18-feaa-70b4-da2a-e71d6eebc692":{"index":49,"values":["737","44","693"]},"72981e79-7dae-82ca-3bd5-b0de9b015f78":{"index":50,"values":["752","50","702"]},"510453ea-f260-5e38-2f01-6db7525a25eb":{"index":51,"values":["731","34","697"]},"9d683f75-0b7a-1ec6-362c-6fe4b16ebb57":{"index":52,"values":["761","54","707"]},"165529b7-a92e-3d4b-4cc7-b2d99e96022c":{"index":53,"values":["736","46","690"]},"96adb0e9-4967-20ca-f98e-7e6d3ccbb2f0":{"index":54,"values":["735","42","693"]},"3b3eee01-6b0b-6990-f205-a1f25e4f4b66":{"index":55,"values":["740","30","710"]},"360371e2-fdb6-f276-c987-1a77f38aeebf":{"index":56,"values":["744","45","699"]},"ede88754-e0e9-e9de-e31c-a09ec578172d":{"index":57,"values":["761","29","732"]},"ce62a71a-01e5-3f66-3f1a-2eaabc46181b":{"index":58,"values":["762","47","715"]},"0cebda0f-3bb6-de7b-9789-bf38fe5256d0":{"index":59,"values":["760","47","713"]}}}}