{"definition":{"widgets":[{"reference":"15d80db1-6743-7a9c-8bbc-8d2dbd7bda83"}],"template":"dynamic"},"questions":[{"type":"clozetext","reference":"15d80db1-6743-7a9c-8bbc-8d2dbd7bda83"}],"features":[],"tags":{"Migration status":["Not started"],"Import status":["Incomplete"],"Moodle question type":["multianswerwiris"],"Moodle flag":["Used in a quiz explicitely","Duplicate, already included in a bundled item and not a random variant"],"category":["top/Default for CHEM 360 Master Course"]},"reference":"9a6fe05b-bd19-6109-e52e-3a569fbf772a","status":"published","title":"HW1Q9 (INCOMPLETE)","note":"","source":"https://quizzeslti.wiris.net/njit.edu/question/question.php?id=319492&courseid=200","dynamic_content_data":[]}