{"definition":{"widgets":[{"reference":"53f9f0c8-db2b-1b6d-c11a-e7a4aca46f2b"},{"reference":"693f97ea-372d-4a79-a8a1-f8f3cde0ed07"},{"reference":"22e2370e-8bc1-85d6-8067-dd24ea427e10"},{"reference":"9ee1ad2e-9fe3-f475-6604-dfe237c9ddc5"},{"reference":"0f50060b-a4ae-2540-1f07-e82404c5fc48"},{"reference":"1025f057-7795-2311-2759-ed3b6ce75fbb"}],"template":"dynamic"},"questions":[{"type":"clozetext","reference":"53f9f0c8-db2b-1b6d-c11a-e7a4aca46f2b"},{"type":"clozetext","reference":"693f97ea-372d-4a79-a8a1-f8f3cde0ed07"},{"type":"clozetext","reference":"22e2370e-8bc1-85d6-8067-dd24ea427e10"},{"type":"clozetext","reference":"9ee1ad2e-9fe3-f475-6604-dfe237c9ddc5"},{"type":"mcq","reference":"0f50060b-a4ae-2540-1f07-e82404c5fc48"},{"type":"clozetext","reference":"1025f057-7795-2311-2759-ed3b6ce75fbb"}],"features":[],"tags":{"Migration status":["Not started"],"Import status":["Incomplete"],"Moodle question type":["quizpage","truefalsewiris","matchwiris","shortanswerwiris","multichoicewiris"],"Moodle flag":["Used in a quiz explicitely"],"category":["Quiz 5 - chemical pathways"]},"reference":"9a823b97-c465-923f-6d80-dc237bda8986","status":"published","title":"Quiz 5 - chemical pathways - page 1","note":"","source":"https://quizzeslti.wiris.net/njit.edu/question/question.php?id=319629&courseid=200,https://quizzeslti.wiris.net/njit.edu/question/question.php?id=319630&courseid=200,https://quizzeslti.wiris.net/njit.edu/question/question.php?id=319631&courseid=200,https://quizzeslti.wiris.net/njit.edu/question/question.php?id=319632&courseid=200,https://quizzeslti.wiris.net/njit.edu/question/question.php?id=319633&courseid=200,https://quizzeslti.wiris.net/njit.edu/question/question.php?id=319634&courseid=200","dynamic_content_data":""}