{"definition":{"widgets":[{"reference":"b00c12be-83d1-d308-9e78-5c616a93a386"}],"template":"dynamic"},"questions":[{"type":"association","reference":"b00c12be-83d1-d308-9e78-5c616a93a386"}],"features":[],"tags":{"Migration status":["Not started"],"Import status":["Complete"],"Moodle question type":["matchwiris"],"Moodle flag":["Used in a quiz explicitely","Duplicate, already included in a bundled item and not a random variant"],"category":["top/Default for CHEM 360 Master Course"]},"reference":"9e5f2cdc-014f-a34f-b806-8328ab547b0d","status":"published","title":"EX1Q9","note":"","source":"https://quizzeslti.wiris.net/njit.edu/question/question.php?id=319573&courseid=200","dynamic_content_data":[]}