{"definition":{"widgets":[{"reference":"f6ae4626-9585-da63-b037-99f1e7b64f20"}],"template":"dynamic"},"questions":[{"type":"longtextV2","reference":"f6ae4626-9585-da63-b037-99f1e7b64f20"}],"features":[],"tags":{"Migration status":["Not started"],"Import status":["Complete"],"Moodle question type":["essaywiris"],"Moodle flag":["Used in a quiz explicitely","Duplicate, already included in a bundled item and not a random variant"],"category":["top/Default for CHEM 360 Master Course"]},"reference":"a049a3a6-8964-e02e-d2e1-18ccfffab3a2","status":"published","title":"Question 1","note":"","source":"https://quizzeslti.wiris.net/njit.edu/question/question.php?id=319462&courseid=200","dynamic_content_data":[]}