{"definition":{"widgets":[{"reference":"5eb0e1c3-d8ff-4a22-0d8d-4b850c121e2c"}],"template":"dynamic"},"questions":[{"type":"clozetext","reference":"5eb0e1c3-d8ff-4a22-0d8d-4b850c121e2c"}],"features":[],"tags":{"Migration status":["Not started"],"Import status":["Incomplete"],"Moodle question type":["multianswerwiris"],"Moodle flag":["Used in a quiz explicitely","Duplicate, already included in a bundled item and not a random variant"],"category":["top/Default for CHEM 360 Master Course"]},"reference":"a09e0abc-a0f3-222c-b738-d65dcd75f1fb","status":"published","title":"Q1Q1 (INCOMPLETE)","note":"","source":"https://quizzeslti.wiris.net/njit.edu/question/question.php?id=319518&courseid=200","dynamic_content_data":[]}