{"definition":{"widgets":[{"reference":"3db975df-83ac-f60e-8785-47bfcfde9fd1"}],"template":"dynamic"},"questions":[{"type":"shorttext","reference":"3db975df-83ac-f60e-8785-47bfcfde9fd1"}],"features":[],"tags":{"Migration status":["Not started"],"Import status":["Complete"],"Moodle question type":["shortanswer"],"Moodle flag":["Not used in any quiz"],"category":["top/BH 4 Electrolytes"]},"reference":"a1e13453-a289-d61e-57ee-65ac444eda07","status":"published","title":"Conduction in metals","note":"","source":"https://quizzeslti.wiris.net/njit.edu/question/question.php?id=319750&courseid=200","dynamic_content_data":[]}