{"definition":{"widgets":[{"reference":"221e6cf7-87ff-8b00-9156-595730a5667b"},{"reference":"18c2cb46-8da5-c9f7-db50-e4c1dd9da441"},{"reference":"2993cdfc-d35f-b9b5-dead-5343c666f87a"},{"reference":"56600974-aadf-428f-210f-70561d98489a"},{"reference":"6bc92be8-c8f1-52fa-0115-bbc31c4775a6"},{"reference":"760b7782-5a07-bede-a74d-aac352af3db8"},{"reference":"79bf2dc0-9372-c3f6-e106-1be7d03d1891"},{"reference":"6e94e9ba-de5a-9382-24bb-e639d55ea53a"}],"template":"dynamic"},"questions":[{"type":"shorttext","reference":"221e6cf7-87ff-8b00-9156-595730a5667b"},{"type":"shorttext","reference":"18c2cb46-8da5-c9f7-db50-e4c1dd9da441"},{"type":"formulaV2","reference":"2993cdfc-d35f-b9b5-dead-5343c666f87a"},{"type":"formulaV2","reference":"56600974-aadf-428f-210f-70561d98489a"},{"type":"formulaV2","reference":"6bc92be8-c8f1-52fa-0115-bbc31c4775a6"},{"type":"formulaV2","reference":"760b7782-5a07-bede-a74d-aac352af3db8"},{"type":"formulaV2","reference":"79bf2dc0-9372-c3f6-e106-1be7d03d1891"},{"type":"shorttext","reference":"6e94e9ba-de5a-9382-24bb-e639d55ea53a"}],"features":[],"tags":{"Migration status":["Not started"],"Import status":["Complete"],"Moodle question type":["quizpage","shortanswer","calculated"],"TODO":["Check merged datatable"],"Moodle flag":["Used in a quiz explicitely"],"category":["(3) Home QUIZ on molarity"]},"reference":"a2ae0dff-e3a0-bedf-f4c8-d6d2c62bcf26","status":"published","title":"(3) Home QUIZ on molarity - page 1","note":"","source":"https://quizzeslti.wiris.net/njit.edu/question/question.php?id=319756&courseid=200,https://quizzeslti.wiris.net/njit.edu/question/question.php?id=319751&courseid=200,https://quizzeslti.wiris.net/njit.edu/question/question.php?id=319764&courseid=200,https://quizzeslti.wiris.net/njit.edu/question/question.php?id=319762&courseid=200,https://quizzeslti.wiris.net/njit.edu/question/question.php?id=319767&courseid=200,https://quizzeslti.wiris.net/njit.edu/question/question.php?id=319768&courseid=200,https://quizzeslti.wiris.net/njit.edu/question/question.php?id=319761&courseid=200,https://quizzeslti.wiris.net/njit.edu/question/question.php?id=319758&courseid=200","dynamic_content_data":{"cols":["x","y","x0","L","y0","x1","y1","x2","y2","x3","ans0","ans1","ans2","ans3","ans4"],"rows":{"ceeef592-6533-e804-9d3a-d5efefd8fffb":{"index":0,"values":["0.20","2","6.06","3","0.82","477","0.94","137","0.17","425","0.1","0.027260459","0.39114","0.12878","0.21675"]},"0fb4c5d7-caa3-ea45-3af7-4632e7d1a121":{"index":1,"values":["0.39","3","5.35","5","0.61","467","0.20","100","0.25","254","0.13","0.014439946","0.28487","0.02","0.1905"]},"6b6bdae2-305a-a4b6-09b1-bbd2a21f6a83":{"index":2,"values":["0.60","4","1.57","4","0.45","491","0.52","105","0.18","265","0.15","0.0052968961","0.22095","0.0546","0.1431"]},"5e04b6f6-89a3-aa41-00bd-7778b265d1d9":{"index":3,"values":["0.62","2","2.27","4","0.88","174","0.44","767","0.11","602","0.31","0.0076585695","0.15312","0.33748","0.19866"]},"e7d59359-1a45-5276-32b0-4ccd0455aa60":{"index":4,"values":["0.72","3","6.78","3","0.55","465","0.82","851","0.25","559","0.24","0.030499325","0.25575","0.69782","0.41925"]},"bb4bc59a-c481-c0a2-e478-37c89e38256d":{"index":5,"values":["0.72","3","4.29","3","0.57","705","0.78","135","0.28","118","0.24","0.019298246","0.40185","0.1053","0.09912"]},"8012e1a2-cc46-287c-00a0-079cd72988fd":{"index":6,"values":["0.39","3","4.24","3","0.38","828","0.51","448","0.16","292","0.13","0.019073324","0.31464","0.22848","0.14016"]},"08f987c1-dab8-0776-4096-d83573a41ee7":{"index":7,"values":["0.73","3","6.20","4","0.36","274","0.72","891","0.12","714","0.24333333","0.020917679","0.09864","0.64152","0.25704"]},"d7460c21-8d54-1620-84b8-5487f36eee1b":{"index":8,"values":["0.74","4","6.89","4","0.76","147","0.71","595","0.19","881","0.185","0.023245614","0.11172","0.42245","0.50217"]},"afa97a1d-78fa-6caf-6ee6-8f8eba1fa63e":{"index":9,"values":["0.49","2","2.57","4","0.71","181","0.68","315","0.25","217","0.245","0.0086707152","0.12851","0.2142","0.16275"]},"de4e668c-4cd4-071d-7420-c480d39cd5cc":{"index":10,"values":["0.53","4","1.09","2","0.29","556","0.82","430","0.16","659","0.1325","0.0073549258","0.16124","0.3526","0.31632"]},"89cb5dcd-0477-e0de-7ca8-752f22e965a5":{"index":11,"values":["0.41","5","3.72","4","0.94","120","0.51","138","0.27","829","0.082","0.012550607","0.1128","0.07038","0.67149"]},"3f6bdc1f-d526-350c-cd62-e5d137a586ee":{"index":12,"values":["0.20","2","4.13","4","0.39","191","0.68","195","0.19","338","0.1","0.013933873","0.07449","0.1326","0.19266"]},"ed847df2-6954-25b9-b813-f67a2aa2632a":{"index":13,"values":["0.43","3","4.34","4","0.25","651","0.64","292","0.20","584","0.14333333","0.014642375","0.16275","0.18688","0.3504"]},"a802d83f-cd20-85fc-aca8-9b91e4708f46":{"index":14,"values":["0.43","5","3.40","5","0.88","859","0.88","254","0.24","193","0.086","0.0091767881","0.75592","0.22352","0.13896"]},"f8542d4a-66e2-5fe2-baa8-41803f24757d":{"index":15,"values":["0.21","4","7.88","3","0.24","418","0.90","637","0.16","429","0.0525","0.035447593","0.10032","0.5733","0.20592"]},"637fa4da-3050-64f5-c530-2ed5665cb587":{"index":16,"values":["0.58","2","5.71","3","0.35","321","0.53","781","0.28","219","0.29","0.02568601","0.11235","0.41393","0.18396"]},"2a2863ee-eb8e-7011-8e96-cf23c2d73595":{"index":17,"values":["0.58","2","1.20","5","0.36","376","0.31","646","0.12","676","0.29","0.0032388664","0.13536","0.20026","0.24336"]},"43923ab3-bbfd-b290-e6d8-58f9c10156a7":{"index":18,"values":["0.75","3","6.05","4","0.45","267","0.82","499","0.15","505","0.25","0.020411606","0.12015","0.40918","0.22725"]},"4f73ec38-a56c-9374-281b-2d52e75bf215":{"index":19,"values":["0.65","2","3.14","4","0.42","266","0.77","531","0.29","427","0.325","0.010593792","0.11172","0.40887","0.37149"]},"3753d36e-d86a-1c76-41ef-19b2a4e5c74b":{"index":20,"values":["0.25","4","2.92","5","0.56","826","0.91","812","0.16","306","0.0625","0.0078812416","0.46256","0.73892","0.14688"]},"cdf87129-8b28-ab42-f0c9-a1ae172c439f":{"index":21,"values":["0.44","5","1.50","5","0.75","367","0.59","389","0.27","543","0.088","0.004048583","0.27525","0.22951","0.43983"]},"4bf2db9b-e244-5101-f053-21c7ffbac848":{"index":22,"values":["0.42","4","1.47","3","0.45","594","0.79","746","0.25","321","0.105","0.0066126856","0.2673","0.58934","0.24075"]},"a0697795-2a49-3056-95a3-d4660771892a":{"index":23,"values":["0.31","2","3.19","4","0.72","240","0.93","698","0.22","695","0.155","0.010762483","0.1728","0.64914","0.4587"]},"f80d109e-f28b-9256-f8b7-7a8f1c0b38fb":{"index":24,"values":["0.46","4","6.48","4","0.36","181","0.36","125","0.29","229","0.115","0.021862348","0.06516","0.045","0.19923"]},"714045e6-fe2c-6875-5aa1-f9961277ce22":{"index":25,"values":["0.35","2","7.63","2","0.80","578","0.65","429","0.10","634","0.175","0.05148448","0.4624","0.27885","0.1902"]},"68335691-d57f-2c4d-e812-cae1a0f479a0":{"index":26,"values":["0.34","3","4.07","4","0.67","462","0.73","671","0.10","100","0.11333333","0.013731444","0.30954","0.48983","0.03"]},"f317c064-bdc1-dc0b-4d21-0b000b4b5e14":{"index":27,"values":["0.59","3","7.06","3","0.83","407","0.60","707","0.25","245","0.19666667","0.031758884","0.33781","0.4242","0.18375"]},"fcb13df8-c9e5-79c4-d0e1-6ed3700fa7c3":{"index":28,"values":["0.37","4","2.82","4","0.20","125","0.44","219","0.23","213","0.0925","0.00951417","0.025","0.09636","0.14697"]},"26ba801a-ca67-a4a4-7d22-b48cf39546f8":{"index":29,"values":["0.21","4","7.96","4","0.40","339","0.60","508","0.24","553","0.0525","0.026855601","0.1356","0.3048","0.39816"]},"bd6d388b-c85b-27db-ba5c-abaca200d8db":{"index":30,"values":["0.74","2","7.24","3","0.73","129","0.37","273","0.19","210","0.37","0.032568601","0.09417","0.10101","0.1197"]},"e2de1dbc-1de8-4c50-f1e0-66bf2797e8a3":{"index":31,"values":["0.58","5","2.26","5","0.99","863","0.83","798","0.20","768","0.116","0.006099865","0.85437","0.66234","0.4608"]},"58e8fa80-ab4d-1b4c-b0d3-49964163d15d":{"index":32,"values":["0.61","4","2.24","4","0.33","443","0.94","803","0.25","274","0.1525","0.0075573549","0.14619","0.75482","0.2055"]},"bf6552c8-410b-d025-cf7d-3e1d421c1c02":{"index":33,"values":["0.25","4","7.94","4","0.49","529","0.79","751","0.19","628","0.0625","0.026788124","0.25921","0.59329","0.35796"]},"e4e36f5e-35ce-c0f5-50c0-e936eb4a7cea":{"index":34,"values":["0.43","5","3.20","5","0.87","650","0.96","213","0.15","617","0.086","0.0086369771","0.5655","0.20448","0.27765"]},"5d0370db-b774-fca5-8f5c-ce7e7006665f":{"index":35,"values":["0.51","5","6.89","4","0.75","249","0.80","158","0.21","478","0.102","0.023245614","0.18675","0.1264","0.30114"]},"a257073b-fb2b-7085-11ce-4c6091b687a5":{"index":36,"values":["0.26","2","5.83","5","0.54","349","0.59","232","0.22","449","0.13","0.015735493","0.18846","0.13688","0.29634"]},"24793bb0-c319-f566-3d5f-fe4872d5a813":{"index":37,"values":["0.70","4","2.39","4","0.84","389","0.42","840","0.18","413","0.175","0.0080634278","0.32676","0.3528","0.22302"]},"1c4045eb-fbd0-7251-2707-b21bf1dbcfbc":{"index":38,"values":["0.46","4","6.96","4","0.45","244","0.26","866","0.19","541","0.115","0.023481781","0.1098","0.22516","0.30837"]},"88aad745-54ea-0eb4-e020-ee4bd5f2476a":{"index":39,"values":["0.25","3","6.88","5","0.67","798","0.63","757","0.23","594","0.083333333","0.018569501","0.53466","0.47691","0.40986"]},"46822a2d-1066-8fb5-c64d-5249e6d32109":{"index":40,"values":["0.26","2","7.05","2","0.29","739","0.94","260","0.11","179","0.13","0.04757085","0.21431","0.2444","0.05907"]},"37d3d5ca-5fd0-9cf6-d05e-7722f8a7ed26":{"index":41,"values":["0.41","5","1.55","3","0.52","411","0.38","605","0.28","638","0.082","0.0069725596","0.21372","0.2299","0.53592"]},"dee20fcc-67bd-87a1-0616-7e18729cef4f":{"index":42,"values":["0.56","4","2.70","3","0.80","723","0.39","707","0.16","274","0.14","0.012145749","0.5784","0.27573","0.13152"]},"2b3bbca1-41ac-b0d4-3695-e3642ce8cd29":{"index":43,"values":["0.65","3","7.23","5","0.24","603","0.83","216","0.16","508","0.21666667","0.01951417","0.14472","0.17928","0.24384"]},"fb0c8c1a-7c27-6128-f7ca-a09e33c64418":{"index":44,"values":["0.60","4","3.86","4","0.73","162","0.21","798","0.15","779","0.15","0.013022942","0.11826","0.16758","0.35055"]},"596220a8-fa88-00a9-3ce2-031d179c8c74":{"index":45,"values":["0.77","3","4.18","4","0.97","455","0.27","300","0.19","126","0.25666667","0.014102564","0.44135","0.081","0.07182"]},"8a858cab-f25a-662c-1303-9229a0d12c78":{"index":46,"values":["0.65","4","7.07","3","0.49","216","0.87","880","0.23","412","0.1625","0.031803869","0.10584","0.7656","0.28428"]},"7b531429-4d29-644a-6834-976eb3a5c76a":{"index":47,"values":["0.64","5","3.02","4","0.94","127","0.39","252","0.15","450","0.128","0.010188934","0.11938","0.09828","0.2025"]},"cb2f986b-d0f9-fb6b-3e9f-de7e5a6788ac":{"index":48,"values":["0.39","5","2.72","5","0.96","679","0.87","565","0.17","191","0.078","0.0073414305","0.65184","0.49155","0.09741"]},"4e1ab0eb-39ee-f594-0b33-387729ff6443":{"index":49,"values":["0.71","2","2.39","2","0.70","702","0.31","649","0.15","186","0.355","0.016126856","0.4914","0.20119","0.0837"]},"b78496b4-db63-9367-b7a5-13484312230e":{"index":50,"values":["0.28","5","5.94","2","0.24","241","0.39","765","0.15","219","0.056","0.040080972","0.05784","0.29835","0.09855"]},"5980503e-f270-c397-9f12-3e7638e10c96":{"index":51,"values":["0.31","5","2.73","4","0.98","839","0.30","435","0.23","187","0.062","0.0092105263","0.82222","0.1305","0.12903"]},"95f11b67-b888-0887-1e42-8ca6350f2d48":{"index":52,"values":["0.55","5","4.42","2","0.32","755","0.89","878","0.28","785","0.11","0.029824561","0.2416","0.78142","0.6594"]},"bbc2b39b-95d7-5992-634a-b1827e318cd6":{"index":53,"values":["0.69","3","6.95","3","0.52","537","0.90","319","0.24","387","0.23","0.031264058","0.27924","0.2871","0.27864"]},"e0ea9b57-e48f-42c3-5e51-19c8132c9e99":{"index":54,"values":["0.57","4","2.44","3","0.27","232","0.60","229","0.18","268","0.1425","0.010976158","0.06264","0.1374","0.14472"]},"99e53efd-972a-5ef7-12bd-f58f69e3e17a":{"index":55,"values":["0.41","3","4.76","3","0.53","426","0.90","856","0.30","854","0.13666667","0.021412506","0.22578","0.7704","0.7686"]},"91e8b6e7-b612-730a-7001-fea0d696802a":{"index":56,"values":["0.70","4","7.95","3","0.24","245","0.50","239","0.10","369","0.175","0.035762483","0.0588","0.1195","0.1107"]},"f58424d2-f5b5-fa3f-b001-a9f5a871a8ab":{"index":57,"values":["0.48","2","4.37","2","0.24","122","0.52","710","0.17","671","0.24","0.029487179","0.02928","0.3692","0.34221"]},"1ad652fc-cba3-6bd1-9416-8ae2dbd0139d":{"index":58,"values":["0.22","4","3.27","4","0.57","122","0.48","890","0.22","520","0.055","0.011032389","0.06954","0.4272","0.3432"]},"ded23087-46ef-6e6e-c4a0-5ec8c09dea22":{"index":59,"values":["0.76","3","7.84","4","0.84","787","0.38","775","0.13","218","0.25333333","0.026450742","0.66108","0.2945","0.08502"]}}}}