{"definition":{"widgets":[{"reference":"88d06167-000c-a1a0-a1e0-9e08329f6e04"}],"template":"dynamic"},"questions":[{"type":"clozetext","reference":"88d06167-000c-a1a0-a1e0-9e08329f6e04"}],"features":[],"tags":{"Migration status":["Not started"],"Import status":["Incomplete"],"Moodle question type":["shortanswerwiris"],"Moodle flag":["Not used in any quiz"],"category":["top/Default for CHEM 360 Master Course"]},"reference":"a2e33a7c-e32d-d3ab-7f9b-b1e48fcaaf8c","status":"published","title":"Earth temperature (INCOMPLETE)","note":"","source":"https://quizzeslti.wiris.net/njit.edu/question/question.php?id=319698&courseid=200","dynamic_content_data":[]}