{"definition":{"widgets":[{"reference":"ec9789db-6406-a618-356e-b48dcfc0505f"}],"template":"dynamic"},"questions":[{"type":"clozetext","reference":"ec9789db-6406-a618-356e-b48dcfc0505f"}],"features":[],"tags":{"Migration status":["Not started"],"Import status":["Incomplete"],"Moodle question type":["shortanswerwiris"],"Moodle flag":["Used in a quiz explicitely","Duplicate, already included in a bundled item and not a random variant"],"category":["top/Default for CHEM 360 Master Course"]},"reference":"a2f0637c-93b9-c811-34d9-7ee2d482c0ec","status":"published","title":"HW3Q3 (INCOMPLETE)","note":"","source":"https://quizzeslti.wiris.net/njit.edu/question/question.php?id=319532&courseid=200","dynamic_content_data":[]}