{"definition":{"widgets":[{"reference":"dde46f28-e6c6-e835-49de-6c73d198c9af"}],"template":"dynamic"},"questions":[{"type":"shorttext","reference":"dde46f28-e6c6-e835-49de-6c73d198c9af"}],"features":[],"tags":{"Migration status":["Not started"],"Import status":["Complete"],"Moodle question type":["shortanswer"],"Moodle flag":["Not used in any quiz"],"category":["top/BH 9 Chemical Bonds"]},"reference":"a305b2e8-ac85-4958-b478-224d9f233505","status":"published","title":"Bond energies","note":"","source":"https://quizzeslti.wiris.net/njit.edu/question/question.php?id=319803&courseid=200","dynamic_content_data":[]}