{"definition":{"widgets":[{"reference":"41f64f30-2e38-90f6-7030-b516c1113024"}],"template":"dynamic"},"questions":[{"type":"clozetext","reference":"41f64f30-2e38-90f6-7030-b516c1113024"}],"features":[],"tags":{"Migration status":["Not started"],"Import status":["Incomplete"],"Moodle question type":["shortanswerwiris"],"Moodle flag":["Used in a quiz explicitely","Duplicate, already included in a bundled item and not a random variant"],"category":["top/Default for CHEM 360 Master Course"]},"reference":"a4c1aa57-1054-c00c-3e51-1a6aaee06c76","status":"published","title":"HW6Q7 (INCOMPLETE)","note":"","source":"https://quizzeslti.wiris.net/njit.edu/question/question.php?id=319602&courseid=200","dynamic_content_data":[]}