{"definition":{"widgets":[{"reference":"5a16adc6-217a-1874-1b85-ddf060593189"},{"reference":"f4aad5dc-b9c4-20e0-5f4e-65c2a3ad5d1c"},{"reference":"067dcd08-6748-77d3-047e-e2d684f86ad6"},{"reference":"7a15b802-781f-7c5b-f1cf-6bd500078714"},{"reference":"c6818701-5fc7-5f44-8108-314e35ed7dfd"},{"reference":"ad5ddd60-7044-ae8c-85a5-8e76eadcd27b"}],"template":"dynamic"},"questions":[{"type":"clozetext","reference":"5a16adc6-217a-1874-1b85-ddf060593189"},{"type":"clozetext","reference":"f4aad5dc-b9c4-20e0-5f4e-65c2a3ad5d1c"},{"type":"clozetext","reference":"067dcd08-6748-77d3-047e-e2d684f86ad6"},{"type":"clozetext","reference":"7a15b802-781f-7c5b-f1cf-6bd500078714"},{"type":"clozetext","reference":"c6818701-5fc7-5f44-8108-314e35ed7dfd"},{"type":"mcq","reference":"ad5ddd60-7044-ae8c-85a5-8e76eadcd27b"}],"features":[],"tags":{"Migration status":["Not started"],"Import status":["Incomplete"],"Moodle question type":["quizpage","essaywiris","shortanswerwiris","multianswerwiris","multichoicewiris"],"Moodle flag":["Used in a quiz explicitely"],"category":["Homework 5 extra - aerosols"]},"reference":"a533a9b5-6926-c08e-c5e0-ddd198e92f49","status":"published","title":"Homework 5 extra - aerosols - page 1","note":"","source":"https://quizzeslti.wiris.net/njit.edu/question/question.php?id=319604&courseid=200,https://quizzeslti.wiris.net/njit.edu/question/question.php?id=319605&courseid=200,https://quizzeslti.wiris.net/njit.edu/question/question.php?id=319606&courseid=200,https://quizzeslti.wiris.net/njit.edu/question/question.php?id=319607&courseid=200,https://quizzeslti.wiris.net/njit.edu/question/question.php?id=319618&courseid=200,https://quizzeslti.wiris.net/njit.edu/question/question.php?id=319624&courseid=200","dynamic_content_data":""}