{"definition":{"widgets":[{"reference":"be2675b5-bdbd-a47e-3497-cf4e9c23d9dd"}],"template":"dynamic"},"questions":[{"type":"clozetext","reference":"be2675b5-bdbd-a47e-3497-cf4e9c23d9dd"}],"features":[],"tags":{"Migration status":["Not started"],"Import status":["Incomplete"],"Moodle question type":["shortanswerwiris"],"Moodle flag":["Used in a quiz explicitely","Duplicate, already included in a bundled item and not a random variant"],"category":["top/Default for CHEM 360 Master Course"]},"reference":"a5438d04-e8d4-fab1-ceb2-3169a2d02886","status":"published","title":"Halocarbons (INCOMPLETE)","note":"","source":"https://quizzeslti.wiris.net/njit.edu/question/question.php?id=319705&courseid=200","dynamic_content_data":[]}