{"definition":{"widgets":[{"reference":"0a7eac64-fd74-b09f-c001-dbd5997515ab"}],"template":"dynamic"},"questions":[{"type":"mcq","reference":"0a7eac64-fd74-b09f-c001-dbd5997515ab"}],"features":[],"tags":{"Migration status":["Not started"],"Import status":["Complete"],"Moodle question type":["multichoicewiris"],"Moodle flag":["Not used in any quiz"],"category":["top/Default for CHEM 360 Master Course"]},"reference":"a5ddb5e8-bf96-ea75-708a-719eb3aca390","status":"published","title":"HW2Q5","note":"","source":"https://quizzeslti.wiris.net/njit.edu/question/question.php?id=319514&courseid=200","dynamic_content_data":[]}