{"definition":{"widgets":[{"reference":"f513bc4a-c1b2-d6b3-ecf2-67c90db99bbf"}],"template":"dynamic"},"questions":[{"type":"longtextV2","reference":"f513bc4a-c1b2-d6b3-ecf2-67c90db99bbf"}],"features":[],"tags":{"Migration status":["Not started"],"Import status":["Complete"],"Moodle question type":["essaywiris"],"Moodle flag":["Not used in any quiz"],"category":["top/Default for CHEM 360 Master Course"]},"reference":"a838db31-8152-f70e-ab43-701d856fa698","status":"published","title":"Q1Q4-t","note":"","source":"https://quizzeslti.wiris.net/njit.edu/question/question.php?id=319478&courseid=200","dynamic_content_data":[]}