{"definition":{"widgets":[{"reference":"af57e040-c476-7dba-1086-5e58b8fbc693"}],"template":"dynamic"},"questions":[{"type":"formulaV2","reference":"af57e040-c476-7dba-1086-5e58b8fbc693"}],"features":[],"tags":{"Migration status":["Not started"],"Import status":["Complete"],"Moodle question type":["calculated"],"Moodle flag":["Not used in any quiz"],"category":["top/BH 1 Multiplication by 1"]},"reference":"a8cee91d-f301-d4af-9989-7b687c2d6c11","status":"published","title":"Canceling Units 2","note":"","source":"https://quizzeslti.wiris.net/njit.edu/question/question.php?id=319708&courseid=200","dynamic_content_data":{"cols":["x"],"rows":{"4d479ad5-a6c5-96d6-772d-ebfac99164c2":{"index":0,"values":[".5"]},"3ca2699d-fe7b-a700-5f55-aa8071cf630f":{"index":1,"values":["0.5"]},"085a3b02-9ca3-ae34-3740-e87b96a1d3b2":{"index":2,"values":["0.5"]},"b28511ad-5fa1-a65c-a35f-dbfd159cc1e1":{"index":3,"values":["0.5"]},"8d28825e-e65a-df98-ebb4-a369e77966c4":{"index":4,"values":["0.5"]},"bd970632-469d-eb9a-df02-6dd29fb05e7a":{"index":5,"values":["0.5"]},"94d606ab-e2b5-5305-8aea-aca72bac9562":{"index":6,"values":["0.5"]},"a36d2f9c-4f27-7b55-f351-c968a9f084c9":{"index":7,"values":["0.5"]},"6599be00-c784-b8f5-36e7-bfe6fcc120bd":{"index":8,"values":["0.5"]},"5f9a5561-c401-1811-f90d-452028828661":{"index":9,"values":["0.5"]}}}}