{"definition":{"widgets":[{"reference":"79262150-eee9-39b3-f7e9-9ed5158d993a"}],"template":"dynamic"},"questions":[{"type":"clozetext","reference":"79262150-eee9-39b3-f7e9-9ed5158d993a"}],"features":[],"tags":{"Migration status":["Not started"],"Import status":["Incomplete"],"Moodle question type":["shortanswerwiris"],"Moodle flag":["Used in a quiz explicitely","Duplicate, already included in a bundled item and not a random variant"],"category":["top/Default for CHEM 360 Master Course"]},"reference":"aa6e3434-5529-fae4-2972-c7409a934985","status":"published","title":"EX2Q9 (INCOMPLETE)","note":"","source":"https://quizzeslti.wiris.net/njit.edu/question/question.php?id=319653&courseid=200","dynamic_content_data":[]}