{"definition":{"widgets":[{"reference":"b6ebf73b-aa9e-2111-07b5-777788142f59"}],"template":"dynamic"},"questions":[{"type":"formulaV2","reference":"b6ebf73b-aa9e-2111-07b5-777788142f59"}],"features":[],"tags":{"Migration status":["Not started"],"Import status":["Complete"],"Moodle question type":["calculated"],"Moodle flag":["Not used in any quiz"],"category":["top/BH 3 Balance Equations"]},"reference":"ab4058f4-6c8c-772e-8d9e-30d59e117830","status":"published","title":"Balanced equation, proportion","note":"","source":"https://quizzeslti.wiris.net/njit.edu/question/question.php?id=319731&courseid=200","dynamic_content_data":{"cols":["c","dd","b","a","d","ans0"],"rows":{"f79a175a-31bd-ec02-b0a8-80dac488fde8":{"index":0,"values":["2","4","2","1","2","4"]},"f5fa6f43-05d4-45e8-cbca-a1a63522aa0c":{"index":1,"values":["8","7","3","5","3","18.66666667"]},"5e09fd66-69f3-07da-a837-908510753c1f":{"index":2,"values":["4","6","3","3","2","8"]},"979126dd-b026-566c-9b75-1063a759e473":{"index":3,"values":["4","6","3","6","3","8"]},"7c84169d-8408-1f25-3ec5-9014e375a22b":{"index":4,"values":["6","6","3","1","2","12"]},"babca5ec-7491-2cb2-b2da-885fc47cc6a9":{"index":5,"values":["8","6","2","1","3","24"]},"ef0941fc-87da-93fa-ca87-68108ccad6a8":{"index":6,"values":["7","7","3","4","2","16.33333333"]},"bff9b78b-e208-12c1-5d54-6806f66230af":{"index":7,"values":["8","8","2","6","2","32"]},"7dd8a405-6ff5-5aaf-e0dd-7caa8d710290":{"index":8,"values":["6","7","3","5","2","14"]},"1ee9626d-30a5-927b-a95b-2cc9c076c09a":{"index":9,"values":["4","9","3","2","3","12"]},"c9143226-7d1e-947c-5090-ade8ee4762ef":{"index":10,"values":["3","5","2","5","3","7.5"]},"1c1932f5-a372-e068-e8c5-de3937aa7544":{"index":11,"values":["7","8","2","5","2","28"]},"dfb07187-406e-ffcf-45d6-a953ec140a5d":{"index":12,"values":["6","9","3","2","2","18"]},"cca12058-f53f-adfe-1212-57d4ebf7a570":{"index":13,"values":["7","6","2","7","3","21"]},"5ce37597-1f50-af7d-b996-6d857728b2c2":{"index":14,"values":["7","6","2","2","2","21"]},"c440af55-7ff6-ac83-e26a-a49f5d5e4e40":{"index":15,"values":["8","8","3","4","3","21.33333333"]},"d483d4e1-50ce-1261-5872-1730d6d15856":{"index":16,"values":["4","6","2","6","2","12"]},"8ad0e572-ac4b-f451-0556-28ead729d3d4":{"index":17,"values":["4","8","2","6","2","16"]},"b0d3665e-8d22-1fcc-ad4f-db747c335f2c":{"index":18,"values":["7","9","2","4","2","31.5"]},"f294e0e9-96a3-e385-24d9-c2bae19d7326":{"index":19,"values":["8","6","3","4","3","16"]}}}}