{"definition":{"widgets":[{"reference":"c35a05e9-a634-31d6-2d21-fb8a656391d2"}],"template":"dynamic"},"questions":[{"type":"clozetext","reference":"c35a05e9-a634-31d6-2d21-fb8a656391d2"}],"features":[],"tags":{"Migration status":["Not started"],"Import status":["Incomplete"],"Moodle question type":["shortanswerwiris"],"Moodle flag":["Not used in any quiz"],"category":["top/Default for CHEM 360 Master Course"]},"reference":"ab628bee-e656-ff62-d272-2324fc1e2168","status":"published","title":"EX1Q2 (INCOMPLETE)","note":"","source":"https://quizzeslti.wiris.net/njit.edu/question/question.php?id=319561&courseid=200","dynamic_content_data":[]}