{"definition":{"widgets":[{"reference":"8ce5aa0f-47dd-3b78-4cbc-9465b1e41405"}],"template":"dynamic"},"questions":[{"type":"clozetext","reference":"8ce5aa0f-47dd-3b78-4cbc-9465b1e41405"}],"features":[],"tags":{"Migration status":["Not started"],"Import status":["Incomplete"],"Moodle question type":["shortanswerwiris"],"Moodle flag":["Not used in any quiz"],"category":["top/Default for CHEM 360 Master Course"]},"reference":"abc49f73-39c3-9438-5785-1eff9634609b","status":"published","title":"HW3Qx (INCOMPLETE)","note":"","source":"https://quizzeslti.wiris.net/njit.edu/question/question.php?id=319530&courseid=200","dynamic_content_data":[]}