{"definition":{"widgets":[{"reference":"d95d86d5-7164-e5a2-0e53-6d9463874e1e"}],"template":"dynamic"},"questions":[{"type":"clozetext","reference":"d95d86d5-7164-e5a2-0e53-6d9463874e1e"}],"features":[],"tags":{"Migration status":["Not started"],"Import status":["Incomplete"],"Moodle question type":["matchwiris"],"Moodle flag":["Not used in any quiz"],"category":["top/Default for CHEM 360 Master Course"]},"reference":"ac0f45cd-33a2-36ff-e003-d66e83d18eb5","status":"published","title":"EX2Q17b (INCOMPLETE)","note":"","source":"https://quizzeslti.wiris.net/njit.edu/question/question.php?id=356440&courseid=200","dynamic_content_data":[]}