{"definition":{"widgets":[{"reference":"7952238c-1892-761a-3c25-3bbcb97a603c"}],"template":"dynamic"},"questions":[{"type":"shorttext","reference":"7952238c-1892-761a-3c25-3bbcb97a603c"}],"features":[],"tags":{"Migration status":["Not started"],"Import status":["Complete"],"Moodle question type":["shortanswer"],"Moodle flag":["Not used in any quiz"],"category":["top/BH 4 Electrolytes"]},"reference":"ac9a0ffa-d47f-ddbc-43b6-6fade33c2bdf","status":"published","title":"Electrolytes 6 acetic acid","note":"","source":"https://quizzeslti.wiris.net/njit.edu/question/question.php?id=319757&courseid=200","dynamic_content_data":[]}