{"definition":{"widgets":[{"reference":"c6a6973d-a6b8-21fb-81e4-000fe2cb3cdc"}],"template":"dynamic"},"questions":[{"type":"clozetext","reference":"c6a6973d-a6b8-21fb-81e4-000fe2cb3cdc"}],"features":[],"tags":{"Migration status":["Not started"],"Import status":["Incomplete"],"Moodle question type":["shortanswerwiris"],"Moodle flag":["Used in a quiz explicitely","Duplicate, already included in a bundled item and not a random variant"],"category":["top/Default for CHEM 360 Master Course"]},"reference":"ad029e35-ea04-bcbb-10a7-d7993f422003","status":"published","title":"HW6Q4 (INCOMPLETE)","note":"","source":"https://quizzeslti.wiris.net/njit.edu/question/question.php?id=319599&courseid=200","dynamic_content_data":[]}