{"definition":{"widgets":[{"reference":"6c01114c-2672-3382-641d-75a7fb29f334"}],"template":"dynamic"},"questions":[{"type":"clozetext","reference":"6c01114c-2672-3382-641d-75a7fb29f334"}],"features":[],"tags":{"Migration status":["Not started"],"Import status":["Incomplete"],"Moodle question type":["shortanswerwiris"],"Moodle flag":["Not used in any quiz"],"category":["top/Default for CHEM 360 Master Course"]},"reference":"ae1bcc7f-57e2-6ca6-d3a8-3e5bd439f6a5","status":"published","title":"EX2Q14 (INCOMPLETE)","note":"","source":"https://quizzeslti.wiris.net/njit.edu/question/question.php?id=319663&courseid=200","dynamic_content_data":[]}