{"definition":{"widgets":[{"reference":"c0a1e07a-4aa6-5318-344b-b7a6dfe232ec"}],"template":"dynamic"},"questions":[{"type":"clozetext","reference":"c0a1e07a-4aa6-5318-344b-b7a6dfe232ec"}],"features":[],"tags":{"Migration status":["Not started"],"Import status":["Incomplete"],"Moodle question type":["shortanswerwiris"],"Moodle flag":["Not used in any quiz"],"category":["top/Default for CHEM 360 Master Course"]},"reference":"aeacbcd8-da16-fcf3-7038-c29fba559ddf","status":"published","title":"Probabilities 3 (INCOMPLETE)","note":"","source":"https://quizzeslti.wiris.net/njit.edu/question/question.php?id=319473&courseid=200","dynamic_content_data":[]}