{"definition":{"widgets":[{"reference":"c7db6f8d-ea28-f88a-a1bb-189eb3a839f6"}],"template":"dynamic"},"questions":[{"type":"clozetext","reference":"c7db6f8d-ea28-f88a-a1bb-189eb3a839f6"}],"features":[],"tags":{"Migration status":["Not started"],"Import status":["Incomplete"],"Moodle question type":["truefalsewiris"],"Moodle flag":["Used in a quiz explicitely","Duplicate, already included in a bundled item and not a random variant"],"category":["top/Default for CHEM 360 Master Course"]},"reference":"aec2fc93-e963-6528-c693-8db3d4e59558","status":"published","title":"Q4Q0 (INCOMPLETE)","note":"","source":"https://quizzeslti.wiris.net/njit.edu/question/question.php?id=319629&courseid=200","dynamic_content_data":[]}