{"definition":{"widgets":[{"reference":"36ddb076-4b89-1c4f-7bb9-111c6a476840"}],"template":"dynamic"},"questions":[{"type":"clozetext","reference":"36ddb076-4b89-1c4f-7bb9-111c6a476840"}],"features":[],"tags":{"Migration status":["Not started"],"Import status":["Incomplete"],"Moodle question type":["essaywiris"],"Moodle flag":["Used in a quiz explicitely","Duplicate, already included in a bundled item and not a random variant"],"category":["top/Default for CHEM 360 Master Course"]},"reference":"aef80776-f7a8-f5dd-98a2-9e0dfc40581a","status":"published","title":"Q3Q1 (INCOMPLETE)","note":"","source":"https://quizzeslti.wiris.net/njit.edu/question/question.php?id=319604&courseid=200","dynamic_content_data":[]}