{"definition":{"widgets":[{"reference":"7633942b-2518-7278-6e54-da56c4d88532"}],"template":"dynamic"},"questions":[{"type":"mcq","reference":"7633942b-2518-7278-6e54-da56c4d88532"}],"features":[],"tags":{"Migration status":["Not started"],"Import status":["Complete"],"Moodle question type":["multichoicewiris"],"Moodle flag":["Not used in any quiz"],"category":["top/Default for CHEM 360 Master Course"]},"reference":"af2b92c4-fae3-e025-7caf-9736eb7b00a2","status":"published","title":"Q3Q4","note":"","source":"https://quizzeslti.wiris.net/njit.edu/question/question.php?id=319615&courseid=200","dynamic_content_data":[]}