{"definition":{"widgets":[{"reference":"15fd6917-9b0b-7fc9-b8eb-08c37b89c7b1"}],"template":"dynamic"},"questions":[{"type":"clozetext","reference":"15fd6917-9b0b-7fc9-b8eb-08c37b89c7b1"}],"features":[],"tags":{"Migration status":["Not started"],"Import status":["Incomplete"],"Moodle question type":["shortanswerwiris"],"Moodle flag":["Used in a quiz explicitely","Duplicate, already included in a bundled item and not a random variant"],"category":["top/Default for CHEM 360 Master Course"]},"reference":"afabcc14-b635-f3ce-e6f2-0bf78fd97454","status":"published","title":"Closing test (INCOMPLETE)","note":"","source":"https://quizzeslti.wiris.net/njit.edu/question/question.php?id=319693&courseid=200","dynamic_content_data":[]}