{"definition":{"widgets":[{"reference":"eed5f691-fb83-1133-241a-16cfb35bf433"}],"template":"dynamic"},"questions":[{"type":"mcq","reference":"eed5f691-fb83-1133-241a-16cfb35bf433"}],"features":[],"tags":{"Migration status":["Not started"],"Import status":["Complete"],"Moodle question type":["multichoice"],"Moodle flag":["Used in a quiz explicitely","Duplicate, already included in a bundled item and not a random variant"],"category":["top/BH 9 Chemical Bonds"]},"reference":"b03e54ca-9bc6-9d0e-fbbb-2afdb06d34e3","status":"published","title":"CB 1e LS","note":"","source":"https://quizzeslti.wiris.net/njit.edu/question/question.php?id=319790&courseid=200","dynamic_content_data":[]}