{"definition":{"widgets":[{"reference":"6d99f90c-801b-bac0-029a-cac0994993f5"}],"template":"dynamic"},"questions":[{"type":"shorttext","reference":"6d99f90c-801b-bac0-029a-cac0994993f5"}],"features":[],"tags":{"Migration status":["Not started"],"Import status":["Complete"],"Moodle question type":["shortanswer"],"Moodle flag":["Not used in any quiz"],"category":["top/BH 9 Chemical Bonds"]},"reference":"b1b0ab17-eda5-711d-37c3-28af40eb167c","status":"published","title":"CB 1a valence electrons","note":"","source":"https://quizzeslti.wiris.net/njit.edu/question/question.php?id=319805&courseid=200","dynamic_content_data":[]}