{"definition":{"widgets":[{"reference":"f3930132-5efd-eab5-033b-cc0c92d66602"}],"template":"dynamic"},"questions":[{"type":"mcq","reference":"f3930132-5efd-eab5-033b-cc0c92d66602"}],"features":[],"tags":{"Migration status":["Not started"],"Import status":["Complete"],"Moodle question type":["multichoicewiris"],"Moodle flag":["Used in a quiz explicitely","Duplicate, already included in a bundled item and not a random variant"],"category":["top/Default for CHEM 360 Master Course"]},"reference":"b213f2e1-b267-c1cc-ec3d-9fdd21ad03f3","status":"published","title":"EX2Q3","note":"","source":"https://quizzeslti.wiris.net/njit.edu/question/question.php?id=319647&courseid=200","dynamic_content_data":[]}