{"definition":{"widgets":[{"reference":"c28599b6-628f-f5dc-1150-6ebf11230987"}],"template":"dynamic"},"questions":[{"type":"clozetext","reference":"c28599b6-628f-f5dc-1150-6ebf11230987"}],"features":[],"tags":{"Migration status":["Not started"],"Import status":["Incomplete"],"Moodle question type":["shortanswerwiris"],"Moodle flag":["Used in a quiz explicitely","Duplicate, already included in a bundled item and not a random variant"],"category":["top/Default for CHEM 360 Master Course"]},"reference":"b38243d5-e171-91b5-65ea-fb1002520235","status":"published","title":"Sep 15 (INCOMPLETE)","note":"","source":"https://quizzeslti.wiris.net/njit.edu/question/question.php?id=319677&courseid=200","dynamic_content_data":[]}