{"definition":{"widgets":[{"reference":"9f1feb5a-0dd5-c8a9-de25-5e41c7e8712f"}],"template":"dynamic"},"questions":[{"type":"mcq","reference":"9f1feb5a-0dd5-c8a9-de25-5e41c7e8712f"}],"features":[],"tags":{"Migration status":["Not started"],"Import status":["Complete"],"Moodle question type":["multichoicewiris"],"Moodle flag":["Not used in any quiz"],"category":["top/Default for CHEM 360 Master Course"]},"reference":"b3e45e19-7bb1-89bf-bc02-6b899781ae7f","status":"published","title":"EX2Q19","note":"","source":"https://quizzeslti.wiris.net/njit.edu/question/question.php?id=319669&courseid=200","dynamic_content_data":[]}