{"definition":{"widgets":[{"reference":"11493110-d482-519a-18e8-a7e816f20b74"}],"template":"dynamic"},"questions":[{"type":"clozetext","reference":"11493110-d482-519a-18e8-a7e816f20b74"}],"features":[],"tags":{"Migration status":["Not started"],"Import status":["Incomplete"],"Moodle question type":["shortanswerwiris"],"Moodle flag":["Not used in any quiz"],"category":["top/Default for CHEM 360 Master Course"]},"reference":"b4120f7b-5144-23f0-77cc-3a8df06233a0","status":"published","title":"EX2Q14 (INCOMPLETE)","note":"","source":"https://quizzeslti.wiris.net/njit.edu/question/question.php?id=319659&courseid=200","dynamic_content_data":[]}