{"definition":{"widgets":[{"reference":"46e39d81-798b-74a2-6199-cd34aadb492b"}],"template":"dynamic"},"questions":[{"type":"mcq","reference":"46e39d81-798b-74a2-6199-cd34aadb492b"}],"features":[],"tags":{"Migration status":["Not started"],"Import status":["Complete"],"Moodle question type":["multichoicewiris"],"Moodle flag":["Used in a quiz explicitely","Duplicate, already included in a bundled item and not a random variant"],"category":["top/Default for CHEM 360 Master Course"]},"reference":"b43a70e1-f2bf-2737-bf55-4552af920f18","status":"published","title":"HW5Q7","note":"","source":"https://quizzeslti.wiris.net/njit.edu/question/question.php?id=319594&courseid=200","dynamic_content_data":[]}