{"definition":{"widgets":[{"reference":"d424eea7-5dad-651b-8e21-fe03d69fc67f"}],"template":"dynamic"},"questions":[{"type":"shorttext","reference":"d424eea7-5dad-651b-8e21-fe03d69fc67f"}],"features":[],"tags":{"Migration status":["Not started"],"Import status":["Complete"],"Moodle question type":["shortanswer"],"Moodle flag":["Not used in any quiz"],"category":["top/BH 3 Basics"]},"reference":"b4ac371d-698f-a3ca-2e2d-7b44fcb6a5ec","status":"published","title":"Empirical formula from mass","note":"","source":"https://quizzeslti.wiris.net/njit.edu/question/question.php?id=319725&courseid=200","dynamic_content_data":[]}