{"definition":{"widgets":[{"reference":"b824b2c1-dbe0-ca4a-ed76-32065d82a631"}],"template":"dynamic"},"questions":[{"type":"formulaV2","reference":"b824b2c1-dbe0-ca4a-ed76-32065d82a631"}],"features":[],"tags":{"Migration status":["Not started"],"Import status":["Complete"],"Moodle question type":["calculated"],"Moodle flag":["Not used in any quiz"],"category":["top/BH 6 Thermo 1"]},"reference":"b59d05ec-32ed-15cc-2842-3b7aa189261d","status":"published","title":"convert pressure units 2","note":"","source":"https://quizzeslti.wiris.net/njit.edu/question/question.php?id=319770&courseid=200","dynamic_content_data":{"cols":["x","ans0"],"rows":{"79ec795d-d019-a16c-c032-b8c54476741e":{"index":0,"values":["1.10","836"]},"fe55d9fc-5891-1600-4122-2a1c1da7e418":{"index":1,"values":["2.55","1938"]},"482a0dcb-c1d3-cc71-d6cf-162ace3baa85":{"index":2,"values":["2.85","2166"]},"873d1c75-6f5b-ca65-489b-d39202f346cb":{"index":3,"values":["2.39","1816.4"]},"98291449-4bd0-5af1-4e19-f96b9d66593b":{"index":4,"values":["1.59","1208.4"]},"020ec4cd-86e0-15a6-0c1d-7233e3d0ca4f":{"index":5,"values":["2.27","1725.2"]},"773c5097-fa35-22e2-959a-48d9f85f5735":{"index":6,"values":["2.49","1892.4"]},"e0121394-c4ce-a467-9b16-284003e2d1db":{"index":7,"values":["1.55","1178"]},"ae64673d-6aee-2645-b30a-4357c4c48f19":{"index":8,"values":["1.28","972.8"]},"aa996aaa-5b07-e020-4188-4c97eab38a2e":{"index":9,"values":["2.47","1877.2"]},"2e8d21ef-4376-e345-d755-9f3aeefaa4f1":{"index":10,"values":["2.05","1558"]},"f91c0ab1-1dba-4ab2-fdee-10b96485fc4a":{"index":11,"values":["1.63","1238.8"]},"0c221c7d-1e69-9b4c-6eff-8ca52f07caa7":{"index":12,"values":["1.66","1261.6"]},"7a065eae-812f-db58-ff45-c3dfe4fa6829":{"index":13,"values":["1.92","1459.2"]},"40731783-addd-965b-6a58-4f9dc630ec44":{"index":14,"values":["2.97","2257.2"]},"33a0d03b-ae9a-65e9-e50c-bc422c773f19":{"index":15,"values":["1.33","1010.8"]},"799ad398-67f4-5aa0-1198-63015e339993":{"index":16,"values":["1.54","1170.4"]},"a281ba0e-1f62-f497-f036-6b56dbec542d":{"index":17,"values":["1.45","1102"]},"b14304f5-4a1a-7b17-410d-4a4aa4341648":{"index":18,"values":["2.58","1960.8"]},"66b1ec39-36dc-8287-0fdc-59a4b35a8151":{"index":19,"values":["1.47","1117.2"]},"a3c3e1d1-cb7d-ee7c-f434-3e6253445b0d":{"index":20,"values":["2.10","1596"]},"90396107-98dd-c189-02c7-51c37d4adf6b":{"index":21,"values":["2.77","2105.2"]},"669dc550-03ae-ef09-cbc9-4067e6a95476":{"index":22,"values":["2.72","2067.2"]},"901b22cc-6ea0-8934-284e-c04925ffd0fe":{"index":23,"values":["2.75","2090"]},"08b91d8f-73b9-4ecd-2744-b1fe7d9d9df2":{"index":24,"values":["2.56","1945.6"]},"d0749d6f-e045-ed91-d1cf-641196c58db3":{"index":25,"values":["2.95","2242"]},"da706649-09a5-340e-d344-8aa342818e42":{"index":26,"values":["1.65","1254"]},"69f8c2a5-74ff-ccce-bcb7-bec486fba87d":{"index":27,"values":["1.50","1140"]},"1848f250-bf22-3180-548c-1ba496ee69af":{"index":28,"values":["2.80","2128"]},"fae47201-7ef4-a627-1df2-8f691ff1c0cb":{"index":29,"values":["2.50","1900"]},"c8caae07-cf2e-edb0-4a36-7eb3bf5c1fa7":{"index":30,"values":["2.56","1945.6"]},"a40370fa-4262-0d23-2cec-2396e62e512b":{"index":31,"values":["1.63","1238.8"]},"99cb9b5b-ba0d-24f5-e34a-f54f8ba49864":{"index":32,"values":["2.03","1542.8"]},"e7df9970-b306-136a-409b-86d650545c2f":{"index":33,"values":["2.38","1808.8"]},"e6c482db-2c45-cae9-dac5-20aa49309cea":{"index":34,"values":["1.17","889.2"]},"21a74e80-bdc9-cf08-a8ec-8ac657e25599":{"index":35,"values":["1.65","1254"]},"abf59182-bdaf-45b9-d79d-6f4a26e8740d":{"index":36,"values":["2.38","1808.8"]},"2576d829-4819-4e8c-db10-636bbe661884":{"index":37,"values":["1.73","1314.8"]},"c0c909b5-eb32-6bba-71b2-e3cf11afbbbf":{"index":38,"values":["2.98","2264.8"]},"354b405a-4055-581e-aee0-d1f6cbaaaa55":{"index":39,"values":["1.73","1314.8"]},"b7c33ea5-17ff-1af7-0041-f51ea85b90e7":{"index":40,"values":["1.32","1003.2"]},"01428697-4c29-5fed-e0d2-e829de133669":{"index":41,"values":["1.33","1010.8"]},"045bb7b1-5008-b7f6-f711-13f5e8739638":{"index":42,"values":["1.82","1383.2"]},"e8902c4b-c2f7-ce0d-bfb7-79d661424674":{"index":43,"values":["2.11","1603.6"]},"451572bf-8d7c-288f-928e-596c8344f1a0":{"index":44,"values":["2.45","1862"]},"d0ee4dbb-6b48-cecc-2196-119e11f550d3":{"index":45,"values":["1.17","889.2"]},"6e4a4939-4656-ab07-063b-f195609fce5d":{"index":46,"values":["2.45","1862"]},"1fd0a82f-b43c-eaf0-6f81-eeb1842136a1":{"index":47,"values":["1.36","1033.6"]},"de808b82-4e5e-1f2c-5d68-b3ae378c2a28":{"index":48,"values":["1.22","927.2"]},"cbfb7a9b-fdb7-a46d-230b-66937a2e47fd":{"index":49,"values":["1.56","1185.6"]},"19ea2f60-1086-bd32-ab6f-7d39e359fec7":{"index":50,"values":["1.14","866.4"]},"72bd4b55-9380-81d9-7fac-a1a11090c59a":{"index":51,"values":["1.90","1444"]},"e6a27cc7-0da2-c4e2-d1e9-31581991c261":{"index":52,"values":["1.89","1436.4"]},"2b21d044-d840-823c-897b-9b8425f9a5cb":{"index":53,"values":["1.20","912"]},"48b2a3fb-f832-5098-7c3f-3d518b9b39c7":{"index":54,"values":["2.80","2128"]},"641b5757-b38a-e9b9-353f-040aaf33c0e0":{"index":55,"values":["2.76","2097.6"]},"ba6ec228-50ca-8878-f0e9-4310dc5ab402":{"index":56,"values":["2.84","2158.4"]},"3cc9c61f-741b-f8ff-2336-51a45786f029":{"index":57,"values":["1.49","1132.4"]},"0b78fb0a-bdd4-68d0-0f94-2565c3fde5f6":{"index":58,"values":["2.91","2211.6"]},"56606bbf-7df1-8001-4c24-9d7099242b70":{"index":59,"values":["1.26","957.6"]}}}}