{"definition":{"widgets":[{"reference":"30766fc2-ae58-d186-02c7-1feea77aa55e"},{"reference":"6e295920-0a94-3155-8757-f8636a77fedf"},{"reference":"ca471ff9-b2cf-5c67-dd8f-f41ede769e96"},{"reference":"8904238d-bc57-acac-6922-1b6933f5667a"},{"reference":"55f3efd9-a8a2-b460-366c-8ad2afe52cfd"}],"template":"dynamic"},"questions":[{"type":"clozetext","reference":"30766fc2-ae58-d186-02c7-1feea77aa55e"},{"type":"clozetext","reference":"6e295920-0a94-3155-8757-f8636a77fedf"},{"type":"clozetext","reference":"ca471ff9-b2cf-5c67-dd8f-f41ede769e96"},{"type":"clozetext","reference":"8904238d-bc57-acac-6922-1b6933f5667a"},{"type":"clozetext","reference":"55f3efd9-a8a2-b460-366c-8ad2afe52cfd"}],"features":[],"tags":{"Migration status":["Not started"],"Import status":["Incomplete"],"Moodle question type":["quizpage","matchwiris"],"Moodle flag":["Used in a quiz explicitely"],"category":["Quiz 2 - transport"]},"reference":"b5b2577f-1fbe-746b-b50a-c921bac6aecc","status":"published","title":"Quiz 2 - transport - page 1","note":"","source":"https://quizzeslti.wiris.net/njit.edu/question/question.php?id=319548&courseid=200,https://quizzeslti.wiris.net/njit.edu/question/question.php?id=319549&courseid=200,https://quizzeslti.wiris.net/njit.edu/question/question.php?id=319550&courseid=200,https://quizzeslti.wiris.net/njit.edu/question/question.php?id=319551&courseid=200,https://quizzeslti.wiris.net/njit.edu/question/question.php?id=319552&courseid=200","dynamic_content_data":""}