{"definition":{"widgets":[{"reference":"a1b51fb5-3808-f2bd-9cb2-7122a9e0e281"}],"template":"dynamic"},"questions":[{"type":"clozetext","reference":"a1b51fb5-3808-f2bd-9cb2-7122a9e0e281"}],"features":[],"tags":{"Migration status":["Not started"],"Import status":["Incomplete"],"Moodle question type":["shortanswerwiris"],"Moodle flag":["Not used in any quiz"],"category":["top/Default for CHEM 360 Master Course"]},"reference":"b63f5aed-df16-e891-2baa-b7cdc5070608","status":"published","title":"HW1Q8 (INCOMPLETE)","note":"","source":"https://quizzeslti.wiris.net/njit.edu/question/question.php?id=319487&courseid=200","dynamic_content_data":[]}