{"definition":{"widgets":[{"reference":"71ad68ec-d221-6cd7-6a16-8e0a01ecc9e0"}],"template":"dynamic"},"questions":[{"type":"mcq","reference":"71ad68ec-d221-6cd7-6a16-8e0a01ecc9e0"}],"features":[],"tags":{"Migration status":["Not started"],"Import status":["Complete"],"Moodle question type":["multichoicewiris"],"Moodle flag":["Used in a quiz explicitely","Duplicate, already included in a bundled item and not a random variant"],"category":["top/Default for CHEM 360 Master Course"]},"reference":"b6409f90-f10a-8024-4958-40f196f526b9","status":"published","title":"HW8Q6","note":"","source":"https://quizzeslti.wiris.net/njit.edu/question/question.php?id=319641&courseid=200","dynamic_content_data":[]}