{"definition":{"widgets":[{"reference":"fbc385c5-e073-f49d-28e3-742cb17733e3"}],"template":"dynamic"},"questions":[{"type":"clozetext","reference":"fbc385c5-e073-f49d-28e3-742cb17733e3"}],"features":[],"tags":{"Migration status":["Not started"],"Import status":["Incomplete"],"Moodle question type":["shortanswerwiris"],"Moodle flag":["Used in a quiz explicitely","Duplicate, already included in a bundled item and not a random variant"],"category":["top/Default for CHEM 360 Master Course"]},"reference":"b679b2c7-3881-a547-ea7b-dc97542f337c","status":"published","title":"Sep 13 lifting and lowering blocks (INCOMPLETE)","note":"","source":"https://quizzeslti.wiris.net/njit.edu/question/question.php?id=356433&courseid=200","dynamic_content_data":[]}