{"definition":{"widgets":[{"reference":"27d93e70-f6a1-d9b9-f547-85e73b3561e4"}],"template":"dynamic"},"questions":[{"type":"formulaV2","reference":"27d93e70-f6a1-d9b9-f547-85e73b3561e4"}],"features":[],"tags":{"Migration status":["Not started"],"Import status":["Complete"],"Moodle question type":["calculated"],"Moodle flag":["Used in a quiz explicitely","Duplicate, already included in a bundled item and not a random variant"],"category":["top/BH 4 Molarity"]},"reference":"b70379be-8821-e6ff-418c-be12fb3f12ab","status":"published","title":"Molarity definition","note":"","source":"https://quizzeslti.wiris.net/njit.edu/question/question.php?id=319764&courseid=200","dynamic_content_data":{"cols":["x","y","ans0"],"rows":{"40ea7c21-8dfa-270a-b8d5-f304a6561e89":{"index":0,"values":["0.20","2","0.1"]},"178a5383-ee59-7ce4-0c32-bcc3df83d60b":{"index":1,"values":["0.39","3","0.13"]},"c1e59eaa-70e6-1abc-f1a4-b9fb21a9d1dd":{"index":2,"values":["0.60","4","0.15"]},"ba1076ab-da85-7154-fd29-c638e29e5113":{"index":3,"values":["0.62","2","0.31"]},"763a8060-fc05-8e63-b511-d7c490e90f12":{"index":4,"values":["0.72","3","0.24"]},"5e744502-8733-1e44-0f16-d35df631111f":{"index":5,"values":["0.72","3","0.24"]},"81b4896f-bdcb-846f-c277-613754ff2d39":{"index":6,"values":["0.39","3","0.13"]},"b020457c-fd91-1496-f6a2-1ad82a0a1a27":{"index":7,"values":["0.73","3","0.24333333"]},"463ef107-df9c-ad3b-0d43-044eccb246c0":{"index":8,"values":["0.74","4","0.185"]},"aa12a256-60f3-3bf6-9c33-f4c91d839a8b":{"index":9,"values":["0.49","2","0.245"]},"9e4ad811-f725-bca9-26f8-a0525c24f79a":{"index":10,"values":["0.53","4","0.1325"]},"91227d45-04f8-3f05-5525-561f97d79b02":{"index":11,"values":["0.41","5","0.082"]},"dc1d178c-3282-b979-33ae-63ebb75326b7":{"index":12,"values":["0.20","2","0.1"]},"692d75f3-8b7f-27b5-6878-dec0c2d79aad":{"index":13,"values":["0.43","3","0.14333333"]},"a8709f69-3749-bacf-8869-f147c630f28f":{"index":14,"values":["0.43","5","0.086"]},"e06d7156-de3f-6455-00c9-7d501c047953":{"index":15,"values":["0.21","4","0.0525"]},"b63d79c4-e298-0541-69ac-4150d57892b9":{"index":16,"values":["0.58","2","0.29"]},"33790082-e29c-0918-73c8-5502cc2a67df":{"index":17,"values":["0.58","2","0.29"]},"0a857634-23ef-fcc6-d240-da87b6390df0":{"index":18,"values":["0.75","3","0.25"]},"6f871896-be1b-e1c3-56db-7dd3e0560776":{"index":19,"values":["0.65","2","0.325"]},"1e8ee1ac-4a3f-2c8b-bcd7-c86e50eb7426":{"index":20,"values":["0.25","4","0.0625"]},"21e61f27-ef65-ca26-a7b5-7acc7271bbd9":{"index":21,"values":["0.44","5","0.088"]},"34e70b3e-736b-a4e0-42db-6a49dbcbb5f6":{"index":22,"values":["0.42","4","0.105"]},"d9440f0a-e772-e3fd-0931-e1dcb5a19aec":{"index":23,"values":["0.31","2","0.155"]},"3a0204f1-5029-f435-75cc-d8c071c1e352":{"index":24,"values":["0.46","4","0.115"]},"680f0d09-5438-ffdd-b409-0e227df45088":{"index":25,"values":["0.35","2","0.175"]},"63badf4e-79c9-2dab-ee72-f266ebe04088":{"index":26,"values":["0.34","3","0.11333333"]},"90ec962a-3a1c-86eb-895a-39ca2d0d0b7a":{"index":27,"values":["0.59","3","0.19666667"]},"db0a4eaf-b766-ce5b-9406-ea75cc3cb4b3":{"index":28,"values":["0.37","4","0.0925"]},"ceba14c0-aa30-f2a7-3ab6-e2bdd1e9cce2":{"index":29,"values":["0.21","4","0.0525"]},"7ffdd29d-a1b4-33f0-326e-5303f08dcd2f":{"index":30,"values":["0.74","2","0.37"]},"7dbbd504-bcae-92c6-a1e1-f92568c1cab8":{"index":31,"values":["0.58","5","0.116"]},"e2087937-58ff-31d1-b697-588b249d13ba":{"index":32,"values":["0.61","4","0.1525"]},"a84e860b-84b6-e5bf-73a9-e9abc004d66e":{"index":33,"values":["0.25","4","0.0625"]},"c529e625-148c-b2e5-fcde-314f1870ad2f":{"index":34,"values":["0.43","5","0.086"]},"5f1278dd-97ec-6014-d845-eab2778160d9":{"index":35,"values":["0.51","5","0.102"]},"45d33437-c4ca-1ce9-0502-f29a4ee0e7cb":{"index":36,"values":["0.26","2","0.13"]},"1a88562b-6a25-0dbb-2d07-210106695c31":{"index":37,"values":["0.70","4","0.175"]},"8a834429-dbe7-f2fa-0b35-118fa1b725ad":{"index":38,"values":["0.46","4","0.115"]},"008d9621-9747-d43f-eacb-f5480aa5ded8":{"index":39,"values":["0.25","3","0.083333333"]},"372067d3-37ad-c200-ae0b-ee517326279b":{"index":40,"values":["0.26","2","0.13"]},"c13a66a0-5687-d377-29e0-40bec81cabd9":{"index":41,"values":["0.41","5","0.082"]},"81b76b3c-72b7-970d-4b09-4e5e4c41c377":{"index":42,"values":["0.56","4","0.14"]},"ab1102d3-8879-1ff6-0125-2bcc1649e8d5":{"index":43,"values":["0.65","3","0.21666667"]},"ac03f8a5-e501-30e1-8722-49624291c4d2":{"index":44,"values":["0.60","4","0.15"]},"05dd8df1-76d3-29e1-ad5d-f1acd421f85a":{"index":45,"values":["0.77","3","0.25666667"]},"ce31ac5e-22ff-ac8e-d553-536116678bf2":{"index":46,"values":["0.65","4","0.1625"]},"def5b60d-12e3-5901-b6ba-f31a721095f5":{"index":47,"values":["0.64","5","0.128"]},"7191ceff-03d5-82bc-78af-811942fb13da":{"index":48,"values":["0.39","5","0.078"]},"26090c7f-9367-a2ab-d3c6-5e23f626394a":{"index":49,"values":["0.71","2","0.355"]},"57eb660a-4b98-bd52-07b9-1fca83b1b9cb":{"index":50,"values":["0.28","5","0.056"]},"21de8f43-cbca-9610-bd14-3138b3433cee":{"index":51,"values":["0.31","5","0.062"]},"88974f44-6852-6fae-7cbf-a5004a07ee48":{"index":52,"values":["0.55","5","0.11"]},"519ad184-deae-b504-6fe1-8e4d3778072d":{"index":53,"values":["0.69","3","0.23"]},"48452531-c595-ba2c-e814-41aa31fd0716":{"index":54,"values":["0.57","4","0.1425"]},"661d1c5f-83dd-cae9-c475-4b02002ab155":{"index":55,"values":["0.41","3","0.13666667"]},"c3333b6e-7ca9-616c-9933-fae96a0e15b8":{"index":56,"values":["0.70","4","0.175"]},"774098e1-c105-1b0a-c9a9-f1647241094a":{"index":57,"values":["0.48","2","0.24"]},"62fb4026-f1f5-ebd4-edd2-e26f49694f64":{"index":58,"values":["0.22","4","0.055"]},"6d711a45-e378-cdbd-1356-aaad6a005ad3":{"index":59,"values":["0.76","3","0.25333333"]}}}}