{"definition":{"widgets":[{"reference":"e1df17ee-9cac-24b5-c576-f7002ff8143d"}],"template":"dynamic"},"questions":[{"type":"shorttext","reference":"e1df17ee-9cac-24b5-c576-f7002ff8143d"}],"features":[],"tags":{"Migration status":["Not started"],"Import status":["Complete"],"Moodle question type":["shortanswer"],"Moodle flag":["Not used in any quiz"],"category":["top/BH 4 Electrolytes"]},"reference":"b7b380c2-377f-e732-a153-e043400da56a","status":"published","title":"Electrolytes for ch 5 -3b-","note":"","source":"https://quizzeslti.wiris.net/njit.edu/question/question.php?id=319760&courseid=200","dynamic_content_data":[]}