{"definition":{"widgets":[{"reference":"575e19a3-5705-f277-3b17-b021c9138328"}],"template":"dynamic"},"questions":[{"type":"shorttext","reference":"575e19a3-5705-f277-3b17-b021c9138328"}],"features":[],"tags":{"Migration status":["Not started"],"Import status":["Complete"],"Moodle question type":["shortanswer"],"Moodle flag":["Not used in any quiz"],"category":["top/BH 4 Electrolytes"]},"reference":"b8e89daf-77db-8f45-fc84-9b667bb72523","status":"published","title":"Electrolytes 1 KCl","note":"","source":"https://quizzeslti.wiris.net/njit.edu/question/question.php?id=319752&courseid=200","dynamic_content_data":[]}