{"definition":{"widgets":[{"reference":"34f3553e-628f-f9ae-bc95-8c1263945661"}],"template":"dynamic"},"questions":[{"type":"clozetext","reference":"34f3553e-628f-f9ae-bc95-8c1263945661"}],"features":[],"tags":{"Migration status":["Not started"],"Import status":["Incomplete"],"Moodle question type":["shortanswerwiris"],"Moodle flag":["Used in a quiz explicitely","Duplicate, already included in a bundled item and not a random variant"],"category":["top/Default for CHEM 360 Master Course"]},"reference":"b8ff6355-f6f6-d110-90c3-22248870a582","status":"published","title":"EX2Q16 (INCOMPLETE)","note":"","source":"https://quizzeslti.wiris.net/njit.edu/question/question.php?id=319665&courseid=200","dynamic_content_data":[]}