{"definition":{"widgets":[{"reference":"5e2646f1-4029-1e74-1720-2bee47944be1"}],"template":"dynamic"},"questions":[{"type":"formulaV2","reference":"5e2646f1-4029-1e74-1720-2bee47944be1"}],"features":[],"tags":{"Migration status":["Not started"],"Import status":["Complete"],"Moodle question type":["calculated"],"Moodle flag":["Not used in any quiz"],"category":["top/BH 1 Multiplication by 1"]},"reference":"b966f9af-1ca6-bfda-3480-776e029e8f7e","status":"published","title":"Simple Unit Conversion b","note":"","source":"https://quizzeslti.wiris.net/njit.edu/question/question.php?id=319709&courseid=200","dynamic_content_data":{"cols":["x","ans0"],"rows":{"19fd7b41-c42a-8962-9053-3fcd1ba323a4":{"index":0,"values":["20.0","330"]},"fa34d8d3-865c-1fb3-fca5-54d96acbb0ce":{"index":1,"values":["59.0","973.5"]},"5df64713-4df8-6ca0-d1de-8cd80dd0e147":{"index":2,"values":["26.8","442.2"]},"ed11f80c-2210-49c2-9405-229ca0177f21":{"index":3,"values":["87.6","1445.4"]},"9a15981e-30b4-0149-f17e-07225b9033a9":{"index":4,"values":["24.8","409.2"]},"8d4198b5-fdb4-fe6a-de10-174dfab6bf78":{"index":5,"values":["74.8","1234.2"]},"4cc00788-fca1-dc2d-2cc9-24aa0d853c91":{"index":6,"values":["52.0","858"]},"87470cdf-c267-93fd-72c0-be4eff21b03e":{"index":7,"values":["47.7","787.05"]},"1a5068fd-3294-794b-e731-e65c6bb03890":{"index":8,"values":["92.3","1522.95"]},"39cf831a-e53d-c229-b81b-9b2b279e2bfa":{"index":9,"values":["62.6","1032.9"]},"c766dbb9-2dea-30a1-5ac3-e089a17a7a33":{"index":10,"values":["41.6","686.4"]},"7bdc0f4c-8584-db09-6498-3ff38e8f97b0":{"index":11,"values":["37.5","618.75"]},"917350c9-9963-1375-d414-b071f2921e34":{"index":12,"values":["84.9","1400.85"]},"3f0f74e3-7124-3769-ee09-db410072f184":{"index":13,"values":["43.3","714.45"]},"ddee4944-f950-737b-6b20-1ead564df2a8":{"index":14,"values":["61.1","1008.15"]},"4cf91625-d1a3-f242-cc0c-76c22fdbe070":{"index":15,"values":["70.5","1163.25"]},"c508d9bb-fb16-ff0b-d1e7-2cd5ac3e7c9c":{"index":16,"values":["33.3","549.45"]},"e24d9123-3e70-514f-a186-b0d618589de2":{"index":17,"values":["52.3","862.95"]},"90aeaba2-9754-1459-7548-31ab826b1be9":{"index":18,"values":["28.4","468.6"]},"f439d4ca-799e-bae2-b4fc-1a196e8d57cb":{"index":19,"values":["34.1","562.65"]},"289622e6-d2d9-1688-a28e-0065472e45e4":{"index":20,"values":["20.9","344.85"]},"826530d8-74f2-5a1c-0853-cf4a54269374":{"index":21,"values":["84.4","1392.6"]},"7c7bfc0f-6897-04eb-d4b0-e044b72dfb11":{"index":22,"values":["31.3","516.45"]},"9a2f23b6-dd41-3eda-6450-f7b02bcbdb6f":{"index":23,"values":["86.6","1428.9"]},"f1c99af1-49b3-0d74-214e-808c9f7fd0f7":{"index":24,"values":["32.3","532.95"]},"abcf649c-0bd1-466a-e98d-8f2d59452b34":{"index":25,"values":["58.5","965.25"]},"2166d4a8-b6c4-7508-a42d-b31d07494fea":{"index":26,"values":["78.3","1291.95"]},"adc9ebba-216e-d2b8-7a35-f296d66e565e":{"index":27,"values":["26.3","433.95"]},"e4b83572-33eb-d9c1-5d10-c556c74aabcf":{"index":28,"values":["63.2","1042.8"]},"b17b3fc6-d6c9-065c-5973-0e482489c72d":{"index":29,"values":["82.6","1362.9"]}}}}