{"definition":{"widgets":[{"reference":"e86521fd-e5e1-553e-97b4-1d1a76290b80"}],"template":"dynamic"},"questions":[{"type":"clozetext","reference":"e86521fd-e5e1-553e-97b4-1d1a76290b80"}],"features":[],"tags":{"Migration status":["Not started"],"Import status":["Incomplete"],"Moodle question type":["matchwiris"],"Moodle flag":["Used in a quiz explicitely","Duplicate, already included in a bundled item and not a random variant"],"category":["top/Default for CHEM 360 Master Course"]},"reference":"b9ed30e4-0752-d258-d7f0-1e21d4619951","status":"published","title":"Q2Q9 (INCOMPLETE)","note":"","source":"https://quizzeslti.wiris.net/njit.edu/question/question.php?id=319556&courseid=200","dynamic_content_data":[]}