{"definition":{"widgets":[{"reference":"cbc3a425-c6f4-f244-fa1b-dafbbb3ad632"}],"template":"dynamic"},"questions":[{"type":"formulaV2","reference":"cbc3a425-c6f4-f244-fa1b-dafbbb3ad632"}],"features":[],"tags":{"Migration status":["Not started"],"Import status":["Complete"],"Moodle question type":["calculated"],"Moodle flag":["Not used in any quiz"],"category":["top/BH 6 Thermo 1"]},"reference":"bb8c27e7-4947-7f04-99ca-58e44f73a106","status":"published","title":"Dalton law PP 9","note":"","source":"https://quizzeslti.wiris.net/njit.edu/question/question.php?id=319771&courseid=200","dynamic_content_data":{"cols":["h","n","a","ans0"],"rows":{"97c18970-bdf7-65d5-a911-2756fc0026ad":{"index":0,"values":["15","150","27","192"]},"2438ec99-d803-29f9-7543-edd1183606a7":{"index":1,"values":["71","145","49","265"]},"68e7873d-e57a-532d-1cd4-66c9c260a9d5":{"index":2,"values":["74","225","11","310"]},"596d903c-414e-c721-6c3b-8c4635635a10":{"index":3,"values":["91","241","14","346"]},"4ab1fa9c-8050-636b-2387-0746b7d1c16d":{"index":4,"values":["51","118","78","247"]},"b66350f2-d019-265b-8164-f97d26606a63":{"index":5,"values":["19","442","30","491"]},"b0c0d66c-4f67-3ec3-d841-c6a74f1faa02":{"index":6,"values":["10","207","72","289"]},"9adb9aa3-3192-ade5-dd34-9b0fecc35a85":{"index":7,"values":["89","126","44","259"]},"ed0dffbb-0fb4-9f38-7942-bcf10be7f474":{"index":8,"values":["47","191","73","311"]},"90b80afe-85bc-cd4b-4929-5b98faba652a":{"index":9,"values":["92","214","85","391"]},"ed32dc5b-57fa-e68f-45c7-4205bfb38aaa":{"index":10,"values":["84","256","78","418"]},"9fa8c790-2646-2f47-334a-708180fb48d2":{"index":11,"values":["85","294","45","424"]},"752dc8b8-3bd9-9075-a2a8-46fcdb5f4c3a":{"index":12,"values":["81","252","73","406"]},"60b06285-02e6-0c7d-4a01-6dff005542ba":{"index":13,"values":["83","376","39","498"]},"854cf4db-913d-3dc6-d03d-1b4784c9bf8d":{"index":14,"values":["36","283","83","402"]},"d0815097-bc88-547c-f5bb-259a85bebd12":{"index":15,"values":["53","246","36","335"]},"eb8b872a-7a26-aafb-dc4a-06e963fc3ca4":{"index":16,"values":["95","291","15","401"]},"52f760e5-db11-91f5-f556-07ecd30395a0":{"index":17,"values":["55","155","95","305"]},"95d69188-1966-90eb-4851-b240cc3447a3":{"index":18,"values":["35","126","14","175"]},"31e0c10c-f13c-5b92-a288-b681206d54c0":{"index":19,"values":["28","229","92","349"]},"4bb8ebb8-ebd2-b3a1-2f72-1046ed0d9f1f":{"index":20,"values":["98","278","53","429"]},"7a42d143-8bbc-5fb4-dc7a-e1f95139ec92":{"index":21,"values":["83","283","99","465"]},"4a8411b5-2d6d-51da-55a7-9a081c4a3d89":{"index":22,"values":["93","366","14","473"]},"f83f952f-0dae-06db-7fa7-50f48566c1c3":{"index":23,"values":["66","311","46","423"]},"d4d8f56c-f6af-08ec-0263-f09b021c177f":{"index":24,"values":["48","367","35","450"]},"b19efc30-9519-d3e2-6e7d-715d5e49b729":{"index":25,"values":["95","443","17","555"]},"aabb0c62-935d-fbdb-9987-03cd3881e71c":{"index":26,"values":["64","355","20","439"]},"d63d7e01-64f5-b908-c9b4-7e583af42f24":{"index":27,"values":["71","213","34","318"]},"d9189b55-cf84-a613-15be-f765e1e10aed":{"index":28,"values":["95","432","17","544"]},"ee7e288a-3607-3555-14c9-95763f1132a0":{"index":29,"values":["42","274","24","340"]},"329b497a-9e2e-8cfc-7fa5-49c2e9d8891a":{"index":30,"values":["56","189","15","260"]},"8c35704b-f310-ad60-4965-ade2450afb7b":{"index":31,"values":["13","383","53","449"]},"db6884a1-a989-e744-1e90-7e1b82e41f0b":{"index":32,"values":["38","299","90","427"]},"073054a1-a592-9f37-cb74-3acb827f3848":{"index":33,"values":["55","160","45","260"]},"6a1bc55b-3875-8c49-294f-2c1f838c161e":{"index":34,"values":["31","493","62","586"]},"1f5b9c68-1f55-beb2-48ed-8dd0c4b71bc9":{"index":35,"values":["87","307","65","459"]},"fbc8b099-9b2d-6aea-89b7-5827156fd2f6":{"index":36,"values":["57","196","30","283"]},"c3b2d4de-6396-d748-e7da-e7635870dd55":{"index":37,"values":["85","395","42","522"]},"bcd2dc1b-ef5a-aae4-bbe3-901f28d852f6":{"index":38,"values":["60","177","56","293"]},"2388ea38-94d6-cb61-d0ba-d80cb67416d8":{"index":39,"values":["21","277","61","359"]},"829d2964-1d19-bcd2-14b8-121f9ca1462d":{"index":40,"values":["48","447","60","555"]},"79027685-36d4-9b5a-c4fa-b83ddad08c24":{"index":41,"values":["26","354","98","478"]},"1bbcfa7b-58a3-d06e-79a1-3f240c015e5d":{"index":42,"values":["84","173","72","329"]},"235e9be3-ad9c-1692-a49a-616a5d22309c":{"index":43,"values":["73","469","88","630"]},"07300e6e-f642-71e2-533a-1e2ee79e77ba":{"index":44,"values":["61","312","11","384"]},"3dde282c-e70c-6f8d-98d8-f549524536b5":{"index":45,"values":["33","155","17","205"]},"4602f276-48f9-9389-3b44-390de6c8fe4b":{"index":46,"values":["54","347","16","417"]},"ce3b9219-8ff1-a6f5-df7e-4b1e8fb680ed":{"index":47,"values":["79","383","21","483"]},"569e1944-63ff-9702-c282-47ad76c05f85":{"index":48,"values":["76","101","61","238"]},"702d48d0-f067-cd2e-45ad-b2b7437c132a":{"index":49,"values":["31","442","96","569"]},"591a7c6f-2095-83af-61fb-f029a8fbe72d":{"index":50,"values":["36","390","62","488"]},"9f902154-811a-1232-cadf-0ad3a29ee7be":{"index":51,"values":["26","107","91","224"]},"1d27de50-5b53-5477-51a6-60e6ebdfe925":{"index":52,"values":["29","350","90","469"]},"168c6745-baab-f8bd-80ae-f9f4e531ee24":{"index":53,"values":["17","240","58","315"]},"752f33cd-f9a0-f480-c505-93c8e4cb28d9":{"index":54,"values":["98","311","62","471"]},"c5389940-0f34-70da-f972-34c324b2ea0d":{"index":55,"values":["59","234","44","337"]},"96622c1e-adb0-c68d-2400-012adb8d23ab":{"index":56,"values":["83","296","32","411"]},"96939210-10a8-1db6-fcef-818aa789fb23":{"index":57,"values":["90","139","76","305"]},"5a391b7f-3254-509b-bfc8-3d6948e29b13":{"index":58,"values":["64","360","57","481"]},"4f1fbe72-ebb8-a92d-531c-95fcf144edb3":{"index":59,"values":["92","460","24","576"]}}}}