{"definition":{"widgets":[{"reference":"7394e671-cd79-584d-a444-a74eec95fe15"}],"template":"dynamic"},"questions":[{"type":"mcq","reference":"7394e671-cd79-584d-a444-a74eec95fe15"}],"features":[],"tags":{"Migration status":["Not started"],"Import status":["Complete"],"Moodle question type":["truefalsewiris"],"Moodle flag":["Used in a quiz explicitely","Duplicate, already included in a bundled item and not a random variant"],"category":["top/Default for CHEM 360 Master Course"]},"reference":"bc5c054d-4521-0b44-5e64-32f34eeac988","status":"published","title":"HW8Q0","note":"","source":"https://quizzeslti.wiris.net/njit.edu/question/question.php?id=319639&courseid=200","dynamic_content_data":[]}