{"definition":{"widgets":[{"reference":"66557a3f-9b0e-c29f-30d7-fd815eb24293"}],"template":"dynamic"},"questions":[{"type":"clozetext","reference":"66557a3f-9b0e-c29f-30d7-fd815eb24293"}],"features":[],"tags":{"Migration status":["Not started"],"Import status":["Incomplete"],"Moodle question type":["shortanswerwiris"],"Moodle flag":["Not used in any quiz"],"category":["top/Default for CHEM 360 Master Course"]},"reference":"bc800753-43b2-991e-f9d9-93dd0bc28915","status":"published","title":"HW5Q1 (INCOMPLETE)","note":"","source":"https://quizzeslti.wiris.net/njit.edu/question/question.php?id=319587&courseid=200","dynamic_content_data":[]}