{"definition":{"widgets":[{"reference":"d93badfe-ab76-3a48-f5cc-44c65bb34d2e"}],"template":"dynamic"},"questions":[{"type":"clozetext","reference":"d93badfe-ab76-3a48-f5cc-44c65bb34d2e"}],"features":[],"tags":{"Migration status":["Not started"],"Import status":["Incomplete"],"Moodle question type":["shortanswerwiris"],"Moodle flag":["Not used in any quiz"],"category":["top/Default for CHEM 360 Master Course"]},"reference":"bcc45cfa-5055-0b9d-c141-352df3736f73","status":"published","title":"HW1Q8 (INCOMPLETE)","note":"","source":"https://quizzeslti.wiris.net/njit.edu/question/question.php?id=319488&courseid=200","dynamic_content_data":[]}