{"definition":{"widgets":[{"reference":"99fcbe0c-fdf8-09fa-f85a-0a61c1163a41"}],"template":"dynamic"},"questions":[{"type":"mcq","reference":"99fcbe0c-fdf8-09fa-f85a-0a61c1163a41"}],"features":[],"tags":{"Migration status":["Not started"],"Import status":["Complete"],"Moodle question type":["multichoicewiris"],"Moodle flag":["Used in a quiz explicitely","Duplicate, already included in a bundled item and not a random variant"],"category":["top/Default for CHEM 360 Master Course"]},"reference":"bce83ff3-5da1-a089-bc52-8c1ac0eb3572","status":"published","title":"Q2Q11","note":"","source":"https://quizzeslti.wiris.net/njit.edu/question/question.php?id=319558&courseid=200","dynamic_content_data":[]}