{"definition":{"widgets":[{"reference":"0b6485ed-69c6-df43-d1cb-93b7b17bccee"}],"template":"dynamic"},"questions":[{"type":"clozetext","reference":"0b6485ed-69c6-df43-d1cb-93b7b17bccee"}],"features":[],"tags":{"Migration status":["Not started"],"Import status":["Incomplete"],"Moodle question type":["shortanswerwiris"],"Moodle flag":["Used in a quiz explicitely","Duplicate, already included in a bundled item and not a random variant"],"category":["top/Default for CHEM 360 Master Course"]},"reference":"bd867c0c-6783-6cd8-e67c-4f23e2d97319","status":"published","title":"Earth temperature (INCOMPLETE)","note":"","source":"https://quizzeslti.wiris.net/njit.edu/question/question.php?id=319699&courseid=200","dynamic_content_data":[]}