{"definition":{"widgets":[{"reference":"fbd8dd6b-c7d3-5256-46fc-60114cbe5557"}],"template":"dynamic"},"questions":[{"type":"mcq","reference":"fbd8dd6b-c7d3-5256-46fc-60114cbe5557"}],"features":[],"tags":{"Migration status":["Not started"],"Import status":["Complete"],"Moodle question type":["multichoicewiris"],"Moodle flag":["Not used in any quiz"],"category":["top/Default for CHEM 360 Master Course"]},"reference":"c0bf2fda-4158-895f-851f-7c8766c4569c","status":"published","title":"EX2Q19","note":"","source":"https://quizzeslti.wiris.net/njit.edu/question/question.php?id=319674&courseid=200","dynamic_content_data":[]}