{"definition":{"widgets":[{"reference":"98c139af-e04e-51e6-55e8-d94cbba1e846"}],"template":"dynamic"},"questions":[{"type":"mcq","reference":"98c139af-e04e-51e6-55e8-d94cbba1e846"}],"features":[],"tags":{"Migration status":["Not started"],"Import status":["Complete"],"Moodle question type":["multichoicewiris"],"Moodle flag":["Used in a quiz explicitely","Duplicate, already included in a bundled item and not a random variant"],"category":["top/Default for CHEM 360 Master Course"]},"reference":"c14c45b5-664f-0f5c-d2e9-81fdbd4984ff","status":"published","title":"EX2Q2","note":"","source":"https://quizzeslti.wiris.net/njit.edu/question/question.php?id=319646&courseid=200","dynamic_content_data":[]}