{"definition":{"widgets":[{"reference":"12d49009-7756-bb21-0922-42aa2ae2cdb0"}],"template":"dynamic"},"questions":[{"type":"association","reference":"12d49009-7756-bb21-0922-42aa2ae2cdb0"}],"features":[],"tags":{"Migration status":["Not started"],"Import status":["Complete"],"Moodle question type":["matchwiris"],"Moodle flag":["Used in a quiz explicitely","Duplicate, already included in a bundled item and not a random variant"],"category":["top/Default for CHEM 360 Master Course"]},"reference":"c18367a4-9451-5021-bbbd-bf90ded7e824","status":"published","title":"Q2Q7","note":"","source":"https://quizzeslti.wiris.net/njit.edu/question/question.php?id=319554&courseid=200","dynamic_content_data":[]}