{"definition":{"widgets":[{"reference":"f72d7871-48b6-27d1-e604-f27c236f64fe"}],"template":"dynamic"},"questions":[{"type":"clozetext","reference":"f72d7871-48b6-27d1-e604-f27c236f64fe"}],"features":[],"tags":{"Migration status":["Not started"],"Import status":["Incomplete"],"Moodle question type":["multianswerwiris"],"Moodle flag":["Not used in any quiz"],"category":["top/Default for CHEM 360 Master Course"]},"reference":"c1d7c217-582e-a615-12d9-71797b96d5a9","status":"published","title":"Q1Q2 (INCOMPLETE)","note":"","source":"https://quizzeslti.wiris.net/njit.edu/question/question.php?id=319521&courseid=200","dynamic_content_data":[]}