{"definition":{"widgets":[{"reference":"748cad5c-1fe5-a302-6744-e801c953b818"}],"template":"dynamic"},"questions":[{"type":"mcq","reference":"748cad5c-1fe5-a302-6744-e801c953b818"}],"features":[],"tags":{"Migration status":["Not started"],"Import status":["Complete"],"Moodle question type":["multichoicewiris"],"Moodle flag":["Not used in any quiz"],"category":["top/Default for CHEM 360 Master Course"]},"reference":"c2f93195-fcfb-6e7c-8bb1-79e0235d687f","status":"published","title":"EX2Q19","note":"","source":"https://quizzeslti.wiris.net/njit.edu/question/question.php?id=319670&courseid=200","dynamic_content_data":[]}