{"definition":{"widgets":[{"reference":"665e382b-f131-188e-b828-66bb09573e7f"}],"template":"dynamic"},"questions":[{"type":"clozetext","reference":"665e382b-f131-188e-b828-66bb09573e7f"}],"features":[],"tags":{"Migration status":["Not started"],"Import status":["Incomplete"],"Moodle question type":["shortanswerwiris"],"Moodle flag":["Not used in any quiz"],"category":["top/Default for CHEM 360 Master Course"]},"reference":"c3fca4fc-e0f8-38b1-3849-1dc651eec0a4","status":"published","title":"Q1Q1 (INCOMPLETE)","note":"","source":"https://quizzeslti.wiris.net/njit.edu/question/question.php?id=319520&courseid=200","dynamic_content_data":[]}