{"definition":{"widgets":[{"reference":"893a4b6c-8f85-1673-2380-ae1c3118b7ad"}],"template":"dynamic"},"questions":[{"type":"clozetext","reference":"893a4b6c-8f85-1673-2380-ae1c3118b7ad"}],"features":[],"tags":{"Migration status":["Not started"],"Import status":["Incomplete"],"Moodle question type":["shortanswerwiris"],"Moodle flag":["Used in a quiz explicitely","Duplicate, already included in a bundled item and not a random variant"],"category":["top/Default for CHEM 360 Master Course"]},"reference":"c40a2388-6c30-4557-8675-210d33f0b986","status":"published","title":"The Red Riding Hood (INCOMPLETE)","note":"","source":"https://quizzeslti.wiris.net/njit.edu/question/question.php?id=319678&courseid=200","dynamic_content_data":[]}