{"definition":{"widgets":[{"reference":"d533a3c8-1d74-4c0d-5d99-c23be89b8260"}],"template":"dynamic"},"questions":[{"type":"clozetext","reference":"d533a3c8-1d74-4c0d-5d99-c23be89b8260"}],"features":[],"tags":{"Migration status":["Not started"],"Import status":["Incomplete"],"Moodle question type":["shortanswerwiris"],"Moodle flag":["Used in a quiz explicitely","Duplicate, already included in a bundled item and not a random variant"],"category":["top/Default for CHEM 360 Master Course"]},"reference":"c40c0351-6b1a-89d7-33ce-e166fb7805b9","status":"published","title":"HW5Q2 (INCOMPLETE)","note":"","source":"https://quizzeslti.wiris.net/njit.edu/question/question.php?id=319589&courseid=200","dynamic_content_data":[]}