{"definition":{"widgets":[{"reference":"7ec20569-aae2-d5b7-6f58-c7c7b582d936"},{"reference":"5991ef12-0b89-762b-101f-8e4a1f3eaf83"},{"reference":"1583de2f-5e17-4103-7055-1da463aeada5"},{"reference":"307222fb-3847-1e8a-0915-c35679f2ad5b"},{"reference":"31ae0ec4-a36f-9581-e50d-4aa48bd1ae59"},{"reference":"4a14099f-b42b-2c90-75db-beca16e2919e"},{"reference":"096ea5e9-39fb-3b1a-5961-0b09f8badd62"},{"reference":"14664f01-295e-5779-35fd-43ea1f733029"},{"reference":"23f8c506-04a2-b1d4-9aab-7af8dfef4294"}],"template":"dynamic"},"questions":[{"type":"clozetext","reference":"7ec20569-aae2-d5b7-6f58-c7c7b582d936"},{"type":"clozetext","reference":"5991ef12-0b89-762b-101f-8e4a1f3eaf83"},{"type":"clozetext","reference":"1583de2f-5e17-4103-7055-1da463aeada5"},{"type":"association","reference":"307222fb-3847-1e8a-0915-c35679f2ad5b"},{"type":"association","reference":"31ae0ec4-a36f-9581-e50d-4aa48bd1ae59"},{"type":"association","reference":"4a14099f-b42b-2c90-75db-beca16e2919e"},{"type":"association","reference":"096ea5e9-39fb-3b1a-5961-0b09f8badd62"},{"type":"association","reference":"14664f01-295e-5779-35fd-43ea1f733029"},{"type":"clozetext","reference":"23f8c506-04a2-b1d4-9aab-7af8dfef4294"}],"features":[],"tags":{"Migration status":["Not started"],"Import status":["Incomplete"],"Moodle question type":["quizpage","shortanswerwiris","matchwiris"],"Moodle flag":["Used in a quiz explicitely"],"category":["HW3 - transport"]},"reference":"c4fd92e2-4c68-2506-8c88-ed2380bc0ddf","status":"published","title":"HW3 - transport - page 1","note":"","source":"https://quizzeslti.wiris.net/njit.edu/question/question.php?id=319516&courseid=200,https://quizzeslti.wiris.net/njit.edu/question/question.php?id=319517&courseid=200,https://quizzeslti.wiris.net/njit.edu/question/question.php?id=319532&courseid=200,https://quizzeslti.wiris.net/njit.edu/question/question.php?id=319533&courseid=200,https://quizzeslti.wiris.net/njit.edu/question/question.php?id=319534&courseid=200,https://quizzeslti.wiris.net/njit.edu/question/question.php?id=319535&courseid=200,https://quizzeslti.wiris.net/njit.edu/question/question.php?id=319536&courseid=200,https://quizzeslti.wiris.net/njit.edu/question/question.php?id=319537&courseid=200,https://quizzeslti.wiris.net/njit.edu/question/question.php?id=319538&courseid=200","dynamic_content_data":""}