{"definition":{"widgets":[{"reference":"97f0d263-4990-3ef2-abd5-becf76d141fd"}],"template":"dynamic"},"questions":[{"type":"mcq","reference":"97f0d263-4990-3ef2-abd5-becf76d141fd"}],"features":[],"tags":{"Migration status":["Not started"],"Import status":["Complete"],"Moodle question type":["multichoice"],"Moodle flag":["Not used in any quiz"],"category":["top/BH 9 Chemical Bonds"]},"reference":"c509cca2-f49a-363d-c0fb-a367202343cf","status":"published","title":"CB 3b LS octet rule violate","note":"","source":"https://quizzeslti.wiris.net/njit.edu/question/question.php?id=319798&courseid=200","dynamic_content_data":[]}