{"definition":{"widgets":[{"reference":"e63d6da8-182c-a21d-1d19-9540b9902d64"}],"template":"dynamic"},"questions":[{"type":"clozetext","reference":"e63d6da8-182c-a21d-1d19-9540b9902d64"}],"features":[],"tags":{"Migration status":["Not started"],"Import status":["Incomplete"],"Moodle question type":["essaywiris"],"Moodle flag":["Used in a quiz explicitely","Duplicate, already included in a bundled item and not a random variant"],"category":["top/Default for CHEM 360 Master Course"]},"reference":"c5531815-6771-e298-cee7-0d44bf78a767","status":"published","title":"Molecular structure (INCOMPLETE)","note":"","source":"https://quizzeslti.wiris.net/njit.edu/question/question.php?id=319457&courseid=200","dynamic_content_data":[]}