{"definition":{"widgets":[{"reference":"4bcaf4f7-7b19-5872-c885-0f3ae4ece39e"}],"template":"dynamic"},"questions":[{"type":"formulaV2","reference":"4bcaf4f7-7b19-5872-c885-0f3ae4ece39e"}],"features":[],"tags":{"Migration status":["Not started"],"Import status":["Complete"],"Moodle question type":["calculated"],"Moodle flag":["Used in a quiz explicitely","Duplicate, already included in a bundled item and not a random variant"],"category":["top/BH 3 Periodic Table"]},"reference":"c55dbc59-ff1f-4a5b-8113-9fbf2ee28fac","status":"published","title":"PT 1c basic mass","note":"","source":"https://quizzeslti.wiris.net/njit.edu/question/question.php?id=319726&courseid=200","dynamic_content_data":{"cols":["x","ans0"],"rows":{"d236cda2-593b-0367-d4bf-ee3aae8b3282":{"index":0,"values":["12.01","31.0495"]}}}}