{"definition":{"widgets":[{"reference":"0924d785-3b43-d0b8-a0f5-4e2e47c09be5"}],"template":"dynamic"},"questions":[{"type":"clozetext","reference":"0924d785-3b43-d0b8-a0f5-4e2e47c09be5"}],"features":[],"tags":{"Migration status":["Not started"],"Import status":["Incomplete"],"Moodle question type":["multianswerwiris"],"Moodle flag":["Used in a quiz explicitely","Duplicate, already included in a bundled item and not a random variant"],"category":["top/Default for CHEM 360 Master Course"]},"reference":"c5d16373-972b-c798-1576-61ec31fc17e5","status":"published","title":"HW5Q1 (INCOMPLETE)","note":"","source":"https://quizzeslti.wiris.net/njit.edu/question/question.php?id=319584&courseid=200","dynamic_content_data":[]}