{"definition":{"widgets":[{"reference":"96c846ed-7376-b054-9027-ca534176ed88"}],"template":"dynamic"},"questions":[{"type":"clozetext","reference":"96c846ed-7376-b054-9027-ca534176ed88"}],"features":[],"tags":{"Migration status":["Not started"],"Import status":["Incomplete"],"Moodle question type":["shortanswerwiris"],"Moodle flag":["Not used in any quiz"],"category":["top/Default for CHEM 360 Master Course"]},"reference":"c5e20e07-8ed2-0ff5-9ac2-e1600e3e9157","status":"published","title":"Nov 8 - particle deposition (INCOMPLETE)","note":"","source":"https://quizzeslti.wiris.net/njit.edu/question/question.php?id=319691&courseid=200","dynamic_content_data":[]}