{"definition":{"widgets":[{"reference":"bcc8cb87-2909-10ef-0a64-95be7fce7f35"}],"template":"dynamic"},"questions":[{"type":"mcq","reference":"bcc8cb87-2909-10ef-0a64-95be7fce7f35"}],"features":[],"tags":{"Migration status":["Not started"],"Import status":["Complete"],"Moodle question type":["multichoice"],"Moodle flag":["Not used in any quiz"],"category":["top/BH 9 Chemical Bonds"]},"reference":"c637815b-910f-81e5-b5b6-2b0148d0dac9","status":"published","title":"CB 4d Ionic compounds","note":"","source":"https://quizzeslti.wiris.net/njit.edu/question/question.php?id=319801&courseid=200","dynamic_content_data":[]}