{"definition":{"widgets":[{"reference":"9b421e1a-f992-0a75-2267-34daef74ede7"}],"template":"dynamic"},"questions":[{"type":"association","reference":"9b421e1a-f992-0a75-2267-34daef74ede7"}],"features":[],"tags":{"Migration status":["Not started"],"Import status":["Complete"],"Moodle question type":["matchwiris"],"Moodle flag":["Used in a quiz explicitely","Duplicate, already included in a bundled item and not a random variant"],"category":["top/Default for CHEM 360 Master Course"]},"reference":"c78043e4-8345-bb5f-c529-a53b5df75cc3","status":"published","title":"EX1Q5","note":"","source":"https://quizzeslti.wiris.net/njit.edu/question/question.php?id=319568&courseid=200","dynamic_content_data":[]}