{"definition":{"widgets":[{"reference":"36679ee0-3d1e-41ef-5b7d-1a63217dfc77"}],"template":"dynamic"},"questions":[{"type":"mcq","reference":"36679ee0-3d1e-41ef-5b7d-1a63217dfc77"}],"features":[],"tags":{"Migration status":["Not started"],"Import status":["Complete"],"Moodle question type":["multichoicewiris"],"Moodle flag":["Not used in any quiz"],"category":["top/Default for CHEM 360 Master Course"]},"reference":"c79288b2-eb40-f1db-3228-6cddeb4f7e90","status":"published","title":"EX2Q19","note":"","source":"https://quizzeslti.wiris.net/njit.edu/question/question.php?id=319671&courseid=200","dynamic_content_data":[]}