{"definition":{"widgets":[{"reference":"7b50a230-90d5-cc72-509c-e91e8db51500"}],"template":"dynamic"},"questions":[{"type":"clozetext","reference":"7b50a230-90d5-cc72-509c-e91e8db51500"}],"features":[],"tags":{"Migration status":["Not started"],"Import status":["Incomplete"],"Moodle question type":["matchwiris"],"Moodle flag":["Used in a quiz explicitely","Duplicate, already included in a bundled item and not a random variant"],"category":["top/Default for CHEM 360 Master Course"]},"reference":"c87f02c1-7862-ce8b-e915-31254dbdc661","status":"published","title":"EX2Q17 (INCOMPLETE)","note":"","source":"https://quizzeslti.wiris.net/njit.edu/question/question.php?id=319666&courseid=200","dynamic_content_data":[]}