{"definition":{"widgets":[{"reference":"8f710621-2c5e-d5fe-3a55-7c665819b970"}],"template":"dynamic"},"questions":[{"type":"formulaV2","reference":"8f710621-2c5e-d5fe-3a55-7c665819b970"}],"features":[],"tags":{"Migration status":["Not started"],"Import status":["Complete"],"Moodle question type":["calculated"],"Moodle flag":["Used in a quiz explicitely","Duplicate, already included in a bundled item and not a random variant"],"category":["top/BH 3 Basics"]},"reference":"c92a6072-7585-eede-a1e9-354142e1ecce","status":"published","title":"composition","note":"","source":"https://quizzeslti.wiris.net/njit.edu/question/question.php?id=319717&courseid=200","dynamic_content_data":{"cols":["x","ans0"],"rows":{"b5e78de4-dd5b-39eb-d435-d743a1122c84":{"index":0,"values":["44","72.72727273"]}}}}