{"definition":{"widgets":[{"reference":"0b9988f1-5021-9f89-085b-203a7ca8ccc8"}],"template":"dynamic"},"questions":[{"type":"clozetext","reference":"0b9988f1-5021-9f89-085b-203a7ca8ccc8"}],"features":[],"tags":{"Migration status":["Not started"],"Import status":["Incomplete"],"Moodle question type":["quizpage","shortanswerwiris"],"Moodle flag":["Used in a quiz explicitely"],"category":["Nov 14 (surface uptake)"]},"reference":"c952d20d-678f-6a06-52f3-26edc026db44","status":"published","title":"Nov 14 (surface uptake) - page 1","note":"","source":"https://quizzeslti.wiris.net/njit.edu/question/question.php?id=319703&courseid=200","dynamic_content_data":""}