{"definition":{"widgets":[{"reference":"f26655a8-5f31-0b74-9ce0-c17e731955f6"}],"template":"dynamic"},"questions":[{"type":"clozetext","reference":"f26655a8-5f31-0b74-9ce0-c17e731955f6"}],"features":[],"tags":{"Migration status":["Not started"],"Import status":["Incomplete"],"Moodle question type":["shortanswerwiris"],"Moodle flag":["Not used in any quiz"],"category":["top/Default for CHEM 360 Master Course"]},"reference":"cb3786fe-31f9-86ef-7553-5e59babace63","status":"published","title":"HW1Q8 (INCOMPLETE)","note":"","source":"https://quizzeslti.wiris.net/njit.edu/question/question.php?id=319484&courseid=200","dynamic_content_data":[]}