{"definition":{"widgets":[{"reference":"51b3baee-c399-e9dd-56ca-b0c47d658375"}],"template":"dynamic"},"questions":[{"type":"clozetext","reference":"51b3baee-c399-e9dd-56ca-b0c47d658375"}],"features":[],"tags":{"Migration status":["Not started"],"Import status":["Incomplete"],"Moodle question type":["matchwiris"],"Moodle flag":["Used in a quiz explicitely","Duplicate, already included in a bundled item and not a random variant"],"category":["top/Default for CHEM 360 Master Course"]},"reference":"cbbd15fc-d74f-f70a-301e-93b275977161","status":"published","title":"HW4Q1 (INCOMPLETE)","note":"","source":"https://quizzeslti.wiris.net/njit.edu/question/question.php?id=319539&courseid=200","dynamic_content_data":[]}