{"definition":{"widgets":[{"reference":"c339c11c-7e30-0738-ecb4-0f76b71fafeb"}],"template":"dynamic"},"questions":[{"type":"clozetext","reference":"c339c11c-7e30-0738-ecb4-0f76b71fafeb"}],"features":[],"tags":{"Migration status":["Not started"],"Import status":["Incomplete"],"Moodle question type":["shortanswerwiris"],"Moodle flag":["Not used in any quiz"],"category":["top/Default for CHEM 360 Master Course"]},"reference":"cbe7d6d9-58da-c8e4-a6cb-906e92037abe","status":"published","title":"HW1Q11 (INCOMPLETE)","note":"","source":"https://quizzeslti.wiris.net/njit.edu/question/question.php?id=319496&courseid=200","dynamic_content_data":[]}