{"definition":{"widgets":[{"reference":"79326bc0-ce1e-3378-075d-7dff254ec149"}],"template":"dynamic"},"questions":[{"type":"clozetext","reference":"79326bc0-ce1e-3378-075d-7dff254ec149"}],"features":[],"tags":{"Migration status":["Not started"],"Import status":["Incomplete"],"Moodle question type":["shortanswerwiris"],"Moodle flag":["Not used in any quiz"],"category":["top/Default for CHEM 360 Master Course"]},"reference":"cd4f7e89-e258-59e4-f9c7-d8d997d64776","status":"published","title":"Q8 (INCOMPLETE)","note":"","source":"https://quizzeslti.wiris.net/njit.edu/question/question.php?id=319482&courseid=200","dynamic_content_data":[]}