{"definition":{"widgets":[{"reference":"1b651b0a-0af9-6bd9-9db6-340f40ca72d2"}],"template":"dynamic"},"questions":[{"type":"shorttext","reference":"1b651b0a-0af9-6bd9-9db6-340f40ca72d2"}],"features":[],"tags":{"Migration status":["Not started"],"Import status":["Complete"],"Moodle question type":["shortanswer"],"Moodle flag":["Used in a quiz explicitely","Duplicate, already included in a bundled item and not a random variant"],"category":["top/BH 9 Chemical Bonds"]},"reference":"cdf31b63-f883-ad31-a2ea-f21ce96e92d9","status":"published","title":"polar bonds 2","note":"","source":"https://quizzeslti.wiris.net/njit.edu/question/question.php?id=319813&courseid=200","dynamic_content_data":[]}