{"definition":{"widgets":[{"reference":"466858c9-60a8-7743-5074-c2ffc81854c4"}],"template":"dynamic"},"questions":[{"type":"clozetext","reference":"466858c9-60a8-7743-5074-c2ffc81854c4"}],"features":[],"tags":{"Migration status":["Not started"],"Import status":["Incomplete"],"Moodle question type":["shortanswerwiris"],"Moodle flag":["Used in a quiz explicitely","Duplicate, already included in a bundled item and not a random variant"],"category":["top/Default for CHEM 360 Master Course"]},"reference":"ce53c481-2603-9489-329d-447846f943bf","status":"published","title":"EX1Q16 (INCOMPLETE)","note":"","source":"https://quizzeslti.wiris.net/njit.edu/question/question.php?id=319582&courseid=200","dynamic_content_data":[]}