{"definition":{"widgets":[{"reference":"1357bb7b-b63e-e8b6-c759-14cb64091642"}],"template":"dynamic"},"questions":[{"type":"association","reference":"1357bb7b-b63e-e8b6-c759-14cb64091642"}],"features":[],"tags":{"Migration status":["Not started"],"Import status":["Complete"],"Moodle question type":["matchwiris"],"Moodle flag":["Used in a quiz explicitely","Duplicate, already included in a bundled item and not a random variant"],"category":["top/Default for CHEM 360 Master Course"]},"reference":"cfc52e16-1588-67ea-b833-b01577f0734b","status":"published","title":"Organic compounds","note":"","source":"https://quizzeslti.wiris.net/njit.edu/question/question.php?id=319702&courseid=200","dynamic_content_data":[]}