{"definition":{"widgets":[{"reference":"261c8d5e-ef57-4baa-c7a9-8422f2d64320"}],"template":"dynamic"},"questions":[{"type":"clozetext","reference":"261c8d5e-ef57-4baa-c7a9-8422f2d64320"}],"features":[],"tags":{"Migration status":["Not started"],"Import status":["Incomplete"],"Moodle question type":["quizpage","shortanswerwiris"],"Moodle flag":["Used in a quiz explicitely"],"category":["Pre-class for Sep 29"]},"reference":"d1931af8-012d-ca19-01b6-295f3e6326c9","status":"published","title":"Pre-class for Sep 29 - page 1","note":"","source":"https://quizzeslti.wiris.net/njit.edu/question/question.php?id=319683&courseid=200","dynamic_content_data":""}