{"definition":{"widgets":[{"reference":"faacf6d8-9ebd-e2e4-d13b-a0702896d599"}],"template":"dynamic"},"questions":[{"type":"clozetext","reference":"faacf6d8-9ebd-e2e4-d13b-a0702896d599"}],"features":[],"tags":{"Migration status":["Not started"],"Import status":["Incomplete"],"Moodle question type":["shortanswerwiris"],"Moodle flag":["Not used in any quiz"],"category":["top/Default for CHEM 360 Master Course"]},"reference":"d1b6d774-f5af-6b6e-d4c8-3cadc2cc180f","status":"published","title":"Q1Q1 (INCOMPLETE)","note":"","source":"https://quizzeslti.wiris.net/njit.edu/question/question.php?id=319519&courseid=200","dynamic_content_data":[]}