{"definition":{"widgets":[{"reference":"66bb4b3c-b21d-aa1a-18c2-78a6b80bd73c"}],"template":"dynamic"},"questions":[{"type":"shorttext","reference":"66bb4b3c-b21d-aa1a-18c2-78a6b80bd73c"}],"features":[],"tags":{"Migration status":["Not started"],"Import status":["Complete"],"Moodle question type":["shortanswer"],"Moodle flag":["Used in a quiz explicitely","Duplicate, already included in a bundled item and not a random variant"],"category":["top/BH 4 Electrolytes"]},"reference":"d21d4e64-b0e8-f05b-91b5-4e6d92c65d2b","status":"published","title":"Electrolytes for ch 5 -3-","note":"","source":"https://quizzeslti.wiris.net/njit.edu/question/question.php?id=319758&courseid=200","dynamic_content_data":[]}