{"definition":{"widgets":[{"reference":"c64401ee-6dbc-907f-12f5-8a9d28d9b585"}],"template":"dynamic"},"questions":[{"type":"clozetext","reference":"c64401ee-6dbc-907f-12f5-8a9d28d9b585"}],"features":[],"tags":{"Migration status":["Not started"],"Import status":["Incomplete"],"Moodle question type":["shortanswerwiris"],"Moodle flag":["Used in a quiz explicitely","Duplicate, already included in a bundled item and not a random variant"],"category":["top/Default for CHEM 360 Master Course"]},"reference":"d2367330-72e5-ab08-39be-f3b1607b85a4","status":"published","title":"EX2Q10 (INCOMPLETE)","note":"","source":"https://quizzeslti.wiris.net/njit.edu/question/question.php?id=319654&courseid=200","dynamic_content_data":[]}