{"definition":{"widgets":[{"reference":"6062a411-bd32-a70f-4d17-e831bc54a7c0"}],"template":"dynamic"},"questions":[{"type":"clozetext","reference":"6062a411-bd32-a70f-4d17-e831bc54a7c0"}],"features":[],"tags":{"Migration status":["Not started"],"Import status":["Incomplete"],"Moodle question type":["quizpage","matchwiris"],"Moodle flag":["Used in a quiz explicitely"],"category":["Oct 25 (climate change: signs versus impacts)"]},"reference":"d3a708d4-3a38-affe-6afa-d3c8d7728a28","status":"published","title":"Oct 25 (climate change: signs versus impacts) - page 1","note":"","source":"https://quizzeslti.wiris.net/njit.edu/question/question.php?id=319689&courseid=200","dynamic_content_data":""}