{"definition":{"widgets":[{"reference":"cb91ceb1-1e9a-4877-923b-5fe8521851ba"}],"template":"dynamic"},"questions":[{"type":"clozetext","reference":"cb91ceb1-1e9a-4877-923b-5fe8521851ba"}],"features":[],"tags":{"Migration status":["Not started"],"Import status":["Incomplete"],"Moodle question type":["shortanswerwiris"],"Moodle flag":["Used in a quiz explicitely","Duplicate, already included in a bundled item and not a random variant"],"category":["top/Default for CHEM 360 Master Course"]},"reference":"d3b1ae53-7784-743c-5f3b-c40cbb8906d8","status":"published","title":"HW7Q1 (INCOMPLETE)","note":"","source":"https://quizzeslti.wiris.net/njit.edu/question/question.php?id=319625&courseid=200","dynamic_content_data":[]}