{"definition":{"widgets":[{"reference":"152c6c95-db43-167a-5130-94204ef05f69"}],"template":"dynamic"},"questions":[{"type":"formulaV2","reference":"152c6c95-db43-167a-5130-94204ef05f69"}],"features":[],"tags":{"Migration status":["Not started"],"Import status":["Complete"],"Moodle question type":["calculated"],"Moodle flag":["Used in a quiz explicitely","Duplicate, already included in a bundled item and not a random variant"],"category":["top/BH 1 Multiplication by 1"]},"reference":"d4164ea6-a84c-63c9-f7b4-d9fdc88e1732","status":"published","title":"Canceling Units","note":"","source":"https://quizzeslti.wiris.net/njit.edu/question/question.php?id=319707&courseid=200","dynamic_content_data":{"cols":["x","ans0"],"rows":{"4ceb7cb9-3dc1-c805-3a7f-b0718601aa8c":{"index":0,"values":["10.","3.93700787"]},"78cef7cd-b6ae-d373-ac8e-f9942a8088c4":{"index":1,"values":["28","11.02362205"]},"562a3e3d-9cc8-b21b-3b70-0245e7d3e54d":{"index":2,"values":["82","32.28346457"]},"9fc8c10d-3c3b-ce7a-ea47-c560bbe6c933":{"index":3,"values":["76","29.92125984"]},"b8109f55-dfa8-ed1a-dd46-14dec8fad9a9":{"index":4,"values":["30","11.81102362"]},"e54b5d6e-4065-e1be-0db7-4f67d298bdc7":{"index":5,"values":["49","19.29133858"]},"99fc76ac-1365-f0ba-6382-b2a542d894b3":{"index":6,"values":["75","29.52755906"]},"3c398361-f823-ddeb-3d67-bbe5b091a5f1":{"index":7,"values":["14","5.51181102"]},"62eac5fc-2b8f-cb66-3ca3-218e1959036f":{"index":8,"values":["92","36.22047244"]},"d9644d2b-35b2-9f8a-a808-5e2f713a28b3":{"index":9,"values":["70","27.55905512"]},"b88f99fe-4130-8e70-d148-0bda997c3949":{"index":10,"values":["63","24.80314961"]},"082b82ee-b135-730a-4c75-020c26c3df18":{"index":11,"values":["61","24.01574803"]},"f4cc9618-cc1c-9898-f82c-8ed79c3a3953":{"index":12,"values":["51","20.07874016"]},"a26d6d15-9674-7c10-cfa7-7720ce9c0454":{"index":13,"values":["17","6.69291339"]},"d8ba811b-da1d-25fd-3c30-c255ee89c0ea":{"index":14,"values":["34","13.38582677"]},"236138eb-4780-e30d-b00c-dc841e4c3081":{"index":15,"values":["26","10.23622047"]},"54dc7cc6-002c-86b6-649d-9b8106a322e9":{"index":16,"values":["36","14.17322835"]},"18972ade-d747-59d1-c0c4-658ca67dae22":{"index":17,"values":["99","38.97637795"]},"2a9bdb3f-a427-2e82-d73c-fe4fd7e67b03":{"index":18,"values":["35","13.77952756"]},"1abee6ac-567d-3289-9c80-bc8ea5b2d85f":{"index":19,"values":["49","19.29133858"]},"d1c51268-1007-d77d-7537-7bb9b8ed6fd9":{"index":20,"values":["92","36.22047244"]},"27abc758-1f3b-0b25-a7f5-a8b0ca334432":{"index":21,"values":["89","35.03937008"]},"f1394609-3d92-5908-b8c4-eba192bfe80d":{"index":22,"values":["80","31.49606299"]},"7764b788-7a61-b434-430c-1b9a6ad5ba26":{"index":23,"values":["32","12.5984252"]},"1dd9e50d-3118-4b85-f7b5-8a2db3a34c3f":{"index":24,"values":["56","22.04724409"]},"feb2a057-3809-3b83-d92f-b5609d8a2706":{"index":25,"values":["55","21.65354331"]},"996abc36-1837-a72d-75ba-41d363714efb":{"index":26,"values":["57","22.44094488"]},"8dbcf111-bada-d778-1632-c5ce24d8fbbe":{"index":27,"values":["51","20.07874016"]},"dd80d846-e224-474d-af68-bcc3234f766e":{"index":28,"values":["48","18.8976378"]},"8ad2bae2-c001-867c-86ea-bb09fc9fe791":{"index":29,"values":["21","8.26771654"]}}}}