{"definition":{"widgets":[{"reference":"fce2ffb7-8a7d-f02d-b36a-d0dcf00a54b1"}],"template":"dynamic"},"questions":[{"type":"formulaV2","reference":"fce2ffb7-8a7d-f02d-b36a-d0dcf00a54b1"}],"features":[],"tags":{"Migration status":["Not started"],"Import status":["Complete"],"Moodle question type":["calculated"],"Moodle flag":["Used in a quiz explicitely","Duplicate, already included in a bundled item and not a random variant"],"category":["top/BH 3 Balance Equations"]},"reference":"d4515bd5-79f6-06aa-90d4-65f1e536eb08","status":"published","title":"balancing equation 2","note":"","source":"https://quizzeslti.wiris.net/njit.edu/question/question.php?id=319741&courseid=200","dynamic_content_data":{"cols":["x"],"rows":{"4c69b140-880b-874f-92ac-ff620d99066b":{"index":0,"values":["3"]}}}}