{"definition":{"widgets":[{"reference":"3b91cf53-a09d-b9a1-9c53-9274f61a91e3"}],"template":"dynamic"},"questions":[{"type":"association","reference":"3b91cf53-a09d-b9a1-9c53-9274f61a91e3"}],"features":[],"tags":{"Migration status":["Not started"],"Import status":["Complete"],"Moodle question type":["matchwiris"],"Moodle flag":["Used in a quiz explicitely","Duplicate, already included in a bundled item and not a random variant"],"category":["top/Default for CHEM 360 Master Course"]},"reference":"d47d3ed1-a7ce-a689-f247-1a83a20cbc85","status":"published","title":"Primary vs secondary aerosols","note":"","source":"https://quizzeslti.wiris.net/njit.edu/question/question.php?id=319701&courseid=200","dynamic_content_data":[]}