{"definition":{"widgets":[{"reference":"370a35c1-bc28-b4a2-da4a-73594bb3b346"},{"reference":"e2f5726f-ee63-c042-aec7-0049e5943080"},{"reference":"cc8926f5-200c-2950-eeba-21562a9e355f"},{"reference":"73466f1e-727f-0047-01dc-d1dc5ac629da"},{"reference":"25b0fd2a-67d2-9ab9-217c-80552a83820e"},{"reference":"d21fb225-f0d4-3119-75c4-4c95bc762aa3"},{"reference":"8f8fd652-ca09-8c3f-0b63-d083f3484e9e"},{"reference":"a380b50e-11af-cf7f-9868-58fc9f0d9ac5"},{"reference":"b56e2f4d-8690-f775-7c97-f4ce87170717"}],"template":"dynamic"},"questions":[{"type":"clozetext","reference":"370a35c1-bc28-b4a2-da4a-73594bb3b346"},{"type":"clozetext","reference":"e2f5726f-ee63-c042-aec7-0049e5943080"},{"type":"clozetext","reference":"cc8926f5-200c-2950-eeba-21562a9e355f"},{"type":"clozetext","reference":"73466f1e-727f-0047-01dc-d1dc5ac629da"},{"type":"clozetext","reference":"25b0fd2a-67d2-9ab9-217c-80552a83820e"},{"type":"clozetext","reference":"d21fb225-f0d4-3119-75c4-4c95bc762aa3"},{"type":"clozetext","reference":"8f8fd652-ca09-8c3f-0b63-d083f3484e9e"},{"type":"clozetext","reference":"a380b50e-11af-cf7f-9868-58fc9f0d9ac5"},{"type":"clozetext","reference":"b56e2f4d-8690-f775-7c97-f4ce87170717"}],"features":[],"tags":{"Migration status":["Not started"],"Import status":["Incomplete"],"Moodle question type":["quizpage","shortanswerwiris","essaywiris"],"Moodle flag":["Used in a quiz explicitely"],"category":["Quiz 0"]},"reference":"d57cb759-373a-9dac-0bd7-05d493ca2186","status":"published","title":"Quiz 0 - page 1","note":"","source":"https://quizzeslti.wiris.net/njit.edu/question/question.php?id=319453&courseid=200,https://quizzeslti.wiris.net/njit.edu/question/question.php?id=319454&courseid=200,https://quizzeslti.wiris.net/njit.edu/question/question.php?id=319455&courseid=200,https://quizzeslti.wiris.net/njit.edu/question/question.php?id=319456&courseid=200,https://quizzeslti.wiris.net/njit.edu/question/question.php?id=319457&courseid=200,https://quizzeslti.wiris.net/njit.edu/question/question.php?id=319458&courseid=200,https://quizzeslti.wiris.net/njit.edu/question/question.php?id=319459&courseid=200,https://quizzeslti.wiris.net/njit.edu/question/question.php?id=319460&courseid=200,https://quizzeslti.wiris.net/njit.edu/question/question.php?id=319461&courseid=200","dynamic_content_data":""}