{"definition":{"widgets":[{"reference":"2e4b468b-1fb1-3353-f750-d53176eafd38"}],"template":"dynamic"},"questions":[{"type":"clozetext","reference":"2e4b468b-1fb1-3353-f750-d53176eafd38"}],"features":[],"tags":{"Migration status":["Not started"],"Import status":["Incomplete"],"Moodle question type":["shortanswerwiris"],"Moodle flag":["Used in a quiz explicitely","Duplicate, already included in a bundled item and not a random variant"],"category":["top/Default for CHEM 360 Master Course"]},"reference":"d5cb41d4-c382-2dee-28e0-79d1c24ec211","status":"published","title":"List (INCOMPLETE)","note":"","source":"https://quizzeslti.wiris.net/njit.edu/question/question.php?id=319687&courseid=200","dynamic_content_data":[]}