{"definition":{"widgets":[{"reference":"45482848-dfca-95b1-fbe0-2da026a2388e"}],"template":"dynamic"},"questions":[{"type":"clozetext","reference":"45482848-dfca-95b1-fbe0-2da026a2388e"}],"features":[],"tags":{"Migration status":["Not started"],"Import status":["Incomplete"],"Moodle question type":["shortanswerwiris"],"Moodle flag":["Used in a quiz explicitely","Duplicate, already included in a bundled item and not a random variant"],"category":["top/Default for CHEM 360 Master Course"]},"reference":"d6dfc9cc-c16a-a588-0f8b-45204a415c0a","status":"published","title":"HW1Q5 (INCOMPLETE)","note":"","source":"https://quizzeslti.wiris.net/njit.edu/question/question.php?id=319480&courseid=200","dynamic_content_data":[]}