{"definition":{"widgets":[{"reference":"931cdad3-1f4c-5482-de16-db21ab48cb0c"}],"template":"dynamic"},"questions":[{"type":"formulaV2","reference":"931cdad3-1f4c-5482-de16-db21ab48cb0c"}],"features":[],"tags":{"Migration status":["Not started"],"Import status":["Complete"],"Moodle question type":["calculated"],"Moodle flag":["Not used in any quiz"],"category":["top/BH 6 Thermo 1"]},"reference":"d70b7a6f-6e89-e464-3fe3-70889d9b9203","status":"published","title":"Ideal gas law 3 mole","note":"","source":"https://quizzeslti.wiris.net/njit.edu/question/question.php?id=319775&courseid=200","dynamic_content_data":{"cols":["p","v","T","ans0"],"rows":{"43540508-9940-f4f2-0dbe-083555863075":{"index":0,"values":["744","2.30","285","0.096274397"]}}}}