{"definition":{"widgets":[{"reference":"d9cd19d6-d687-fb4d-7327-f3e543934650"}],"template":"dynamic"},"questions":[{"type":"association","reference":"d9cd19d6-d687-fb4d-7327-f3e543934650"}],"features":[],"tags":{"Migration status":["Not started"],"Import status":["Complete"],"Moodle question type":["matchwiris"],"Moodle flag":["Used in a quiz explicitely","Duplicate, already included in a bundled item and not a random variant"],"category":["top/Default for CHEM 360 Master Course"]},"reference":"d71111ee-bd93-c04c-b0e6-97aca0aa71f0","status":"published","title":"HW8Q1","note":"","source":"https://quizzeslti.wiris.net/njit.edu/question/question.php?id=319635&courseid=200","dynamic_content_data":[]}