{"definition":{"widgets":[{"reference":"217f5e49-6c3b-ddd5-47f5-cf55b972475a"}],"template":"dynamic"},"questions":[{"type":"clozetext","reference":"217f5e49-6c3b-ddd5-47f5-cf55b972475a"}],"features":[],"tags":{"Migration status":["Not started"],"Import status":["Incomplete"],"Moodle question type":["matchwiris"],"Moodle flag":["Used in a quiz explicitely","Duplicate, already included in a bundled item and not a random variant"],"category":["top/Default for CHEM 360 Master Course"]},"reference":"d7275137-95f2-d149-229f-c6d2a0bde5c6","status":"published","title":"HW7Q3 (INCOMPLETE)","note":"","source":"https://quizzeslti.wiris.net/njit.edu/question/question.php?id=319627&courseid=200","dynamic_content_data":[]}