{"definition":{"widgets":[{"reference":"d806e9b3-af21-4d71-8526-92b7c4346ea1"}],"template":"dynamic"},"questions":[{"type":"mcq","reference":"d806e9b3-af21-4d71-8526-92b7c4346ea1"}],"features":[],"tags":{"Migration status":["Not started"],"Import status":["Complete"],"Moodle question type":["multichoicewiris"],"Moodle flag":["Used in a quiz explicitely","Duplicate, already included in a bundled item and not a random variant"],"category":["top/Default for CHEM 360 Master Course"]},"reference":"d7eb514d-f12d-64ae-88c2-42329acc3022","status":"published","title":"HW4Q4","note":"","source":"https://quizzeslti.wiris.net/njit.edu/question/question.php?id=319542&courseid=200","dynamic_content_data":[]}