{"definition":{"widgets":[{"reference":"ec5660c1-a8a7-28f0-f1d8-7020c694d012"}],"template":"dynamic"},"questions":[{"type":"clozetext","reference":"ec5660c1-a8a7-28f0-f1d8-7020c694d012"}],"features":[],"tags":{"Migration status":["Not started"],"Import status":["Incomplete"],"Moodle question type":["shortanswerwiris"],"Moodle flag":["Not used in any quiz"],"category":["top/Default for CHEM 360 Master Course"]},"reference":"d8741a82-bdfa-58e5-96dc-f8fbdc2544de","status":"published","title":"HW1Q11 (INCOMPLETE)","note":"","source":"https://quizzeslti.wiris.net/njit.edu/question/question.php?id=319499&courseid=200","dynamic_content_data":[]}