{"definition":{"widgets":[{"reference":"c3c0295e-9939-0b70-ecd7-ba987f11d78f"}],"template":"dynamic"},"questions":[{"type":"clozetext","reference":"c3c0295e-9939-0b70-ecd7-ba987f11d78f"}],"features":[],"tags":{"Migration status":["Not started"],"Import status":["Incomplete"],"Moodle question type":["shortanswerwiris"],"Moodle flag":["Used in a quiz explicitely","Duplicate, already included in a bundled item and not a random variant"],"category":["top/Default for CHEM 360 Master Course"]},"reference":"d96348f1-2720-07c1-bbae-c6afed02670c","status":"published","title":"HW3Q9 (INCOMPLETE)","note":"","source":"https://quizzeslti.wiris.net/njit.edu/question/question.php?id=319538&courseid=200","dynamic_content_data":[]}