{"definition":{"widgets":[{"reference":"d46d9cbe-0a31-aea3-b4d7-b44ee9ef0d1e"}],"template":"dynamic"},"questions":[{"type":"clozetext","reference":"d46d9cbe-0a31-aea3-b4d7-b44ee9ef0d1e"}],"features":[],"tags":{"Migration status":["Not started"],"Import status":["Incomplete"],"Moodle question type":["shortanswerwiris"],"Moodle flag":["Used in a quiz explicitely","Duplicate, already included in a bundled item and not a random variant"],"category":["top/Default for CHEM 360 Master Course"]},"reference":"dabbf0ab-e8a5-a634-c5b7-422b1b4e7c4c","status":"published","title":"Q4Q6 (INCOMPLETE)","note":"","source":"https://quizzeslti.wiris.net/njit.edu/question/question.php?id=319634&courseid=200","dynamic_content_data":[]}