{"definition":{"widgets":[{"reference":"e51a7dc4-8420-3eec-015f-f220607ebd79"}],"template":"dynamic"},"questions":[{"type":"mcq","reference":"e51a7dc4-8420-3eec-015f-f220607ebd79"}],"features":[],"tags":{"Migration status":["Not started"],"Import status":["Complete"],"Moodle question type":["truefalsewiris"],"Moodle flag":["Used in a quiz explicitely","Duplicate, already included in a bundled item and not a random variant"],"category":["top/Default for CHEM 360 Master Course"]},"reference":"db8eb1ad-2765-a2f5-8eba-7ac998d79951","status":"published","title":"HW6Q0","note":"","source":"https://quizzeslti.wiris.net/njit.edu/question/question.php?id=319595&courseid=200","dynamic_content_data":[]}