{"definition":{"widgets":[{"reference":"54147831-8ef6-048d-ce5a-fa4dc564def9"}],"template":"dynamic"},"questions":[{"type":"clozetext","reference":"54147831-8ef6-048d-ce5a-fa4dc564def9"}],"features":[],"tags":{"Migration status":["Not started"],"Import status":["Incomplete"],"Moodle question type":["matchwiris"],"Moodle flag":["Used in a quiz explicitely","Duplicate, already included in a bundled item and not a random variant"],"category":["top/Default for CHEM 360 Master Course"]},"reference":"dbee9bcd-9dc9-6b5c-288d-7411740f78dc","status":"published","title":"Q1 (matching) (INCOMPLETE)","note":"","source":"https://quizzeslti.wiris.net/njit.edu/question/question.php?id=319465&courseid=200","dynamic_content_data":[]}