{"definition":{"widgets":[{"reference":"814c6bc2-4cac-fe85-036d-e4ac371012b1"},{"reference":"7f26f1ec-71bb-10db-c89d-6e170f7bbef6"},{"reference":"38225a0f-18ff-c055-224e-7b684f127c36"},{"reference":"7ef820cb-670b-1e48-208b-0ad45ee468f3"},{"reference":"d50463ae-7e12-983f-cf27-c7fca3e74b2b"},{"reference":"7af966c9-d247-661b-6af3-203ff7cd71f8"}],"template":"dynamic"},"questions":[{"type":"clozetext","reference":"814c6bc2-4cac-fe85-036d-e4ac371012b1"},{"type":"clozetext","reference":"7f26f1ec-71bb-10db-c89d-6e170f7bbef6"},{"type":"mcq","reference":"38225a0f-18ff-c055-224e-7b684f127c36"},{"type":"clozetext","reference":"7ef820cb-670b-1e48-208b-0ad45ee468f3"},{"type":"clozetext","reference":"d50463ae-7e12-983f-cf27-c7fca3e74b2b"},{"type":"mcq","reference":"7af966c9-d247-661b-6af3-203ff7cd71f8"}],"features":[],"tags":{"Migration status":["Not started"],"Import status":["Incomplete"],"Moodle question type":["quizpage","matchwiris","multichoicewiris"],"Moodle flag":["Used in a quiz explicitely"],"category":["Quiz 3 - climate change"]},"reference":"dccafbd9-7b58-1553-3392-03bb80d5e49c","status":"published","title":"Quiz 3 - climate change - page 1","note":"","source":"https://quizzeslti.wiris.net/njit.edu/question/question.php?id=319553&courseid=200,https://quizzeslti.wiris.net/njit.edu/question/question.php?id=319554&courseid=200,https://quizzeslti.wiris.net/njit.edu/question/question.php?id=319555&courseid=200,https://quizzeslti.wiris.net/njit.edu/question/question.php?id=319556&courseid=200,https://quizzeslti.wiris.net/njit.edu/question/question.php?id=319557&courseid=200,https://quizzeslti.wiris.net/njit.edu/question/question.php?id=319558&courseid=200","dynamic_content_data":""}