{"definition":{"widgets":[{"reference":"7871d16e-8420-898a-dfd0-e9cc8165dfe3"}],"template":"dynamic"},"questions":[{"type":"shorttext","reference":"7871d16e-8420-898a-dfd0-e9cc8165dfe3"}],"features":[],"tags":{"Migration status":["Not started"],"Import status":["Complete"],"Moodle question type":["shortanswer"],"Moodle flag":["Not used in any quiz"],"category":["top/BH 9 Chemical Bonds"]},"reference":"dce0d8d8-d476-074c-e371-3bd6a12d5127","status":"published","title":"steric number 2","note":"","source":"https://quizzeslti.wiris.net/njit.edu/question/question.php?id=319815&courseid=200","dynamic_content_data":[]}