{"definition":{"widgets":[{"reference":"fc9cf5e7-b044-8e65-7c2e-5939688a89da"}],"template":"dynamic"},"questions":[{"type":"formulaV2","reference":"fc9cf5e7-b044-8e65-7c2e-5939688a89da"}],"features":[],"tags":{"Migration status":["Not started"],"Import status":["Complete"],"Moodle question type":["calculated"],"Moodle flag":["Used in a quiz explicitely","Duplicate, already included in a bundled item and not a random variant"],"category":["top/BH 1 Multiplication by 1"]},"reference":"dce251e4-f502-51b8-546b-f857c3612c1a","status":"published","title":"Unit Conversion Problem 4","note":"","source":"https://quizzeslti.wiris.net/njit.edu/question/question.php?id=319713&courseid=200","dynamic_content_data":{"cols":["x","ans0"],"rows":{"427680ed-8498-aff0-55d2-53c743a71d67":{"index":0,"values":["215","13.12010498"]},"8fb6991b-abd8-7a69-6d1e-c4df05e32e87":{"index":1,"values":["568","34.66148665"]},"7d67bca5-ab21-3c15-2f19-d754cbf50534":{"index":2,"values":["929","56.69105826"]},"34e47e02-d53a-644a-19c5-56441a72717e":{"index":3,"values":["683","41.67921722"]},"39d9f81f-8251-0db9-a2b4-3f929d8ee8df":{"index":4,"values":["351","21.41933418"]},"8ba6b32c-defc-5a22-9fca-3f7a9fced2d4":{"index":5,"values":["228","13.91341365"]},"7073ace0-5bae-93f5-819a-86c38d2524b0":{"index":6,"values":["680","41.49614598"]},"077855ab-6c24-ef84-fe91-3eb57bb4b34e":{"index":7,"values":["554","33.80715423"]},"d4d6be8c-d813-b9d2-895d-f8361a6d56d0":{"index":8,"values":["521","31.79337067"]},"6af425de-243e-e646-9b26-3a96df914351":{"index":9,"values":["527","32.15951314"]},"b4ce8ddf-7de4-97d3-c300-855b4aa485e9":{"index":10,"values":["533","32.5256556"]},"9b03afe1-4fc4-efb2-863b-2f02bc2bcea3":{"index":11,"values":["859","52.41939618"]},"580b8ea6-63a7-6c51-a819-f032b3331b71":{"index":12,"values":["903","55.10444092"]},"be42a43a-130a-374d-6f6d-035bfc52af38":{"index":13,"values":["587","35.82093778"]},"134f454b-a85b-61d0-9b8e-87f8cc1d6595":{"index":14,"values":["622","37.95676883"]},"74ff85db-0bae-2857-e250-b35ba4852b7c":{"index":15,"values":["562","34.29534418"]},"db328c51-752a-96fa-3506-5276d57f30ef":{"index":16,"values":["601","36.6752702"]},"86cf40ef-9c74-8525-8a79-ac0a05336181":{"index":17,"values":["921","56.20286831"]},"6ce5f117-e4d5-7374-b65b-42f564f3abeb":{"index":18,"values":["357","21.78547664"]},"f65cc766-339c-5bed-970d-0c6758a6de18":{"index":19,"values":["469","28.62013598"]},"84b5bbb1-f416-faa1-e59f-bdccda9aeaf2":{"index":20,"values":["683","41.67921722"]},"50edf055-f38c-60aa-7046-046ecb390dae":{"index":21,"values":["629","38.38393504"]},"1def50b1-163c-5651-946e-54391691ad56":{"index":22,"values":["484","29.53549214"]},"6c262d8b-666d-f998-54b6-eefa9da61d75":{"index":23,"values":["237","14.46262735"]},"4769c96e-7a0f-32ec-4b0a-81cd7cac401a":{"index":24,"values":["247","15.07286479"]},"8a90cefa-e9c7-0d95-72f4-6fe67a18b20e":{"index":25,"values":["678","41.3740985"]},"26613719-03b6-0997-613e-d82424793eab":{"index":26,"values":["441","26.91147115"]},"e10edb0a-6a6f-4680-8e56-a627c9b5d0fd":{"index":27,"values":["413","25.20280631"]},"7177fabb-cb22-d1f2-e430-5eeed61288ed":{"index":28,"values":["409","24.95871133"]},"1aede423-97d1-0686-5c17-b03584d536a1":{"index":29,"values":["758","46.25599802"]}}}}