{"definition":{"widgets":[{"reference":"a3fdf0aa-557c-29fa-1af2-164a6027707d"}],"template":"dynamic"},"questions":[{"type":"mcq","reference":"a3fdf0aa-557c-29fa-1af2-164a6027707d"}],"features":[],"tags":{"Migration status":["Not started"],"Import status":["Complete"],"Moodle question type":["multichoicewiris"],"Moodle flag":["Not used in any quiz"],"category":["top/BH 6 Thermo 1"]},"reference":"dd98fa72-c640-7e6a-b17d-fa75364b3169","status":"published","title":"Gas laws podcast","note":"","source":"https://quizzeslti.wiris.net/njit.edu/question/question.php?id=319783&courseid=200","dynamic_content_data":[]}