{"definition":{"widgets":[{"reference":"a75ea010-eb2c-6140-052d-a71f67df2174"}],"template":"dynamic"},"questions":[{"type":"association","reference":"a75ea010-eb2c-6140-052d-a71f67df2174"}],"features":[],"tags":{"Migration status":["Not started"],"Import status":["Complete"],"Moodle question type":["match"],"Moodle flag":["Not used in any quiz"],"category":["top/BH 4 Electrolytes"]},"reference":"de016a26-8c0e-c2ff-a074-ba92284e6317","status":"published","title":"Electrolytes review for ch 5","note":"","source":"https://quizzeslti.wiris.net/njit.edu/question/question.php?id=319744&courseid=200","dynamic_content_data":[]}