{"definition":{"widgets":[{"reference":"270b75f3-1a2a-1dce-d8d9-a4f463e5e61a"}],"template":"dynamic"},"questions":[{"type":"clozetext","reference":"270b75f3-1a2a-1dce-d8d9-a4f463e5e61a"}],"features":[],"tags":{"Migration status":["Not started"],"Import status":["Incomplete"],"Moodle question type":["shortanswerwiris"],"Moodle flag":["Not used in any quiz"],"category":["top/Default for CHEM 360 Master Course"]},"reference":"de0a88fb-5f69-0def-fec7-3128304ec901","status":"published","title":"EX1Q2 (INCOMPLETE)","note":"","source":"https://quizzeslti.wiris.net/njit.edu/question/question.php?id=319562&courseid=200","dynamic_content_data":[]}