{"definition":{"widgets":[{"reference":"9ffa8762-e559-52b0-2a58-dc59607de180"}],"template":"dynamic"},"questions":[{"type":"mcq","reference":"9ffa8762-e559-52b0-2a58-dc59607de180"}],"features":[],"tags":{"Migration status":["Not started"],"Import status":["Complete"],"Moodle question type":["multichoicewiris"],"Moodle flag":["Not used in any quiz"],"category":["top/Default for CHEM 360 Master Course"]},"reference":"de4725c5-dc96-fffb-7ec5-2b2d2224aaef","status":"published","title":"Q3Q4","note":"","source":"https://quizzeslti.wiris.net/njit.edu/question/question.php?id=319617&courseid=200","dynamic_content_data":[]}