{"definition":{"widgets":[{"reference":"06a83141-149c-5bb3-d571-93f7e9d88ced"}],"template":"dynamic"},"questions":[{"type":"clozetext","reference":"06a83141-149c-5bb3-d571-93f7e9d88ced"}],"features":[],"tags":{"Migration status":["Not started"],"Import status":["Incomplete"],"Moodle question type":["shortanswerwiris"],"Moodle flag":["Used in a quiz explicitely","Duplicate, already included in a bundled item and not a random variant"],"category":["top/Default for CHEM 360 Master Course"]},"reference":"dea3d153-3fb8-7be5-9912-055ae764c492","status":"published","title":"EX2Q8 (INCOMPLETE)","note":"","source":"https://quizzeslti.wiris.net/njit.edu/question/question.php?id=319652&courseid=200","dynamic_content_data":[]}