{"definition":{"widgets":[{"reference":"9fb3e859-9d52-13a6-5cce-4a9371cf0df5"}],"template":"dynamic"},"questions":[{"type":"clozetext","reference":"9fb3e859-9d52-13a6-5cce-4a9371cf0df5"}],"features":[],"tags":{"Migration status":["Not started"],"Import status":["Incomplete"],"Moodle question type":["shortanswerwiris"],"Moodle flag":["Used in a quiz explicitely","Duplicate, already included in a bundled item and not a random variant"],"category":["top/Default for CHEM 360 Master Course"]},"reference":"deee3e09-e4fa-18a1-ac8a-137826b80a2e","status":"published","title":"science (INCOMPLETE)","note":"","source":"https://quizzeslti.wiris.net/njit.edu/question/question.php?id=319644&courseid=200","dynamic_content_data":[]}