{"definition":{"widgets":[{"reference":"d1523dc8-009e-fa12-859c-2949e06e34da"}],"template":"dynamic"},"questions":[{"type":"clozetext","reference":"d1523dc8-009e-fa12-859c-2949e06e34da"}],"features":[],"tags":{"Migration status":["Not started"],"Import status":["Incomplete"],"Moodle question type":["matchwiris"],"Moodle flag":["Used in a quiz explicitely","Duplicate, already included in a bundled item and not a random variant"],"category":["top/Default for CHEM 360 Master Course"]},"reference":"e02d88cc-7460-4578-7633-fedaabfd53a1","status":"published","title":"Q2Q10 (INCOMPLETE)","note":"","source":"https://quizzeslti.wiris.net/njit.edu/question/question.php?id=319557&courseid=200","dynamic_content_data":[]}