{"definition":{"widgets":[{"reference":"f77fc650-f838-d1b7-e813-9489dd09e232"}],"template":"dynamic"},"questions":[{"type":"clozetext","reference":"f77fc650-f838-d1b7-e813-9489dd09e232"}],"features":[],"tags":{"Migration status":["Not started"],"Import status":["Incomplete"],"Moodle question type":["shortanswerwiris"],"Moodle flag":["Used in a quiz explicitely","Duplicate, already included in a bundled item and not a random variant"],"category":["top/Default for CHEM 360 Master Course"]},"reference":"e1aa5366-7977-20d7-eb47-aa2b88a89f14","status":"published","title":"Q1Q4 (INCOMPLETE)","note":"","source":"https://quizzeslti.wiris.net/njit.edu/question/question.php?id=319526&courseid=200","dynamic_content_data":[]}