{"definition":{"widgets":[{"reference":"da251153-3ed2-1b07-5757-4268763a0737"}],"template":"dynamic"},"questions":[{"type":"clozetext","reference":"da251153-3ed2-1b07-5757-4268763a0737"}],"features":[],"tags":{"Migration status":["Not started"],"Import status":["Incomplete"],"Moodle question type":["shortanswerwiris"],"Moodle flag":["Not used in any quiz"],"category":["top/Default for CHEM 360 Master Course"]},"reference":"e20077ec-d000-47d5-bc17-8f6cbd413385","status":"published","title":"HW1Q4 (INCOMPLETE)","note":"","source":"https://quizzeslti.wiris.net/njit.edu/question/question.php?id=319505&courseid=200","dynamic_content_data":[]}