{"definition":{"widgets":[{"reference":"8445cf43-5eb9-172c-cfb9-201a864cff25"}],"template":"dynamic"},"questions":[{"type":"clozetext","reference":"8445cf43-5eb9-172c-cfb9-201a864cff25"}],"features":[],"tags":{"Migration status":["Not started"],"Import status":["Incomplete"],"Moodle question type":["shortanswerwiris"],"Moodle flag":["Used in a quiz explicitely","Duplicate, already included in a bundled item and not a random variant"],"category":["top/Default for CHEM 360 Master Course"]},"reference":"e2a7ce7b-452a-581e-1e86-dc3f999d3611","status":"published","title":"Q1Q3 (INCOMPLETE)","note":"","source":"https://quizzeslti.wiris.net/njit.edu/question/question.php?id=319525&courseid=200","dynamic_content_data":[]}