{"definition":{"widgets":[{"reference":"27b50b4d-2202-b68b-ab1c-098ba9ec3d72"}],"template":"dynamic"},"questions":[{"type":"shorttext","reference":"27b50b4d-2202-b68b-ab1c-098ba9ec3d72"}],"features":[],"tags":{"Migration status":["Not started"],"Import status":["Complete"],"Moodle question type":["shortanswer"],"Moodle flag":["Used in a quiz explicitely","Duplicate, already included in a bundled item and not a random variant"],"category":["top/BH 4 Electrolytes"]},"reference":"e3085429-93b9-97f1-c7a7-4c36e4fdc0fb","status":"published","title":"Conduction in solutions","note":"","source":"https://quizzeslti.wiris.net/njit.edu/question/question.php?id=319751&courseid=200","dynamic_content_data":[]}