{"definition":{"widgets":[{"reference":"e5621cb1-3a5e-53a0-95d2-6a623f7a58fd"}],"template":"dynamic"},"questions":[{"type":"association","reference":"e5621cb1-3a5e-53a0-95d2-6a623f7a58fd"}],"features":[],"tags":{"Migration status":["Not started"],"Import status":["Complete"],"Moodle question type":["matchwiris"],"Moodle flag":["Used in a quiz explicitely","Duplicate, already included in a bundled item and not a random variant"],"category":["top/Default for CHEM 360 Master Course"]},"reference":"e30c64cf-8e96-6afe-319f-c0ea3f7ac0ec","status":"published","title":"Q2Q3","note":"","source":"https://quizzeslti.wiris.net/njit.edu/question/question.php?id=319550&courseid=200","dynamic_content_data":[]}