{"definition":{"widgets":[{"reference":"49914cae-9b2f-b560-843e-7944deacdb80"}],"template":"dynamic"},"questions":[{"type":"association","reference":"49914cae-9b2f-b560-843e-7944deacdb80"}],"features":[],"tags":{"Migration status":["Not started"],"Import status":["Complete"],"Moodle question type":["matchwiris"],"Moodle flag":["Used in a quiz explicitely","Duplicate, already included in a bundled item and not a random variant"],"category":["top/Default for CHEM 360 Master Course"]},"reference":"e395ae2a-17fb-0b72-9bab-e0825c29087b","status":"published","title":"HW4Q2","note":"","source":"https://quizzeslti.wiris.net/njit.edu/question/question.php?id=319540&courseid=200","dynamic_content_data":[]}