{"definition":{"widgets":[{"reference":"c66b81df-b0ca-4724-66df-d53a463d8bb2"}],"template":"dynamic"},"questions":[{"type":"clozetext","reference":"c66b81df-b0ca-4724-66df-d53a463d8bb2"}],"features":[],"tags":{"Migration status":["Not started"],"Import status":["Incomplete"],"Moodle question type":["shortanswerwiris"],"Moodle flag":["Not used in any quiz"],"category":["top/Default for CHEM 360 Master Course"]},"reference":"e4a3fb14-025a-b506-3ced-2491d63b25a1","status":"published","title":"Q1Q2 (INCOMPLETE)","note":"","source":"https://quizzeslti.wiris.net/njit.edu/question/question.php?id=319524&courseid=200","dynamic_content_data":[]}