{"definition":{"widgets":[{"reference":"150ab76a-f6b1-23af-19e8-e9e0e4970d85"}],"template":"dynamic"},"questions":[{"type":"clozetext","reference":"150ab76a-f6b1-23af-19e8-e9e0e4970d85"}],"features":[],"tags":{"Migration status":["Not started"],"Import status":["Incomplete"],"Moodle question type":["shortanswerwiris"],"Moodle flag":["Not used in any quiz"],"category":["top/Default for CHEM 360 Master Course"]},"reference":"e6214cac-ad35-2621-80f0-17765e39ddcc","status":"published","title":"HW1Q4 (INCOMPLETE)","note":"","source":"https://quizzeslti.wiris.net/njit.edu/question/question.php?id=319504&courseid=200","dynamic_content_data":[]}