{"definition":{"widgets":[{"reference":"bebe322a-e90d-73a2-495d-7d670ffb5407"}],"template":"dynamic"},"questions":[{"type":"mcq","reference":"bebe322a-e90d-73a2-495d-7d670ffb5407"}],"features":[],"tags":{"Migration status":["Not started"],"Import status":["Complete"],"Moodle question type":["multichoice"],"Moodle flag":["Not used in any quiz"],"category":["top/BH 9 Chemical Bonds"]},"reference":"e72c4da0-6202-dba9-4371-d5938d307e5b","status":"published","title":"CB 3b LS octet rule violate 1.5","note":"","source":"https://quizzeslti.wiris.net/njit.edu/question/question.php?id=319799&courseid=200","dynamic_content_data":[]}