{"definition":{"widgets":[{"reference":"450dd226-d124-489c-309b-85e1a6a946d3"}],"template":"dynamic"},"questions":[{"type":"clozetext","reference":"450dd226-d124-489c-309b-85e1a6a946d3"}],"features":[],"tags":{"Migration status":["Not started"],"Import status":["Incomplete"],"Moodle question type":["quizpage","shortanswerwiris"],"Moodle flag":["Used in a quiz explicitely"],"category":["Nov 28 (halocarbons)"]},"reference":"e8806e97-5a10-9284-911e-02e7dc0b6497","status":"published","title":"Nov 28 (halocarbons) - page 1","note":"","source":"https://quizzeslti.wiris.net/njit.edu/question/question.php?id=319705&courseid=200","dynamic_content_data":""}