{"definition":{"widgets":[{"reference":"115c9fee-4ee0-957d-44cc-ea1d7a775300"}],"template":"dynamic"},"questions":[{"type":"clozetext","reference":"115c9fee-4ee0-957d-44cc-ea1d7a775300"}],"features":[],"tags":{"Migration status":["Not started"],"Import status":["Incomplete"],"Moodle question type":["shortanswerwiris"],"Moodle flag":["Not used in any quiz"],"category":["top/Default for CHEM 360 Master Course"]},"reference":"e8b4bbd1-3554-43ec-5aa7-53920148d132","status":"published","title":"HW5Q1 (INCOMPLETE)","note":"","source":"https://quizzeslti.wiris.net/njit.edu/question/question.php?id=319585&courseid=200","dynamic_content_data":[]}