{"definition":{"widgets":[{"reference":"5b43d218-35f0-a385-1224-0a3d67539ecb"}],"template":"dynamic"},"questions":[{"type":"association","reference":"5b43d218-35f0-a385-1224-0a3d67539ecb"}],"features":[],"tags":{"Migration status":["Not started"],"Import status":["Complete"],"Moodle question type":["matchwiris"],"Moodle flag":["Used in a quiz explicitely","Duplicate, already included in a bundled item and not a random variant"],"category":["top/Default for CHEM 360 Master Course"]},"reference":"e8f17b89-c5ca-9637-23f6-47130d7bff01","status":"published","title":"EX1Q6","note":"","source":"https://quizzeslti.wiris.net/njit.edu/question/question.php?id=319569&courseid=200","dynamic_content_data":[]}