{"definition":{"widgets":[{"reference":"083a4a02-21f4-dbb7-f262-9a5206235aa5"}],"template":"dynamic"},"questions":[{"type":"clozetext","reference":"083a4a02-21f4-dbb7-f262-9a5206235aa5"}],"features":[],"tags":{"Migration status":["Not started"],"Import status":["Incomplete"],"Moodle question type":["multianswerwiris"],"Moodle flag":["Used in a quiz explicitely","Duplicate, already included in a bundled item and not a random variant"],"category":["top/Default for CHEM 360 Master Course"]},"reference":"e95cc476-73aa-41ea-414f-f2e068af74da","status":"published","title":"EX1Q12 (INCOMPLETE)","note":"","source":"https://quizzeslti.wiris.net/njit.edu/question/question.php?id=319576&courseid=200","dynamic_content_data":[]}