{"definition":{"widgets":[{"reference":"7c5733dd-4875-8f0f-1fd4-ca6f239b60bf"}],"template":"dynamic"},"questions":[{"type":"mcq","reference":"7c5733dd-4875-8f0f-1fd4-ca6f239b60bf"}],"features":[],"tags":{"Migration status":["Not started"],"Import status":["Complete"],"Moodle question type":["multichoice"],"Moodle flag":["Used in a quiz explicitely","Duplicate, already included in a bundled item and not a random variant"],"category":["top/BH 9 Chemical Bonds"]},"reference":"ea21973c-b361-f7bb-ce98-253be70d7c79","status":"published","title":"CB 1f LS","note":"","source":"https://quizzeslti.wiris.net/njit.edu/question/question.php?id=319791&courseid=200","dynamic_content_data":[]}