{"definition":{"widgets":[{"reference":"a01d538e-9101-ffd0-d107-d1a96f5bfca1"}],"template":"dynamic"},"questions":[{"type":"mcq","reference":"a01d538e-9101-ffd0-d107-d1a96f5bfca1"}],"features":[],"tags":{"Migration status":["Not started"],"Import status":["Complete"],"Moodle question type":["multichoicewiris"],"Moodle flag":["Used in a quiz explicitely","Duplicate, already included in a bundled item and not a random variant"],"category":["top/Default for CHEM 360 Master Course"]},"reference":"ea4a29ae-c5f6-a955-88d7-7d656c83a51e","status":"published","title":"EX2Q5","note":"","source":"https://quizzeslti.wiris.net/njit.edu/question/question.php?id=319649&courseid=200","dynamic_content_data":[]}