{"definition":{"widgets":[{"reference":"78fe92f6-fd01-8b4e-601b-4d248717d6e1"}],"template":"dynamic"},"questions":[{"type":"association","reference":"78fe92f6-fd01-8b4e-601b-4d248717d6e1"}],"features":[],"tags":{"Migration status":["Not started"],"Import status":["Complete"],"Moodle question type":["quizpage","matchwiris"],"Moodle flag":["Used in a quiz explicitely"],"category":["Nov 21 (odd oxygen)"]},"reference":"ebdb5f00-c6e8-e153-dd9f-e62915ecb946","status":"published","title":"Nov 21 (odd oxygen) - page 1","note":"","source":"https://quizzeslti.wiris.net/njit.edu/question/question.php?id=319636&courseid=200","dynamic_content_data":""}