{"definition":{"widgets":[{"reference":"eca2c312-900b-f01f-7a87-445bf1a9f5bc"}],"template":"dynamic"},"questions":[{"type":"clozetext","reference":"eca2c312-900b-f01f-7a87-445bf1a9f5bc"}],"features":[],"tags":{"Migration status":["Not started"],"Import status":["Incomplete"],"Moodle question type":["essaywiris"],"Moodle flag":["Used in a quiz explicitely","Duplicate, already included in a bundled item and not a random variant"],"category":["top/Default for CHEM 360 Master Course"]},"reference":"ec4dc563-01a1-4e43-29db-f7f677096ee8","status":"published","title":"EX1Q3 (INCOMPLETE)","note":"","source":"https://quizzeslti.wiris.net/njit.edu/question/question.php?id=319567&courseid=200","dynamic_content_data":[]}