{"definition":{"widgets":[{"reference":"a6368d85-820a-b3bd-6933-f9313df2d6ea"}],"template":"dynamic"},"questions":[{"type":"clozetext","reference":"a6368d85-820a-b3bd-6933-f9313df2d6ea"}],"features":[],"tags":{"Migration status":["Not started"],"Import status":["Incomplete"],"Moodle question type":["multianswerwiris"],"Moodle flag":["Used in a quiz explicitely","Duplicate, already included in a bundled item and not a random variant"],"category":["top/Default for CHEM 360 Master Course"]},"reference":"ee44b2d3-b518-c236-4f94-068d806871fc","status":"published","title":"Q3Q4 (INCOMPLETE)","note":"","source":"https://quizzeslti.wiris.net/njit.edu/question/question.php?id=319607&courseid=200","dynamic_content_data":[]}