{"definition":{"widgets":[{"reference":"2771a288-743d-cb73-f569-77432d4b2f6a"}],"template":"dynamic"},"questions":[{"type":"mcq","reference":"2771a288-743d-cb73-f569-77432d4b2f6a"}],"features":[],"tags":{"Migration status":["Not started"],"Import status":["Complete"],"Moodle question type":["multichoice"],"Moodle flag":["Not used in any quiz"],"category":["top/BH 9 Chemical Bonds"]},"reference":"ef6cf43d-4b88-40a8-e9b8-d90d2ddad9fc","status":"published","title":"CB 2d LS multiple bonds HCN","note":"","source":"https://quizzeslti.wiris.net/njit.edu/question/question.php?id=319796&courseid=200","dynamic_content_data":[]}