{"definition":{"widgets":[{"reference":"6e245fff-d8c1-57a1-71d9-770721bb2e7f"}],"template":"dynamic"},"questions":[{"type":"clozetext","reference":"6e245fff-d8c1-57a1-71d9-770721bb2e7f"}],"features":[],"tags":{"Migration status":["Not started"],"Import status":["Incomplete"],"Moodle question type":["shortanswerwiris"],"Moodle flag":["Not used in any quiz"],"category":["top/Default for CHEM 360 Master Course"]},"reference":"ef7a86c3-ef15-725b-239f-6e7a710dddca","status":"published","title":"Molarity and pH (INCOMPLETE)","note":"","source":"https://quizzeslti.wiris.net/njit.edu/question/question.php?id=319452&courseid=200","dynamic_content_data":[]}