{"definition":{"widgets":[{"reference":"33353c3e-f42f-7ff1-b607-3b4e3f4611ca"}],"template":"dynamic"},"questions":[{"type":"clozetext","reference":"33353c3e-f42f-7ff1-b607-3b4e3f4611ca"}],"features":[],"tags":{"Migration status":["Not started"],"Import status":["Incomplete"],"Moodle question type":["matchwiris"],"Moodle flag":["Used in a quiz explicitely","Duplicate, already included in a bundled item and not a random variant"],"category":["top/Default for CHEM 360 Master Course"]},"reference":"effa4a29-c87c-8183-4afe-4216052ef823","status":"published","title":"HW8Q2 (INCOMPLETE)","note":"","source":"https://quizzeslti.wiris.net/njit.edu/question/question.php?id=319636&courseid=200","dynamic_content_data":[]}