{"definition":{"widgets":[{"reference":"2c2cca69-d164-3177-7bea-6aa4aed6c657"}],"template":"dynamic"},"questions":[{"type":"clozetext","reference":"2c2cca69-d164-3177-7bea-6aa4aed6c657"}],"features":[],"tags":{"Migration status":["Not started"],"Import status":["Incomplete"],"Moodle question type":["shortanswerwiris"],"Moodle flag":["Not used in any quiz"],"category":["top/Default for CHEM 360 Master Course"]},"reference":"f13b85b2-8475-71ac-50da-46227077ccef","status":"published","title":"HW3Qx (INCOMPLETE)","note":"","source":"https://quizzeslti.wiris.net/njit.edu/question/question.php?id=319531&courseid=200","dynamic_content_data":[]}