{"definition":{"widgets":[{"reference":"cf0c3f74-a279-b924-95ca-a93e6c080851"}],"template":"dynamic"},"questions":[{"type":"clozetext","reference":"cf0c3f74-a279-b924-95ca-a93e6c080851"}],"features":[],"tags":{"Migration status":["Not started"],"Import status":["Incomplete"],"Moodle question type":["shortanswerwiris"],"Moodle flag":["Not used in any quiz"],"category":["top/Default for CHEM 360 Master Course"]},"reference":"f25d873c-6484-ddd4-ac0c-3a701a3a28cb","status":"published","title":"Temperature (INCOMPLETE)","note":"","source":"https://quizzeslti.wiris.net/njit.edu/question/question.php?id=319448&courseid=200","dynamic_content_data":[]}