{"definition":{"widgets":[{"reference":"2650f1c6-2fb9-153b-0d28-f30509ab2303"}],"template":"dynamic"},"questions":[{"type":"clozetext","reference":"2650f1c6-2fb9-153b-0d28-f30509ab2303"}],"features":[],"tags":{"Migration status":["Not started"],"Import status":["Incomplete"],"Moodle question type":["shortanswerwiris"],"Moodle flag":["Not used in any quiz"],"category":["top/Default for CHEM 360 Master Course"]},"reference":"f29143d3-822e-5a75-8323-5b9a15b0d737","status":"published","title":"Q5 (Cloze) (INCOMPLETE)","note":"","source":"https://quizzeslti.wiris.net/njit.edu/question/question.php?id=319471&courseid=200","dynamic_content_data":[]}