{"definition":{"widgets":[{"reference":"e7a9340c-6de4-a83c-631a-cb5a12c9a34d"},{"reference":"362d99c3-604f-06d8-b010-849973e984ab"},{"reference":"86431dac-bba7-c7ba-a1af-0edce215b52f"},{"reference":"ce127343-d0c5-a9f1-ae0b-1766e94f3491"},{"reference":"e1e983e0-8ec7-393f-525b-a1bdf25c4672"},{"reference":"9501ef99-42c3-adb1-6648-214895fd5b6a"},{"reference":"1f3021a0-0976-3090-6005-d577eee93fbf"},{"reference":"8aa134ef-db5d-f9d4-fd08-e4beb884fd6f"},{"reference":"034ee7dc-1f89-b260-72de-581a7c4e05af"}],"template":"dynamic"},"questions":[{"type":"mcq","reference":"e7a9340c-6de4-a83c-631a-cb5a12c9a34d"},{"type":"clozetext","reference":"362d99c3-604f-06d8-b010-849973e984ab"},{"type":"clozetext","reference":"86431dac-bba7-c7ba-a1af-0edce215b52f"},{"type":"clozetext","reference":"ce127343-d0c5-a9f1-ae0b-1766e94f3491"},{"type":"clozetext","reference":"e1e983e0-8ec7-393f-525b-a1bdf25c4672"},{"type":"clozetext","reference":"9501ef99-42c3-adb1-6648-214895fd5b6a"},{"type":"clozetext","reference":"1f3021a0-0976-3090-6005-d577eee93fbf"},{"type":"clozetext","reference":"8aa134ef-db5d-f9d4-fd08-e4beb884fd6f"},{"type":"clozetext","reference":"034ee7dc-1f89-b260-72de-581a7c4e05af"}],"features":[],"tags":{"Migration status":["Not started"],"Import status":["Incomplete"],"Moodle question type":["quizpage","truefalsewiris","shortanswerwiris"],"Moodle flag":["Used in a quiz explicitely"],"category":["HW6 - chemical pathways"]},"reference":"f309f144-3033-20c7-0b27-2bd57fa1ca13","status":"published","title":"HW6 - chemical pathways - page 1","note":"","source":"https://quizzeslti.wiris.net/njit.edu/question/question.php?id=319595&courseid=200,https://quizzeslti.wiris.net/njit.edu/question/question.php?id=319596&courseid=200,https://quizzeslti.wiris.net/njit.edu/question/question.php?id=319597&courseid=200,https://quizzeslti.wiris.net/njit.edu/question/question.php?id=319598&courseid=200,https://quizzeslti.wiris.net/njit.edu/question/question.php?id=319599&courseid=200,https://quizzeslti.wiris.net/njit.edu/question/question.php?id=319601&courseid=200,https://quizzeslti.wiris.net/njit.edu/question/question.php?id=319600&courseid=200,https://quizzeslti.wiris.net/njit.edu/question/question.php?id=319602&courseid=200,https://quizzeslti.wiris.net/njit.edu/question/question.php?id=319603&courseid=200","dynamic_content_data":""}