{"definition":{"widgets":[{"reference":"ecedc24e-e37f-89f6-8ba9-3bbb2fa17547"}],"template":"dynamic"},"questions":[{"type":"clozetext","reference":"ecedc24e-e37f-89f6-8ba9-3bbb2fa17547"}],"features":[],"tags":{"Migration status":["Not started"],"Import status":["Incomplete"],"Moodle question type":["matchwiris"],"Moodle flag":["Used in a quiz explicitely","Duplicate, already included in a bundled item and not a random variant"],"category":["top/Default for CHEM 360 Master Course"]},"reference":"f38399cd-ee8f-ebc7-0acb-5f5734cb1e80","status":"published","title":"HW3Q8 (INCOMPLETE)","note":"","source":"https://quizzeslti.wiris.net/njit.edu/question/question.php?id=319537&courseid=200","dynamic_content_data":[]}