{"definition":{"widgets":[{"reference":"babe6f95-0914-747b-e147-ebf64f310ea2"}],"template":"dynamic"},"questions":[{"type":"clozetext","reference":"babe6f95-0914-747b-e147-ebf64f310ea2"}],"features":[],"tags":{"Migration status":["Not started"],"Import status":["Incomplete"],"Moodle question type":["shortanswerwiris"],"Moodle flag":["Used in a quiz explicitely","Duplicate, already included in a bundled item and not a random variant"],"category":["top/Default for CHEM 360 Master Course"]},"reference":"f43a7297-7df0-f264-4667-7da13509bcdc","status":"published","title":"HW6Q6 (INCOMPLETE)","note":"","source":"https://quizzeslti.wiris.net/njit.edu/question/question.php?id=319600&courseid=200","dynamic_content_data":[]}