{"definition":{"widgets":[{"reference":"84ada238-c128-0318-7e9b-23f35ec716a7"}],"template":"dynamic"},"questions":[{"type":"clozetext","reference":"84ada238-c128-0318-7e9b-23f35ec716a7"}],"features":[],"tags":{"Migration status":["Not started"],"Import status":["Incomplete"],"Moodle question type":["multianswerwiris"],"Moodle flag":["Used in a quiz explicitely","Duplicate, already included in a bundled item and not a random variant"],"category":["top/Default for CHEM 360 Master Course"]},"reference":"f46378ad-9255-8f48-5278-8aa9f880ed74","status":"published","title":"Q3Q5 (INCOMPLETE)","note":"","source":"https://quizzeslti.wiris.net/njit.edu/question/question.php?id=319618&courseid=200","dynamic_content_data":[]}