{"definition":{"widgets":[{"reference":"b59a6e31-b64f-b441-2576-8e3d40d991c7"}],"template":"dynamic"},"questions":[{"type":"clozetext","reference":"b59a6e31-b64f-b441-2576-8e3d40d991c7"}],"features":[],"tags":{"Migration status":["Not started"],"Import status":["Incomplete"],"Moodle question type":["shortanswerwiris"],"Moodle flag":["Used in a quiz explicitely","Duplicate, already included in a bundled item and not a random variant"],"category":["top/Default for CHEM 360 Master Course"]},"reference":"f4870962-182f-77b2-0f07-78aebe8cec78","status":"published","title":"HW6Q3 (INCOMPLETE)","note":"","source":"https://quizzeslti.wiris.net/njit.edu/question/question.php?id=319598&courseid=200","dynamic_content_data":[]}