{"definition":{"widgets":[{"reference":"20a1f9fa-ab95-f324-24eb-3ca0d42713e1"}],"template":"dynamic"},"questions":[{"type":"mcq","reference":"20a1f9fa-ab95-f324-24eb-3ca0d42713e1"}],"features":[],"tags":{"Migration status":["Not started"],"Import status":["Complete"],"Moodle question type":["quizpage","multichoicewiris"],"Moodle flag":["Used in a quiz explicitely"],"category":["Oct 4 hurricanes"]},"reference":"f542e745-8cf6-1f55-9aff-063cee72314f","status":"published","title":"Oct 4 hurricanes - page 1","note":"","source":"https://quizzeslti.wiris.net/njit.edu/question/question.php?id=319685&courseid=200","dynamic_content_data":""}