{"definition":{"widgets":[{"reference":"d66af758-dd22-c28f-1efd-bab6efee43d4"}],"template":"dynamic"},"questions":[{"type":"association","reference":"d66af758-dd22-c28f-1efd-bab6efee43d4"}],"features":[],"tags":{"Migration status":["Not started"],"Import status":["Complete"],"Moodle question type":["quizpage","matchwiris"],"Moodle flag":["Used in a quiz explicitely"],"category":["Oct 6 lifetime and transport scale of CO"]},"reference":"f6806fb1-f592-f0c2-b794-13e45a57e060","status":"published","title":"Oct 6 lifetime and transport scale of CO - page 1","note":"","source":"https://quizzeslti.wiris.net/njit.edu/question/question.php?id=319686&courseid=200","dynamic_content_data":""}