{"definition":{"widgets":[{"reference":"b5641012-0f46-39f4-9ea4-d11243cc491b"}],"template":"dynamic"},"questions":[{"type":"formulaV2","reference":"b5641012-0f46-39f4-9ea4-d11243cc491b"}],"features":[],"tags":{"Migration status":["Not started"],"Import status":["Complete"],"Moodle question type":["calculated"],"Moodle flag":["Not used in any quiz"],"category":["top/BH 3 Balance Equations"]},"reference":"f70f6067-e067-22dc-9588-96195392ecf1","status":"published","title":"Balanced equation, yield","note":"","source":"https://quizzeslti.wiris.net/njit.edu/question/question.php?id=319735&courseid=200","dynamic_content_data":{"cols":["b","dd","a","c","d","ans0"],"rows":{"06b749f4-ecc3-afd8-77f9-2c798f10c18e":{"index":0,"values":["15","4","8","2","2","5"]},"4de5beaa-a5d8-bedf-ab50-02a79b638d5f":{"index":1,"values":["17","5","8","5","3","4.5"]},"2f718f72-c5a4-9513-bb82-28d658b2be6a":{"index":2,"values":["18","5","8","7","3","5.5"]},"1047b388-9e57-e276-b1f8-bf1c7e1a1841":{"index":3,"values":["17","5","8","8","2","4.5"]},"07ddd49e-24fb-9651-b7f0-b8d5366d982d":{"index":4,"values":["16","6","8","3","3","1"]},"8a7bbabb-b968-fc3b-e11e-e8f8c4dd600c":{"index":5,"values":["16","5","8","7","3","3.5"]},"eb3bfce4-6d8c-1167-2979-68877b8175f4":{"index":6,"values":["20","5","8","4","2","7.5"]},"95d4d123-499f-f31c-ed42-4ae97b43ca9f":{"index":7,"values":["19","5","8","9","3","6.5"]},"67be589b-1586-00e7-f027-fb468047d9e9":{"index":8,"values":["20","5","8","3","3","7.5"]},"6179d235-333e-fdcc-7188-4c1a06426102":{"index":9,"values":["17","6","8","9","2","2"]},"8ea186a4-c1c6-49e9-6cdf-49ed977dc65b":{"index":10,"values":["16","5","8","9","2","3.5"]},"7dccbc8d-393b-dbf7-8430-acc9b47f0c8f":{"index":11,"values":["19","6","8","7","3","4"]},"1f229d0d-a8bc-2eb3-249b-427b7f72af7e":{"index":12,"values":["16","6","8","4","3","1"]},"9c21a4b2-fc4a-eeca-4a0a-40dd47be5749":{"index":13,"values":["18","6","8","9","3","3"]},"912e37f3-dd9d-9aa3-a09d-9e19ca4376ea":{"index":14,"values":["19","4","8","4","3","9"]},"861a9382-9edd-f9d6-0b76-7f761c16c6d8":{"index":15,"values":["15","4","8","8","3","5"]},"da94a5d3-6942-32b0-0f34-3b917a769ea7":{"index":16,"values":["19","4","8","4","2","9"]},"74288983-99c2-b318-c9b4-deb6e38ae024":{"index":17,"values":["16","6","8","9","3","1"]},"303c93d7-b300-5873-d02f-def73313f19c":{"index":18,"values":["15","4","8","6","2","5"]},"c8a40d2e-3a1b-6982-4dc0-f2c0200c1ae4":{"index":19,"values":["20","4","8","4","2","10"]}}}}