{"definition":{"widgets":[{"reference":"fb6fab5d-fd8e-1f7e-5bee-9db50e8437a2"}],"template":"dynamic"},"questions":[{"type":"clozetext","reference":"fb6fab5d-fd8e-1f7e-5bee-9db50e8437a2"}],"features":[],"tags":{"Migration status":["Not started"],"Import status":["Incomplete"],"Moodle question type":["quizpage","matchwiris"],"Moodle flag":["Used in a quiz explicitely"],"category":["Oct 24 (primary vs secondary aerosols)"]},"reference":"f876e5dd-cd2d-3030-e50a-5bb93a7ccb76","status":"published","title":"Oct 24 (primary vs secondary aerosols) - page 1","note":"","source":"https://quizzeslti.wiris.net/njit.edu/question/question.php?id=319701&courseid=200","dynamic_content_data":""}