{"definition":{"widgets":[{"reference":"9b381685-0fe7-0819-6f6d-9b91985592cd"}],"template":"dynamic"},"questions":[{"type":"mcq","reference":"9b381685-0fe7-0819-6f6d-9b91985592cd"}],"features":[],"tags":{"Migration status":["Not started"],"Import status":["Complete"],"Moodle question type":["multichoice"],"Moodle flag":["Not used in any quiz"],"category":["top/BH 9 Chemical Bonds"]},"reference":"f8e627b9-a051-dfa8-5fb8-dd36a62f675c","status":"published","title":"CB 1g LS","note":"","source":"https://quizzeslti.wiris.net/njit.edu/question/question.php?id=319792&courseid=200","dynamic_content_data":[]}