{"definition":{"widgets":[{"reference":"35eb30d5-cf62-5675-4884-10adb410548f"}],"template":"dynamic"},"questions":[{"type":"formulaV2","reference":"35eb30d5-cf62-5675-4884-10adb410548f"}],"features":[],"tags":{"Migration status":["Not started"],"Import status":["Complete"],"Moodle question type":["calculated"],"Moodle flag":["Not used in any quiz"],"category":["top/BH 3 Balance Equations"]},"reference":"f98961ef-3a42-816a-147e-2bcbe0add219","status":"published","title":"Balanced equation, proportion 1b","note":"","source":"https://quizzeslti.wiris.net/njit.edu/question/question.php?id=319733&courseid=200","dynamic_content_data":{"cols":["a","dd","b","c","d","ans0"],"rows":{"8bd8ec5f-5547-19b1-40d2-35e911489f26":{"index":0,"values":["1","0.15","2","2","2","0.075"]},"3f2d9ad7-fa03-991c-85e3-a7561863a8b8":{"index":1,"values":["6","0.30","4","8","2","0.45"]},"3a89cc04-32ea-1166-852e-dec34f49454c":{"index":2,"values":["5","0.43","4","7","2","0.5375"]},"d46bfacb-735a-5cdc-e9bd-22c832e6636e":{"index":3,"values":["5","0.44","4","7","3","0.55"]},"909c51f0-5d13-d469-a9f6-36b5de64af6c":{"index":4,"values":["2","0.71","2","7","2","0.71"]},"6dc9ae5f-d6ad-dee2-a5ff-b7fb786c67dd":{"index":5,"values":["1","0.74","5","6","2","0.148"]},"15d99b02-6f3e-eaea-f736-7d9d853db092":{"index":6,"values":["4","0.59","3","6","3","0.78666667"]},"3bbcaab0-d55b-6974-f4ab-dc96ee29e15f":{"index":7,"values":["3","0.19","3","7","3","0.19"]},"b0f674b9-86cb-8db7-8afc-e18483fa37f2":{"index":8,"values":["2","0.60","3","8","2","0.4"]},"bfd0a39c-3009-ae5e-4dad-fd256ee4de1e":{"index":9,"values":["3","0.43","3","3","2","0.43"]},"7ed17e5c-f227-3f94-1d65-1802b4b127e9":{"index":10,"values":["4","0.22","4","4","3","0.22"]},"722b7607-7a37-4bb7-8231-304c79e8c066":{"index":11,"values":["4","0.69","4","6","3","0.69"]},"12bf6e4a-33d7-0c81-9a86-3197adb5b6dd":{"index":12,"values":["3","0.27","3","8","3","0.27"]},"72b3aef4-6bf2-0cdd-1db2-2e09941f7d57":{"index":13,"values":["4","0.72","2","3","3","1.44"]},"f64e5d6a-8547-a3ab-65db-67666ec2e515":{"index":14,"values":["9","0.54","5","3","3","0.972"]},"b709232e-fc35-e869-0c0e-01910f895cfc":{"index":15,"values":["2","0.21","5","6","3","0.084"]},"d049822c-c872-c5a5-54c5-35e9d1da7d8f":{"index":16,"values":["4","0.70","3","7","2","0.93333333"]},"49e13e46-1790-bc26-2233-2b1c00ff336b":{"index":17,"values":["2","0.43","4","5","3","0.215"]},"66cdbb6e-a5af-9b52-9547-77dbd414b6df":{"index":18,"values":["4","0.51","2","8","3","1.02"]},"34708eb0-9dd7-8da4-af93-febfae7887b1":{"index":19,"values":["3","0.84","4","4","2","0.63"]},"92ffbe37-a11d-fb78-f389-6ba6f5835f35":{"index":20,"values":["3","0.66","5","8","2","0.396"]},"079d3fb8-0ca8-9181-429d-8844c95ed425":{"index":21,"values":["9","0.62","4","5","2","1.395"]},"69907cd1-7bf0-0d29-9682-981805d90da4":{"index":22,"values":["5","0.84","5","8","2","0.84"]},"d5ad8fc2-038a-9eb1-884c-6e9c96facefb":{"index":23,"values":["5","0.24","2","8","2","0.6"]},"628efd9a-d5ee-487d-8935-85e1165a2914":{"index":24,"values":["8","0.52","4","5","2","1.04"]},"6b3b7da1-9672-9c9d-c274-4965609cbfe9":{"index":25,"values":["3","0.48","4","9","3","0.36"]},"425e2123-2e26-2548-9e2b-09d9902a8dd8":{"index":26,"values":["5","0.27","4","7","3","0.3375"]},"0564ddfe-7a26-9837-8c80-93731f0adb3f":{"index":27,"values":["3","0.34","3","7","3","0.34"]},"11161b25-a35d-d30d-be40-e54b1a1f0016":{"index":28,"values":["4","0.62","4","6","2","0.62"]},"2a8e4c95-24bf-197d-362c-51cd4bb71e21":{"index":29,"values":["6","0.74","4","2","3","1.11"]},"62745a84-7c0d-0fec-60dd-ff572995d836":{"index":30,"values":["3","0.30","4","4","2","0.225"]},"b03bb9a4-707d-85d9-3a89-42e1fef2665f":{"index":31,"values":["3","0.55","3","9","2","0.55"]},"0a21f902-9707-0780-4181-fce7ed55a4dd":{"index":32,"values":["8","0.58","3","6","2","1.54666667"]},"58578b4b-caac-bd64-9347-7d1c50a25f6f":{"index":33,"values":["4","0.26","3","2","3","0.34666667"]},"701d9f05-3933-6499-3205-25e1c8c58cb7":{"index":34,"values":["1","0.51","5","4","3","0.102"]},"89ddf952-5d39-111a-43ef-eb5b69832b06":{"index":35,"values":["4","0.22","3","8","2","0.29333333"]},"90691f2b-47c5-71d9-1f83-921817929125":{"index":36,"values":["5","0.76","2","5","3","1.9"]},"ed2d8b73-1ea0-b31e-b75b-5d744273ca3d":{"index":37,"values":["6","0.84","5","8","3","1.008"]},"43200a05-c9d1-73b2-fba7-afb26972c3f7":{"index":38,"values":["5","0.30","3","5","3","0.5"]},"586b5362-7481-b771-b795-a63f0c7100f2":{"index":39,"values":["7","0.33","4","8","2","0.5775"]},"ed1008a8-020c-7e12-d3a6-9cfc0ee425e5":{"index":40,"values":["5","0.46","3","5","2","0.76666667"]},"132c12ae-3147-60f5-d926-b7f59232cfe4":{"index":41,"values":["9","0.36","2","7","2","1.62"]},"9928b17e-1cd6-cd35-8b0c-61ed245e75dd":{"index":42,"values":["2","0.75","3","5","3","0.5"]},"f37564cc-4531-fa19-bbdf-ff65a87431ec":{"index":43,"values":["8","0.23","2","6","2","0.92"]},"18817f57-b756-35fe-2f59-ff7e2e093555":{"index":44,"values":["3","0.18","4","6","3","0.135"]},"ef98a191-0298-a35f-6aa3-98fcad860b45":{"index":45,"values":["6","0.32","5","8","3","0.384"]},"37e3b1cf-70d9-bce7-538b-77217125b85d":{"index":46,"values":["3","0.66","3","3","3","0.66"]},"e72a628c-5498-c7d2-6e57-9698c43cf54b":{"index":47,"values":["7","0.67","3","6","3","1.56333333"]},"655bdc36-5b5d-73c1-02a9-9ac32b573b7b":{"index":48,"values":["3","0.77","4","6","2","0.5775"]},"f248dac2-03c4-23b3-78c7-c727770cd522":{"index":49,"values":["7","0.82","4","4","2","1.435"]},"ac9daa7a-b704-3a96-66db-ec390af5cb68":{"index":50,"values":["9","0.66","4","2","2","1.485"]},"4c6af0bb-1912-1deb-1483-5f03c3092feb":{"index":51,"values":["5","0.77","3","2","2","1.28333333"]},"df1db160-d5c1-ab84-61dd-7257ef099961":{"index":52,"values":["7","0.62","3","2","3","1.44666667"]},"1be7dceb-65c7-ee5c-1228-a64f7365612c":{"index":53,"values":["2","0.53","2","7","3","0.53"]},"02d1ab81-99f0-389e-71c1-c1544b16b6f1":{"index":54,"values":["3","0.64","3","5","2","0.64"]},"4499aa4a-f094-39fc-0b21-a2c202698ae2":{"index":55,"values":["6","0.68","2","2","2","2.04"]},"72478598-b83c-8db3-0cd2-a6c864d8a199":{"index":56,"values":["2","0.36","3","5","2","0.24"]},"1d9b9372-5b5e-5711-2b24-bcc57c69bf39":{"index":57,"values":["4","0.16","2","4","2","0.32"]},"20dd7c0f-807c-cad2-d120-dd8e660bf8d6":{"index":58,"values":["2","0.72","5","7","2","0.288"]},"26780952-08b3-6c81-2c9a-45287927e4fd":{"index":59,"values":["7","0.62","4","2","2","1.085"]}}}}