{"definition":{"widgets":[{"reference":"1ebf6d8d-874a-1808-2998-fccaf5580d86"}],"template":"dynamic"},"questions":[{"type":"clozetext","reference":"1ebf6d8d-874a-1808-2998-fccaf5580d86"}],"features":[],"tags":{"Migration status":["Not started"],"Import status":["Incomplete"],"Moodle question type":["shortanswerwiris"],"Moodle flag":["Used in a quiz explicitely","Duplicate, already included in a bundled item and not a random variant"],"category":["top/Default for CHEM 360 Master Course"]},"reference":"f9d0f0f1-c1c4-7c83-8ff5-166143229b0d","status":"published","title":"EX2Q18 (INCOMPLETE)","note":"","source":"https://quizzeslti.wiris.net/njit.edu/question/question.php?id=319667&courseid=200","dynamic_content_data":[]}