{"definition":{"widgets":[{"reference":"096c7588-f92f-0667-55cb-6e7c0444b384"}],"template":"dynamic"},"questions":[{"type":"mcq","reference":"096c7588-f92f-0667-55cb-6e7c0444b384"}],"features":[],"tags":{"Migration status":["Not started"],"Import status":["Complete"],"Moodle question type":["multichoice"],"Moodle flag":["Not used in any quiz"],"category":["top/BH 9 Chemical Bonds"]},"reference":"fb0ab25a-e3c5-a7d6-7ea4-a94e6837ad7b","status":"published","title":"CB 4d Ionic compounds 1","note":"","source":"https://quizzeslti.wiris.net/njit.edu/question/question.php?id=319802&courseid=200","dynamic_content_data":[]}