{"definition":{"widgets":[{"reference":"4c30a776-23d2-ae68-7467-a448ce2e6ccd"}],"template":"dynamic"},"questions":[{"type":"clozetext","reference":"4c30a776-23d2-ae68-7467-a448ce2e6ccd"}],"features":[],"tags":{"Migration status":["Not started"],"Import status":["Incomplete"],"Moodle question type":["shortanswerwiris"],"Moodle flag":["Used in a quiz explicitely","Duplicate, already included in a bundled item and not a random variant"],"category":["top/Default for CHEM 360 Master Course"]},"reference":"fb63ee7e-8f52-885f-ecce-d51704830bde","status":"published","title":"Atmospheric pressure at sea level (INCOMPLETE)","note":"","source":"https://quizzeslti.wiris.net/njit.edu/question/question.php?id=319683&courseid=200","dynamic_content_data":[]}