{"definition":{"widgets":[{"reference":"7dea0329-b606-8b2a-1d22-cb75233759d5"},{"reference":"96a7d4b9-e390-7cc7-31e5-ba41df84818d"},{"reference":"0e3f3cc0-3160-9c21-8104-1069c283c964"},{"reference":"3b06e630-7e35-9c63-3983-628dc9af8d45"}],"template":"dynamic"},"questions":[{"type":"clozetext","reference":"7dea0329-b606-8b2a-1d22-cb75233759d5"},{"type":"mcq","reference":"96a7d4b9-e390-7cc7-31e5-ba41df84818d"},{"type":"clozetext","reference":"0e3f3cc0-3160-9c21-8104-1069c283c964"},{"type":"clozetext","reference":"3b06e630-7e35-9c63-3983-628dc9af8d45"}],"features":[],"tags":{"Migration status":["Not started"],"Import status":["Incomplete"],"Moodle question type":["quizpage","matchwiris","multichoicewiris","shortanswerwiris"],"Moodle flag":["Used in a quiz explicitely"],"category":["disconnect"]},"reference":"fbdb5fda-738b-efcc-ddf2-0b343b407ce6","status":"published","title":"disconnect - page 1","note":"","source":"https://quizzeslti.wiris.net/njit.edu/question/question.php?id=319642&courseid=200,https://quizzeslti.wiris.net/njit.edu/question/question.php?id=319643&courseid=200,https://quizzeslti.wiris.net/njit.edu/question/question.php?id=319644&courseid=200,https://quizzeslti.wiris.net/njit.edu/question/question.php?id=319676&courseid=200","dynamic_content_data":""}