{"definition":{"widgets":[{"reference":"5d4618b3-e2a2-f291-73bb-212299c32868"}],"template":"dynamic"},"questions":[{"type":"clozetext","reference":"5d4618b3-e2a2-f291-73bb-212299c32868"}],"features":[],"tags":{"Migration status":["Not started"],"Import status":["Incomplete"],"Moodle question type":["shortanswerwiris"],"Moodle flag":["Not used in any quiz"],"category":["top/Default for CHEM 360 Master Course"]},"reference":"fc2d348b-f7b8-dcf3-fd0f-9affc2ca5cb2","status":"published","title":"Q1Q2 (INCOMPLETE)","note":"","source":"https://quizzeslti.wiris.net/njit.edu/question/question.php?id=319523&courseid=200","dynamic_content_data":[]}