{"definition":{"widgets":[{"reference":"47da4f31-c680-c614-8485-4c41d0552b13"}],"template":"dynamic"},"questions":[{"type":"mcq","reference":"47da4f31-c680-c614-8485-4c41d0552b13"}],"features":[],"tags":{"Migration status":["Not started"],"Import status":["Complete"],"Moodle question type":["multichoicewiris"],"Moodle flag":["Not used in any quiz"],"category":["top/BH 1 Multiplication by 1"]},"reference":"fcc58ee6-b2d0-d9be-1d62-ddd33929c0e2","status":"published","title":"Problem Solving Podcast","note":"","source":"https://quizzeslti.wiris.net/njit.edu/question/question.php?id=319716&courseid=200","dynamic_content_data":[]}