{"definition":{"widgets":[{"reference":"27b596e1-762c-fa6f-35fb-76a8e68ddd49"}],"template":"dynamic"},"questions":[{"type":"mcq","reference":"27b596e1-762c-fa6f-35fb-76a8e68ddd49"}],"features":[],"tags":{"Migration status":["Not started"],"Import status":["Complete"],"Moodle question type":["multichoicewiris"],"Moodle flag":["Used in a quiz explicitely","Duplicate, already included in a bundled item and not a random variant"],"category":["top/Default for CHEM 360 Master Course"]},"reference":"fd91edd2-e8cf-6fbc-04d6-17915657cb6f","status":"published","title":"EX1Q8","note":"","source":"https://quizzeslti.wiris.net/njit.edu/question/question.php?id=319572&courseid=200","dynamic_content_data":[]}