{"definition":{"widgets":[{"reference":"4062e280-6557-c334-d17c-b3b7db1b45aa"},{"reference":"9cb21b26-6365-0c7c-f7ee-a3d92ed55bd8"},{"reference":"19d1845f-858d-a94c-8c2f-1d7f3e968ccd"},{"reference":"44e8c48f-7bc9-e3e0-ee42-a3b6ab63e0e9"},{"reference":"d4f3c639-dc0e-9e23-802a-90c3f0c15249"},{"reference":"f28165e9-7244-d009-29e7-2c2ab2f42e06"},{"reference":"7852a1c5-e503-2892-00d3-6f9d29724214"},{"reference":"e595473e-1002-65bd-918d-3d22a36b97e3"},{"reference":"278feeb8-0b3a-41ed-3080-e772cce51ae5"},{"reference":"b8ce2c29-d62a-1f2e-4a86-d322437b2f50"},{"reference":"0f28e352-fe36-2d42-deb0-040d294dca63"},{"reference":"496e493a-1c0a-bc81-814e-88581f635285"},{"reference":"518f968d-6390-c366-8d64-8885574ad72d"},{"reference":"0a0511d9-4590-fb56-24ba-d03f7c635d96"},{"reference":"04ee7b8f-791f-3fd8-9133-d4558dc457b3"},{"reference":"f41ab521-9d5d-36a8-4bb4-c5480a230a91"},{"reference":"7c27aeec-30e7-069b-b35b-99f0c5a4cdf0"}],"template":"dynamic"},"questions":[{"type":"mcq","reference":"4062e280-6557-c334-d17c-b3b7db1b45aa"},{"type":"mcq","reference":"9cb21b26-6365-0c7c-f7ee-a3d92ed55bd8"},{"type":"clozetext","reference":"19d1845f-858d-a94c-8c2f-1d7f3e968ccd"},{"type":"longtextV2","reference":"44e8c48f-7bc9-e3e0-ee42-a3b6ab63e0e9"},{"type":"mcq","reference":"d4f3c639-dc0e-9e23-802a-90c3f0c15249"},{"type":"association","reference":"f28165e9-7244-d009-29e7-2c2ab2f42e06"},{"type":"association","reference":"7852a1c5-e503-2892-00d3-6f9d29724214"},{"type":"mcq","reference":"e595473e-1002-65bd-918d-3d22a36b97e3"},{"type":"mcq","reference":"278feeb8-0b3a-41ed-3080-e772cce51ae5"},{"type":"association","reference":"b8ce2c29-d62a-1f2e-4a86-d322437b2f50"},{"type":"association","reference":"0f28e352-fe36-2d42-deb0-040d294dca63"},{"type":"longtextV2","reference":"496e493a-1c0a-bc81-814e-88581f635285"},{"type":"clozetext","reference":"518f968d-6390-c366-8d64-8885574ad72d"},{"type":"clozetext","reference":"0a0511d9-4590-fb56-24ba-d03f7c635d96"},{"type":"clozetext","reference":"04ee7b8f-791f-3fd8-9133-d4558dc457b3"},{"type":"clozetext","reference":"f41ab521-9d5d-36a8-4bb4-c5480a230a91"},{"type":"clozetext","reference":"7c27aeec-30e7-069b-b35b-99f0c5a4cdf0"}],"features":[],"tags":{"Migration status":["Not started"],"Import status":["Incomplete"],"Moodle question type":["quizpage","truefalsewiris","multichoicewiris","multianswerwiris","essaywiris","matchwiris","shortanswerwiris"],"Moodle flag":["Used in a quiz explicitely"],"category":["Midterm exam - extra time"]},"reference":"fd97e8b2-4597-42c2-dd09-89dcb21e05e8","status":"published","title":"Midterm exam - extra time - page 1","note":"","source":"https://quizzeslti.wiris.net/njit.edu/question/question.php?id=319570&courseid=200,https://quizzeslti.wiris.net/njit.edu/question/question.php?id=319559&courseid=200,https://quizzeslti.wiris.net/njit.edu/question/question.php?id=319560&courseid=200,https://quizzeslti.wiris.net/njit.edu/question/question.php?id=319567&courseid=200,https://quizzeslti.wiris.net/njit.edu/question/question.php?id=319566&courseid=200,https://quizzeslti.wiris.net/njit.edu/question/question.php?id=319568&courseid=200,https://quizzeslti.wiris.net/njit.edu/question/question.php?id=319569&courseid=200,https://quizzeslti.wiris.net/njit.edu/question/question.php?id=319571&courseid=200,https://quizzeslti.wiris.net/njit.edu/question/question.php?id=319572&courseid=200,https://quizzeslti.wiris.net/njit.edu/question/question.php?id=319573&courseid=200,https://quizzeslti.wiris.net/njit.edu/question/question.php?id=319574&courseid=200,https://quizzeslti.wiris.net/njit.edu/question/question.php?id=319575&courseid=200,https://quizzeslti.wiris.net/njit.edu/question/question.php?id=319576&courseid=200,https://quizzeslti.wiris.net/njit.edu/question/question.php?id=319579&courseid=200,https://quizzeslti.wiris.net/njit.edu/question/question.php?id=319580&courseid=200,https://quizzeslti.wiris.net/njit.edu/question/question.php?id=319581&courseid=200,https://quizzeslti.wiris.net/njit.edu/question/question.php?id=319582&courseid=200","dynamic_content_data":""}