{"definition":{"widgets":[{"reference":"a8a5830f-e19d-8850-d81c-6956bbec0c15"}],"template":"dynamic"},"questions":[{"type":"clozetext","reference":"a8a5830f-e19d-8850-d81c-6956bbec0c15"}],"features":[],"tags":{"Migration status":["Not started"],"Import status":["Incomplete"],"Moodle question type":["shortanswerwiris"],"Moodle flag":["Used in a quiz explicitely","Duplicate, already included in a bundled item and not a random variant"],"category":["top/Default for CHEM 360 Master Course"]},"reference":"fe3eb069-08d3-b8f3-84eb-0db5fb66553c","status":"published","title":"Sep 29 (INCOMPLETE)","note":"","source":"https://quizzeslti.wiris.net/njit.edu/question/question.php?id=319684&courseid=200","dynamic_content_data":[]}