{"definition":{"widgets":[{"reference":"95e13942-6e7c-68ea-b73a-57e80f39d664"}],"template":"dynamic"},"questions":[{"type":"clozetext","reference":"95e13942-6e7c-68ea-b73a-57e80f39d664"}],"features":[],"tags":{"Migration status":["Not started"],"Import status":["Incomplete"],"Moodle question type":["shortanswerwiris"],"Moodle flag":["Used in a quiz explicitely","Duplicate, already included in a bundled item and not a random variant"],"category":["top/Default for CHEM 360 Master Course"]},"reference":"fedc2601-501e-3225-1fe8-8d81aca95eed","status":"published","title":"Sep 20 (INCOMPLETE)","note":"","source":"https://quizzeslti.wiris.net/njit.edu/question/question.php?id=319680&courseid=200","dynamic_content_data":[]}