{"definition":{"widgets":[{"reference":"d031f56d-1fa4-382d-b3b0-26a206939681"}],"template":"dynamic"},"questions":[{"type":"mcq","reference":"d031f56d-1fa4-382d-b3b0-26a206939681"}],"features":[],"tags":{"Migration status":["Not started"],"Import status":["Complete"],"Moodle question type":["multichoicewiris"],"Moodle flag":["Used in a quiz explicitely","Duplicate, already included in a bundled item and not a random variant"],"category":["top/Default for CHEM 360 Master Course"]},"reference":"ff2e797e-b3b4-7de6-3d34-4a14025f94ce","status":"published","title":"HW5Q4","note":"","source":"https://quizzeslti.wiris.net/njit.edu/question/question.php?id=319591&courseid=200","dynamic_content_data":[]}