{"definition":{"widgets":[{"reference":"7606384f-ef9c-b540-fd01-48efc792d07b"}],"template":"dynamic"},"questions":[{"type":"clozetext","reference":"7606384f-ef9c-b540-fd01-48efc792d07b"}],"features":[],"tags":{"Migration status":["Not started"],"Import status":["Incomplete"],"Moodle question type":["shortanswerwiris"],"Moodle flag":["Used in a quiz explicitely","Duplicate, already included in a bundled item and not a random variant"],"category":["top/Default for CHEM 360 Master Course"]},"reference":"ff3f827f-93f0-5896-49a3-ce8cf2eb73b2","status":"published","title":"Probabilities 2 (INCOMPLETE)","note":"","source":"https://quizzeslti.wiris.net/njit.edu/question/question.php?id=319456&courseid=200","dynamic_content_data":[]}