{"definition":{"widgets":[{"reference":"a9f956b7-7597-58b5-3338-96424dbd1526"}],"template":"dynamic"},"questions":[{"type":"mcq","reference":"a9f956b7-7597-58b5-3338-96424dbd1526"}],"features":[],"tags":{"Migration status":["Not started"],"Import status":["Complete"],"Moodle question type":["multichoice"],"Moodle flag":["Used in a quiz explicitely","Duplicate, already included in a bundled item and not a random variant"],"category":["top/BH 9 Chemical Bonds"]},"reference":"ff985ec5-0a66-7a2b-f102-ea7bf0b96479","status":"published","title":"CB 3 LS resonance forms","note":"","source":"https://quizzeslti.wiris.net/njit.edu/question/question.php?id=319797&courseid=200","dynamic_content_data":[]}