{"data":{"items":["3dece241-f2ea-25dc-4b35-4498c60ce701"],"config":{"navigation":{"show_intro":true,"show_outro":true},"regions":"main","title":"(2) Home QUIZ on molecular compounds"},"rendering_type":"assess"},"tags":{"Import status":["Complete"]},"reference":"(2) Home QUIZ on molecular compounds -- c7c82d1c-04dd-afb8-0acb-de0af361f913","status":"published","title":"(2) Home QUIZ on molecular compounds","description":"Moodle source url: https://quizzeslti.wiris.net/njit.edu/mod/quiz/view.php?q=3331\n"}