{"data":{"items":["4eafc417-1a81-20f8-21ec-da3337dc0c95"],"config":{"navigation":{"show_intro":true,"show_outro":true},"regions":"main","title":"(5) Home QUIZ on Lewis structures and bonding"},"rendering_type":"assess"},"tags":{"Import status":["Complete"]},"reference":"(5) Home QUIZ on Lewis structures and bonding -- cc171704-e5f2-1481-c65a-67a0962cb459","status":"published","title":"(5) Home QUIZ on Lewis structures and bonding","description":"Moodle source url: https://quizzeslti.wiris.net/njit.edu/mod/quiz/view.php?q=3334\n"}