{"data":{"items":["83ee85a4-325a-2942-bf30-6dc8575d85cd"],"config":{"navigation":{"show_intro":true,"show_outro":true},"regions":"main","title":"Nov 30 (ozone depleting chemicals)"},"rendering_type":"assess"},"tags":{"Import status":["Complete"]},"reference":"Nov 30 (ozone depleting chemicals) -- c9107632-4f1e-9eda-4ab7-08fee8613ef1","status":"published","title":"Nov 30 (ozone depleting chemicals)","description":"Moodle source url: https://quizzeslti.wiris.net/njit.edu/mod/quiz/view.php?q=3381\n"}