{"data":{"items":["d3a708d4-3a38-affe-6afa-d3c8d7728a28"],"config":{"navigation":{"show_intro":true,"show_outro":true},"regions":"main","title":"Oct 25 (climate change: signs versus impacts)"},"rendering_type":"assess"},"tags":{"Import status":["Incomplete"]},"reference":"Oct 25 (climate change: signs versus impacts) -- f954803e-8852-ea94-5702-c2c4f5efc3c5","status":"published","title":"Oct 25 (climate change: signs versus impacts)","description":"Moodle source url: https://quizzeslti.wiris.net/njit.edu/mod/quiz/view.php?q=3368\n"}