{"data":{"items":["f6806fb1-f592-f0c2-b794-13e45a57e060"],"config":{"navigation":{"show_intro":true,"show_outro":true},"regions":"main","title":"Oct 6 lifetime and transport scale of CO"},"rendering_type":"assess"},"tags":{"Import status":["Incomplete"]},"reference":"Oct 6 lifetime and transport scale of CO -- 69dd32b6-c66f-7f7a-ec39-db71b879e9c8","status":"published","title":"Oct 6 lifetime and transport scale of CO","description":"Moodle source url: https://quizzeslti.wiris.net/njit.edu/mod/quiz/view.php?q=3366\n"}