{"data":{"items":["f876e5dd-cd2d-3030-e50a-5bb93a7ccb76"],"config":{"navigation":{"show_intro":true,"show_outro":true},"regions":"main","title":"Oct 24 (primary vs secondary aerosols)"},"rendering_type":"assess"},"tags":{"Import status":["Incomplete"]},"reference":"Oct 24 (primary vs secondary aerosols) -- 3d952b9c-acc3-0efd-0256-e1571d6cec86","status":"published","title":"Oct 24 (primary vs secondary aerosols)","description":"Moodle source url: https://quizzeslti.wiris.net/njit.edu/mod/quiz/view.php?q=3375\n"}