{"data":{"items":["65e8722e-b3fc-c299-784f-8b5f9d26b489"],"config":{"navigation":{"show_intro":true,"show_outro":true},"regions":"main","title":"Pre-class for Oct 3 (Earth surface temperature)"},"rendering_type":"assess"},"tags":{"Import status":["Incomplete"]},"reference":"Pre-class for Oct 3 (Earth surface temperature) -- d65143f9-4c16-ea03-af8a-3d4b5bb8393e","status":"published","title":"Pre-class for Oct 3 (Earth surface temperature)","description":"Moodle source url: https://quizzeslti.wiris.net/njit.edu/mod/quiz/view.php?q=3364\n"}