{"data":{"items":["8e9b784d-89a2-0dc4-a911-9e6bc44adb89"],"config":{"navigation":{"show_intro":true,"show_outro":true},"regions":"main","title":"Pre-class for Sep 27 - water mixing ratio"},"rendering_type":"assess"},"tags":{"Import status":["Incomplete"]},"reference":"Pre-class for Sep 27 - water mixing ratio -- 1d3fb4e9-8695-aec6-4c0f-1f5b7b0781aa","status":"published","title":"Pre-class for Sep 27 - water mixing ratio","description":"Moodle source url: https://quizzeslti.wiris.net/njit.edu/mod/quiz/view.php?q=3676\n"}