{"data":{"items":["72bdf960-50c6-bb59-81de-8002f6b59498"],"config":{"navigation":{"show_intro":true,"show_outro":true},"regions":"main","title":"Sep 20 fraction of gasoline lost in the 1950s cars"},"rendering_type":"assess"},"tags":{"Import status":["Incomplete"]},"reference":"Sep 20 fraction of gasoline lost in the 1950s cars -- 476e0d5f-1987-f06c-8f4b-6a616d8e2815","status":"published","title":"Sep 20 fraction of gasoline lost in the 1950s cars","description":"Moodle source url: https://quizzeslti.wiris.net/njit.edu/mod/quiz/view.php?q=3359\n"}