{"data":{"items":["83544b77-f39b-9515-479a-67ff1bcac2fb"],"config":{"navigation":{"show_intro":true,"show_outro":true},"regions":"main","title":"Sep 29 Calculate the atmospheric pressure at a higher altitude"},"rendering_type":"assess"},"tags":{"Import status":["Incomplete"]},"reference":"Sep 29 Calculate the atmospheric pressure at a higher altitude -- e474e042-1301-5da2-d8f1-c55cf96bac68","status":"published","title":"Sep 29 Calculate the atmospheric pressure at a higher altitude","description":"Moodle source url: https://quizzeslti.wiris.net/njit.edu/mod/quiz/view.php?q=3363\n"}