{"data":{"items":["5707fa64-652f-2cea-a945-269fa68a4a12"],"config":{"navigation":{"show_intro":true,"show_outro":true},"regions":"main","title":"Sep 13 lifting and lowering concrete blocks"},"rendering_type":"assess"},"tags":{"Import status":["Incomplete"]},"reference":"Sep 13 lifting and lowering concrete blocks -- 3b7dfd6b-7a66-5c56-c7a3-0af4f790d108","status":"published","title":"Sep 13 lifting and lowering concrete blocks","description":"Moodle source url: https://quizzeslti.wiris.net/njit.edu/mod/quiz/view.php?q=3674\n"}