{"data":{"items":["989e548d-f1cb-6aa9-6467-d67939286fd5"],"config":{"navigation":{"show_intro":true,"show_outro":true},"regions":"main","title":"Sep 27 the mixing ratio and number density in ground air and at a higher altitude"},"rendering_type":"assess"},"tags":{"Import status":["Incomplete"]},"reference":"Sep 27 the mixing ratio and number density in ground air and at a higher altitude -- a028369f-b745-2f5f-1be6-d3876f5f3a00","status":"published","title":"Sep 27 the mixing ratio and number density in ground air and at a higher altitude","description":"Moodle source url: https://quizzeslti.wiris.net/njit.edu/mod/quiz/view.php?q=3361\n"}