{"data":{"items":["56573dda-81ba-9504-b6ba-b0d0700d628a"],"config":{"navigation":{"show_intro":true,"show_outro":true},"regions":"main","title":"Sept 22 chemicals to distinguish between the modern and early Earth atmospheres"},"rendering_type":"assess"},"tags":{"Import status":["Complete"]},"reference":"Sept 22 chemicals to distinguish between the modern and early Earth atmospheres -- 67f4c218-0417-12c6-d4c6-ab37c9e8d0ba","status":"published","title":"Sept 22 chemicals to distinguish between the modern and early Earth atmospheres","description":"Moodle source url: https://quizzeslti.wiris.net/njit.edu/mod/quiz/view.php?q=3360\n"}